[Pass 1] FAIL Actions.sql: Msg 2714, Level 16, State 6, Server DESKTOP-BOF7AOF\LOCALDB#B10938FE, Line 1
There is already an object named 'Actions' in the database.
[Pass 1] FAIL AuditLogs.sql: Msg 1767, Level 16, State 1, Server DESKTOP-BOF7AOF\LOCALDB#B10938FE, Line 2
Foreign key 'FK_AuditLogs_CompanyId' references invalid table 'Companies'.
Msg 1750, Level 16, State 1, Server DESKTOP-BOF7AOF\LOCALDB#B10938FE, Line 2
Could not create constraint or index. See previous errors.
[Pass 1] FAIL Audits.sql: Msg 2714, Level 16, State 6, Server DESKTOP-BOF7AOF\LOCALDB#B10938FE, Line 1
There is already an object named 'Audits' in the database.
[Pass 1] FAIL AuditSiteAudits.sql: Msg 1767, Level 16, State 1, Server DESKTOP-BOF7AOF\LOCALDB#B10938FE, Line 2
Foreign key 'FK_AuditSiteAudits_SiteId' references invalid table 'Sites'.
Msg 1750, Level 16, State 1, Server DESKTOP-BOF7AOF\LOCALDB#B10938FE, Line 2
Could not create constraint or index. See previous errors.
[Pass 1] FAIL AuditSiteRepresentatives.sql: Msg 1767, Level 16, State 1, Server DESKTOP-BOF7AOF\LOCALDB#B10938FE, Line 2
Foreign key 'FK_AuditSiteRepresentatives_AuditSiteAuditId' references invalid table 'AuditSiteAudits'.
Msg 1750, Level 16, State 1, Server DESKTOP-BOF7AOF\LOCALDB#B10938FE, Line 2
Could not create constraint or index. See previous errors.
[Pass 1] FAIL AuditSites.sql: Msg 1767, Level 16, State 1, Server DESKTOP-BOF7AOF\LOCALDB#B10938FE, Line 2
Foreign key 'FK_AuditSites_SiteId' references invalid table 'Sites'.
Msg 1750, Level 16, State 1, Server DESKTOP-BOF7AOF\LOCALDB#B10938FE, Line 2
Could not create constraint or index. See previous errors.
[Pass 1] FAIL AuditSiteServices.sql: Msg 1767, Level 16, State 1, Server DESKTOP-BOF7AOF\LOCALDB#B10938FE, Line 2
Foreign key 'FK_AuditSiteServices_AuditSiteAuditId' references invalid table 'AuditSiteAudits'.
Msg 1750, Level 16, State 1, Server DESKTOP-BOF7AOF\LOCALDB#B10938FE, Line 2
Could not create constraint or index. See previous errors.
[Pass 1] FAIL AuditTeamMembers.sql: Msg 2714, Level 16, State 6, Server DESKTOP-BOF7AOF\LOCALDB#B10938FE, Line 2
There is already an object named 'AuditTeamMembers' in the database.
[Pass 1] FAIL AuditTypes.sql: Msg 2714, Level 16, State 6, Server DESKTOP-BOF7AOF\LOCALDB#B10938FE, Line 2
There is already an object named 'AuditTypes' in the database.
[Pass 1] FAIL CertificateAdditionalScopes.sql: Msg 1767, Level 16, State 1, Server DESKTOP-BOF7AOF\LOCALDB#B10938FE, Line 2
Foreign key 'FK_CertificateAdditionalScopes_CertificateId' references invalid table 'Certificates'.
Msg 1750, Level 16, State 1, Server DESKTOP-BOF7AOF\LOCALDB#B10938FE, Line 2
Could not create constraint or index. See previous errors.
[Pass 1] FAIL Certificates.sql: Msg 1767, Level 16, State 1, Server DESKTOP-BOF7AOF\LOCALDB#B10938FE, Line 2
Foreign key 'FK_Certificates_CompanyId' references invalid table 'Companies'.
Msg 1750, Level 16, State 1, Server DESKTOP-BOF7AOF\LOCALDB#B10938FE, Line 2
Could not create constraint or index. See previous errors.
[Pass 1] FAIL CertificateServices.sql: Msg 1767, Level 16, State 1, Server DESKTOP-BOF7AOF\LOCALDB#B10938FE, Line 2
Foreign key 'FK_CertificateServices_CertificateId' references invalid table 'Certificates'.
Msg 1750, Level 16, State 1, Server DESKTOP-BOF7AOF\LOCALDB#B10938FE, Line 2
Could not create constraint or index. See previous errors.
[Pass 1] FAIL CertificateSites.sql: Msg 1767, Level 16, State 1, Server DESKTOP-BOF7AOF\LOCALDB#B10938FE, Line 2
Foreign key 'FK_CertificateSites_CertificateId' references invalid table 'Certificates'.
Msg 1750, Level 16, State 1, Server DESKTOP-BOF7AOF\LOCALDB#B10938FE, Line 2
Could not create constraint or index. See previous errors.
[Pass 1] FAIL Chapters.sql: Msg 2714, Level 16, State 6, Server DESKTOP-BOF7AOF\LOCALDB#B10938FE, Line 2
There is already an object named 'Chapters' in the database.
[Pass 1] FAIL Clauses.sql: Msg 2714, Level 16, State 6, Server DESKTOP-BOF7AOF\LOCALDB#B10938FE, Line 2
There is already an object named 'Clauses' in the database.
[Pass 1] FAIL ContractSites.sql: Msg 1767, Level 16, State 1, Server DESKTOP-BOF7AOF\LOCALDB#B10938FE, Line 2
Foreign key 'FK_ContractSites_SiteId' references invalid table 'Sites'.
Msg 1750, Level 16, State 1, Server DESKTOP-BOF7AOF\LOCALDB#B10938FE, Line 2
Could not create constraint or index. See previous errors.
[Pass 1] FAIL Countries.sql: Msg 2714, Level 16, State 6, Server DESKTOP-BOF7AOF\LOCALDB#B10938FE, Line 2
There is already an object named 'Countries' in the database.
[Pass 1] FAIL ErrorLogs.sql: Msg 2714, Level 16, State 6, Server DESKTOP-BOF7AOF\LOCALDB#B10938FE, Line 2
There is already an object named 'ErrorLogs' in the database.
[Pass 1] FAIL FindingCategories.sql: Msg 2714, Level 16, State 6, Server DESKTOP-BOF7AOF\LOCALDB#B10938FE, Line 2
There is already an object named 'FindingCategories' in the database.
[Pass 1] FAIL FindingClauses.sql: Msg 1767, Level 16, State 1, Server DESKTOP-BOF7AOF\LOCALDB#B10938FE, Line 2
Foreign key 'FK_FindingClauses_FindingId' references invalid table 'Findings'.
Msg 1750, Level 16, State 1, Server DESKTOP-BOF7AOF\LOCALDB#B10938FE, Line 2
Could not create constraint or index. See previous errors.
[Pass 1] FAIL FindingFocusAreas.sql: Msg 1767, Level 16, State 1, Server DESKTOP-BOF7AOF\LOCALDB#B10938FE, Line 2
Foreign key 'FK_FindingFocusAreas_FindingId' references invalid table 'Findings'.
Msg 1750, Level 16, State 1, Server DESKTOP-BOF7AOF\LOCALDB#B10938FE, Line 2
Could not create constraint or index. See previous errors.
[Pass 1] FAIL FindingResponses.sql: Msg 1767, Level 16, State 1, Server DESKTOP-BOF7AOF\LOCALDB#B10938FE, Line 2
Foreign key 'FK_FindingResponses_FindingId' references invalid table 'Findings'.
Msg 1750, Level 16, State 1, Server DESKTOP-BOF7AOF\LOCALDB#B10938FE, Line 2
Could not create constraint or index. See previous errors.
[Pass 1] FAIL Findings.sql: Msg 1767, Level 16, State 1, Server DESKTOP-BOF7AOF\LOCALDB#B10938FE, Line 2
Foreign key 'FK_Findings_SiteId' references invalid table 'Sites'.
Msg 1750, Level 16, State 1, Server DESKTOP-BOF7AOF\LOCALDB#B10938FE, Line 2
Could not create constraint or index. See previous errors.
[Pass 1] FAIL FindingStatuses.sql: Msg 2714, Level 16, State 6, Server DESKTOP-BOF7AOF\LOCALDB#B10938FE, Line 2
There is already an object named 'FindingStatuses' in the database.
[Pass 1] FAIL FocusAreas.sql: Msg 2714, Level 16, State 6, Server DESKTOP-BOF7AOF\LOCALDB#B10938FE, Line 2
There is already an object named 'FocusAreas' in the database.
[Pass 1] FAIL InvoiceAuditLog.sql: Msg 1767, Level 16, State 1, Server DESKTOP-BOF7AOF\LOCALDB#B10938FE, Line 2
Foreign key 'FK_InvoiceAuditLog_InvoiceId' references invalid table 'Invoices'.
Msg 1750, Level 16, State 1, Server DESKTOP-BOF7AOF\LOCALDB#B10938FE, Line 2
Could not create constraint or index. See previous errors.
[Pass 1] FAIL NotificationCategories.sql: Msg 2714, Level 16, State 6, Server DESKTOP-BOF7AOF\LOCALDB#B10938FE, Line 2
There is already an object named 'NotificationCategories' in the database.
[Pass 1] FAIL Notifications.sql: Msg 1767, Level 16, State 1, Server DESKTOP-BOF7AOF\LOCALDB#B10938FE, Line 2
Foreign key 'FK_Notifications_SiteId' references invalid table 'Sites'.
Msg 1750, Level 16, State 1, Server DESKTOP-BOF7AOF\LOCALDB#B10938FE, Line 2
Could not create constraint or index. See previous errors.
[Pass 1] FAIL Roles.sql: Msg 2714, Level 16, State 6, Server DESKTOP-BOF7AOF\LOCALDB#B10938FE, Line 2
There is already an object named 'Roles' in the database.
[Pass 1] FAIL Services.sql: Msg 2714, Level 16, State 6, Server DESKTOP-BOF7AOF\LOCALDB#B10938FE, Line 2
There is already an object named 'Services' in the database.
[Pass 1] FAIL Trainings.sql: Msg 2714, Level 16, State 6, Server DESKTOP-BOF7AOF\LOCALDB#B10938FE, Line 2
There is already an object named 'Trainings' in the database.
[Pass 1] FAIL UserCountryAccess.sql: Msg 2714, Level 16, State 6, Server DESKTOP-BOF7AOF\LOCALDB#B10938FE, Line 2
There is already an object named 'UserCountryAccess' in the database.
[Pass 1] FAIL UserNotificationAccess.sql: Msg 2714, Level 16, State 6, Server DESKTOP-BOF7AOF\LOCALDB#B10938FE, Line 2
There is already an object named 'UserNotificationAccess' in the database.
[Pass 1] FAIL UserPreferences.sql: Msg 2714, Level 16, State 6, Server DESKTOP-BOF7AOF\LOCALDB#B10938FE, Line 2
There is already an object named 'UserPreferences' in the database.
[Pass 1] FAIL UserRoles.sql: Msg 2714, Level 16, State 6, Server DESKTOP-BOF7AOF\LOCALDB#B10938FE, Line 2
There is already an object named 'UserRoles' in the database.
[Pass 1] FAIL Users.sql: Msg 2714, Level 16, State 6, Server DESKTOP-BOF7AOF\LOCALDB#B10938FE, Line 2
There is already an object named 'Users' in the database.
[Pass 1] FAIL UserServiceAccess.sql: Msg 2714, Level 16, State 6, Server DESKTOP-BOF7AOF\LOCALDB#B10938FE, Line 2
There is already an object named 'UserServiceAccess' in the database.
[Pass 1] FAIL UserTrainings.sql: Msg 2714, Level 16, State 6, Server DESKTOP-BOF7AOF\LOCALDB#B10938FE, Line 2
There is already an object named 'UserTrainings' in the database.
[Pass 2] FAIL Actions.sql: Msg 2714, Level 16, State 6, Server DESKTOP-BOF7AOF\LOCALDB#B10938FE, Line 1
There is already an object named 'Actions' in the database.
[Pass 2] FAIL Audits.sql: Msg 2714, Level 16, State 6, Server DESKTOP-BOF7AOF\LOCALDB#B10938FE, Line 1
There is already an object named 'Audits' in the database.
[Pass 2] FAIL AuditServices.sql: Msg 2714, Level 16, State 6, Server DESKTOP-BOF7AOF\LOCALDB#B10938FE, Line 2
There is already an object named 'AuditServices' in the database.
[Pass 2] FAIL AuditTeamMembers.sql: Msg 2714, Level 16, State 6, Server DESKTOP-BOF7AOF\LOCALDB#B10938FE, Line 2
There is already an object named 'AuditTeamMembers' in the database.
[Pass 2] FAIL AuditTypes.sql: Msg 2714, Level 16, State 6, Server DESKTOP-BOF7AOF\LOCALDB#B10938FE, Line 2
There is already an object named 'AuditTypes' in the database.
[Pass 2] FAIL CertificateAdditionalScopes.sql: Msg 1767, Level 16, State 1, Server DESKTOP-BOF7AOF\LOCALDB#B10938FE, Line 2
Foreign key 'FK_CertificateAdditionalScopes_CertificateId' references invalid table 'Certificates'.
Msg 1750, Level 16, State 1, Server DESKTOP-BOF7AOF\LOCALDB#B10938FE, Line 2
Could not create constraint or index. See previous errors.
[Pass 2] FAIL Chapters.sql: Msg 2714, Level 16, State 6, Server DESKTOP-BOF7AOF\LOCALDB#B10938FE, Line 2
There is already an object named 'Chapters' in the database.
[Pass 2] FAIL Cities.sql: Msg 2714, Level 16, State 6, Server DESKTOP-BOF7AOF\LOCALDB#B10938FE, Line 2
There is already an object named 'Cities' in the database.
[Pass 2] FAIL Clauses.sql: Msg 2714, Level 16, State 6, Server DESKTOP-BOF7AOF\LOCALDB#B10938FE, Line 2
There is already an object named 'Clauses' in the database.
[Pass 2] FAIL Companies.sql: Msg 2714, Level 16, State 6, Server DESKTOP-BOF7AOF\LOCALDB#B10938FE, Line 2
There is already an object named 'Companies' in the database.
[Pass 2] FAIL Contracts.sql: Msg 2714, Level 16, State 6, Server DESKTOP-BOF7AOF\LOCALDB#B10938FE, Line 2
There is already an object named 'Contracts' in the database.
[Pass 2] FAIL ContractServices.sql: Msg 2714, Level 16, State 6, Server DESKTOP-BOF7AOF\LOCALDB#B10938FE, Line 2
There is already an object named 'ContractServices' in the database.
[Pass 2] FAIL Countries.sql: Msg 2714, Level 16, State 6, Server DESKTOP-BOF7AOF\LOCALDB#B10938FE, Line 2
There is already an object named 'Countries' in the database.
[Pass 2] FAIL ErrorLogs.sql: Msg 2714, Level 16, State 6, Server DESKTOP-BOF7AOF\LOCALDB#B10938FE, Line 2
There is already an object named 'ErrorLogs' in the database.
[Pass 2] FAIL Financials.sql: Msg 2714, Level 16, State 6, Server DESKTOP-BOF7AOF\LOCALDB#B10938FE, Line 2
There is already an object named 'Financials' in the database.
[Pass 2] FAIL FindingCategories.sql: Msg 2714, Level 16, State 6, Server DESKTOP-BOF7AOF\LOCALDB#B10938FE, Line 2
There is already an object named 'FindingCategories' in the database.
[Pass 2] FAIL FindingClauses.sql: Msg 1767, Level 16, State 1, Server DESKTOP-BOF7AOF\LOCALDB#B10938FE, Line 2
Foreign key 'FK_FindingClauses_FindingId' references invalid table 'Findings'.
Msg 1750, Level 16, State 1, Server DESKTOP-BOF7AOF\LOCALDB#B10938FE, Line 2
Could not create constraint or index. See previous errors.
[Pass 2] FAIL FindingFocusAreas.sql: Msg 1767, Level 16, State 1, Server DESKTOP-BOF7AOF\LOCALDB#B10938FE, Line 2
Foreign key 'FK_FindingFocusAreas_FindingId' references invalid table 'Findings'.
Msg 1750, Level 16, State 1, Server DESKTOP-BOF7AOF\LOCALDB#B10938FE, Line 2
Could not create constraint or index. See previous errors.
[Pass 2] FAIL FindingResponses.sql: Msg 1767, Level 16, State 1, Server DESKTOP-BOF7AOF\LOCALDB#B10938FE, Line 2
Foreign key 'FK_FindingResponses_FindingId' references invalid table 'Findings'.
Msg 1750, Level 16, State 1, Server DESKTOP-BOF7AOF\LOCALDB#B10938FE, Line 2
Could not create constraint or index. See previous errors.
[Pass 2] FAIL FindingStatuses.sql: Msg 2714, Level 16, State 6, Server DESKTOP-BOF7AOF\LOCALDB#B10938FE, Line 2
There is already an object named 'FindingStatuses' in the database.
[Pass 2] FAIL FocusAreas.sql: Msg 2714, Level 16, State 6, Server DESKTOP-BOF7AOF\LOCALDB#B10938FE, Line 2
There is already an object named 'FocusAreas' in the database.
[Pass 2] FAIL Invoices.sql: Msg 2714, Level 16, State 6, Server DESKTOP-BOF7AOF\LOCALDB#B10938FE, Line 2
There is already an object named 'Invoices' in the database.
[Pass 2] FAIL NotificationCategories.sql: Msg 2714, Level 16, State 6, Server DESKTOP-BOF7AOF\LOCALDB#B10938FE, Line 2
There is already an object named 'NotificationCategories' in the database.
[Pass 2] FAIL Roles.sql: Msg 2714, Level 16, State 6, Server DESKTOP-BOF7AOF\LOCALDB#B10938FE, Line 2
There is already an object named 'Roles' in the database.
[Pass 2] FAIL Services.sql: Msg 2714, Level 16, State 6, Server DESKTOP-BOF7AOF\LOCALDB#B10938FE, Line 2
There is already an object named 'Services' in the database.
[Pass 2] FAIL Sites.sql: Msg 2714, Level 16, State 6, Server DESKTOP-BOF7AOF\LOCALDB#B10938FE, Line 2
There is already an object named 'Sites' in the database.
[Pass 2] FAIL Trainings.sql: Msg 2714, Level 16, State 6, Server DESKTOP-BOF7AOF\LOCALDB#B10938FE, Line 2
There is already an object named 'Trainings' in the database.
[Pass 2] FAIL UserCityAccess.sql: Msg 2714, Level 16, State 6, Server DESKTOP-BOF7AOF\LOCALDB#B10938FE, Line 2
There is already an object named 'UserCityAccess' in the database.
[Pass 2] FAIL UserCompanyAccess.sql: Msg 2714, Level 16, State 6, Server DESKTOP-BOF7AOF\LOCALDB#B10938FE, Line 2
There is already an object named 'UserCompanyAccess' in the database.
[Pass 2] FAIL UserCountryAccess.sql: Msg 2714, Level 16, State 6, Server DESKTOP-BOF7AOF\LOCALDB#B10938FE, Line 2
There is already an object named 'UserCountryAccess' in the database.
[Pass 2] FAIL UserNotificationAccess.sql: Msg 2714, Level 16, State 6, Server DESKTOP-BOF7AOF\LOCALDB#B10938FE, Line 2
There is already an object named 'UserNotificationAccess' in the database.
[Pass 2] FAIL UserPreferences.sql: Msg 2714, Level 16, State 6, Server DESKTOP-BOF7AOF\LOCALDB#B10938FE, Line 2
There is already an object named 'UserPreferences' in the database.
[Pass 2] FAIL UserRoles.sql: Msg 2714, Level 16, State 6, Server DESKTOP-BOF7AOF\LOCALDB#B10938FE, Line 2
There is already an object named 'UserRoles' in the database.
[Pass 2] FAIL Users.sql: Msg 2714, Level 16, State 6, Server DESKTOP-BOF7AOF\LOCALDB#B10938FE, Line 2
There is already an object named 'Users' in the database.
[Pass 2] FAIL UserServiceAccess.sql: Msg 2714, Level 16, State 6, Server DESKTOP-BOF7AOF\LOCALDB#B10938FE, Line 2
There is already an object named 'UserServiceAccess' in the database.
[Pass 2] FAIL UserSiteAccess.sql: Msg 2714, Level 16, State 6, Server DESKTOP-BOF7AOF\LOCALDB#B10938FE, Line 2
There is already an object named 'UserSiteAccess' in the database.
[Pass 2] FAIL UserTrainings.sql: Msg 2714, Level 16, State 6, Server DESKTOP-BOF7AOF\LOCALDB#B10938FE, Line 2
There is already an object named 'UserTrainings' in the database.
[Pass 3] FAIL Actions.sql: Msg 2714, Level 16, State 6, Server DESKTOP-BOF7AOF\LOCALDB#B10938FE, Line 1
There is already an object named 'Actions' in the database.
[Pass 3] FAIL AuditLogs.sql: Msg 2714, Level 16, State 6, Server DESKTOP-BOF7AOF\LOCALDB#B10938FE, Line 2
There is already an object named 'AuditLogs' in the database.
[Pass 3] FAIL Audits.sql: Msg 2714, Level 16, State 6, Server DESKTOP-BOF7AOF\LOCALDB#B10938FE, Line 1
There is already an object named 'Audits' in the database.
[Pass 3] FAIL AuditServices.sql: Msg 2714, Level 16, State 6, Server DESKTOP-BOF7AOF\LOCALDB#B10938FE, Line 2
There is already an object named 'AuditServices' in the database.
[Pass 3] FAIL AuditSiteAudits.sql: Msg 2714, Level 16, State 6, Server DESKTOP-BOF7AOF\LOCALDB#B10938FE, Line 2
There is already an object named 'AuditSiteAudits' in the database.
[Pass 3] FAIL AuditSiteRepresentatives.sql: Msg 2714, Level 16, State 6, Server DESKTOP-BOF7AOF\LOCALDB#B10938FE, Line 2
There is already an object named 'AuditSiteRepresentatives' in the database.
[Pass 3] FAIL AuditSites.sql: Msg 2714, Level 16, State 6, Server DESKTOP-BOF7AOF\LOCALDB#B10938FE, Line 2
There is already an object named 'AuditSites' in the database.
[Pass 3] FAIL AuditSiteServices.sql: Msg 2714, Level 16, State 6, Server DESKTOP-BOF7AOF\LOCALDB#B10938FE, Line 2
There is already an object named 'AuditSiteServices' in the database.
[Pass 3] FAIL AuditTeamMembers.sql: Msg 2714, Level 16, State 6, Server DESKTOP-BOF7AOF\LOCALDB#B10938FE, Line 2
There is already an object named 'AuditTeamMembers' in the database.
[Pass 3] FAIL AuditTypes.sql: Msg 2714, Level 16, State 6, Server DESKTOP-BOF7AOF\LOCALDB#B10938FE, Line 2
There is already an object named 'AuditTypes' in the database.
[Pass 3] FAIL Certificates.sql: Msg 2714, Level 16, State 6, Server DESKTOP-BOF7AOF\LOCALDB#B10938FE, Line 2
There is already an object named 'Certificates' in the database.
[Pass 3] FAIL CertificateServices.sql: Msg 2714, Level 16, State 6, Server DESKTOP-BOF7AOF\LOCALDB#B10938FE, Line 2
There is already an object named 'CertificateServices' in the database.
[Pass 3] FAIL CertificateSites.sql: Msg 2714, Level 16, State 6, Server DESKTOP-BOF7AOF\LOCALDB#B10938FE, Line 2
There is already an object named 'CertificateSites' in the database.
[Pass 3] FAIL Chapters.sql: Msg 2714, Level 16, State 6, Server DESKTOP-BOF7AOF\LOCALDB#B10938FE, Line 2
There is already an object named 'Chapters' in the database.
[Pass 3] FAIL Cities.sql: Msg 2714, Level 16, State 6, Server DESKTOP-BOF7AOF\LOCALDB#B10938FE, Line 2
There is already an object named 'Cities' in the database.
[Pass 3] FAIL Clauses.sql: Msg 2714, Level 16, State 6, Server DESKTOP-BOF7AOF\LOCALDB#B10938FE, Line 2
There is already an object named 'Clauses' in the database.
[Pass 3] FAIL Companies.sql: Msg 2714, Level 16, State 6, Server DESKTOP-BOF7AOF\LOCALDB#B10938FE, Line 2
There is already an object named 'Companies' in the database.
[Pass 3] FAIL Contracts.sql: Msg 2714, Level 16, State 6, Server DESKTOP-BOF7AOF\LOCALDB#B10938FE, Line 2
There is already an object named 'Contracts' in the database.
[Pass 3] FAIL ContractServices.sql: Msg 2714, Level 16, State 6, Server DESKTOP-BOF7AOF\LOCALDB#B10938FE, Line 2
There is already an object named 'ContractServices' in the database.
[Pass 3] FAIL ContractSites.sql: Msg 2714, Level 16, State 6, Server DESKTOP-BOF7AOF\LOCALDB#B10938FE, Line 2
There is already an object named 'ContractSites' in the database.
[Pass 3] FAIL Countries.sql: Msg 2714, Level 16, State 6, Server DESKTOP-BOF7AOF\LOCALDB#B10938FE, Line 2
There is already an object named 'Countries' in the database.
[Pass 3] FAIL ErrorLogs.sql: Msg 2714, Level 16, State 6, Server DESKTOP-BOF7AOF\LOCALDB#B10938FE, Line 2
There is already an object named 'ErrorLogs' in the database.
[Pass 3] FAIL Financials.sql: Msg 2714, Level 16, State 6, Server DESKTOP-BOF7AOF\LOCALDB#B10938FE, Line 2
There is already an object named 'Financials' in the database.
[Pass 3] FAIL FindingCategories.sql: Msg 2714, Level 16, State 6, Server DESKTOP-BOF7AOF\LOCALDB#B10938FE, Line 2
There is already an object named 'FindingCategories' in the database.
[Pass 3] FAIL Findings.sql: Msg 2714, Level 16, State 6, Server DESKTOP-BOF7AOF\LOCALDB#B10938FE, Line 2
There is already an object named 'Findings' in the database.
[Pass 3] FAIL FindingStatuses.sql: Msg 2714, Level 16, State 6, Server DESKTOP-BOF7AOF\LOCALDB#B10938FE, Line 2
There is already an object named 'FindingStatuses' in the database.
[Pass 3] FAIL FocusAreas.sql: Msg 2714, Level 16, State 6, Server DESKTOP-BOF7AOF\LOCALDB#B10938FE, Line 2
There is already an object named 'FocusAreas' in the database.
[Pass 3] FAIL InvoiceAuditLog.sql: Msg 2714, Level 16, State 6, Server DESKTOP-BOF7AOF\LOCALDB#B10938FE, Line 2
There is already an object named 'InvoiceAuditLog' in the database.
[Pass 3] FAIL Invoices.sql: Msg 2714, Level 16, State 6, Server DESKTOP-BOF7AOF\LOCALDB#B10938FE, Line 2
There is already an object named 'Invoices' in the database.
[Pass 3] FAIL NotificationCategories.sql: Msg 2714, Level 16, State 6, Server DESKTOP-BOF7AOF\LOCALDB#B10938FE, Line 2
There is already an object named 'NotificationCategories' in the database.
[Pass 3] FAIL Notifications.sql: Msg 2714, Level 16, State 6, Server DESKTOP-BOF7AOF\LOCALDB#B10938FE, Line 2
There is already an object named 'Notifications' in the database.
[Pass 3] FAIL Roles.sql: Msg 2714, Level 16, State 6, Server DESKTOP-BOF7AOF\LOCALDB#B10938FE, Line 2
There is already an object named 'Roles' in the database.
[Pass 3] FAIL Services.sql: Msg 2714, Level 16, State 6, Server DESKTOP-BOF7AOF\LOCALDB#B10938FE, Line 2
There is already an object named 'Services' in the database.
[Pass 3] FAIL Sites.sql: Msg 2714, Level 16, State 6, Server DESKTOP-BOF7AOF\LOCALDB#B10938FE, Line 2
There is already an object named 'Sites' in the database.
[Pass 3] FAIL Trainings.sql: Msg 2714, Level 16, State 6, Server DESKTOP-BOF7AOF\LOCALDB#B10938FE, Line 2
There is already an object named 'Trainings' in the database.
[Pass 3] FAIL UserCityAccess.sql: Msg 2714, Level 16, State 6, Server DESKTOP-BOF7AOF\LOCALDB#B10938FE, Line 2
There is already an object named 'UserCityAccess' in the database.
[Pass 3] FAIL UserCompanyAccess.sql: Msg 2714, Level 16, State 6, Server DESKTOP-BOF7AOF\LOCALDB#B10938FE, Line 2
There is already an object named 'UserCompanyAccess' in the database.
[Pass 3] FAIL UserCountryAccess.sql: Msg 2714, Level 16, State 6, Server DESKTOP-BOF7AOF\LOCALDB#B10938FE, Line 2
There is already an object named 'UserCountryAccess' in the database.
[Pass 3] FAIL UserNotificationAccess.sql: Msg 2714, Level 16, State 6, Server DESKTOP-BOF7AOF\LOCALDB#B10938FE, Line 2
There is already an object named 'UserNotificationAccess' in the database.
[Pass 3] FAIL UserPreferences.sql: Msg 2714, Level 16, State 6, Server DESKTOP-BOF7AOF\LOCALDB#B10938FE, Line 2
There is already an object named 'UserPreferences' in the database.
[Pass 3] FAIL UserRoles.sql: Msg 2714, Level 16, State 6, Server DESKTOP-BOF7AOF\LOCALDB#B10938FE, Line 2
There is already an object named 'UserRoles' in the database.
[Pass 3] FAIL Users.sql: Msg 2714, Level 16, State 6, Server DESKTOP-BOF7AOF\LOCALDB#B10938FE, Line 2
There is already an object named 'Users' in the database.
[Pass 3] FAIL UserServiceAccess.sql: Msg 2714, Level 16, State 6, Server DESKTOP-BOF7AOF\LOCALDB#B10938FE, Line 2
There is already an object named 'UserServiceAccess' in the database.
[Pass 3] FAIL UserSiteAccess.sql: Msg 2714, Level 16, State 6, Server DESKTOP-BOF7AOF\LOCALDB#B10938FE, Line 2
There is already an object named 'UserSiteAccess' in the database.
[Pass 3] FAIL UserTrainings.sql: Msg 2714, Level 16, State 6, Server DESKTOP-BOF7AOF\LOCALDB#B10938FE, Line 2
There is already an object named 'UserTrainings' in the database.
[Pass 4] FAIL Actions.sql: Msg 2714, Level 16, State 6, Server DESKTOP-BOF7AOF\LOCALDB#B10938FE, Line 1
There is already an object named 'Actions' in the database.
[Pass 4] FAIL AuditLogs.sql: Msg 2714, Level 16, State 6, Server DESKTOP-BOF7AOF\LOCALDB#B10938FE, Line 2
There is already an object named 'AuditLogs' in the database.
[Pass 4] FAIL Audits.sql: Msg 2714, Level 16, State 6, Server DESKTOP-BOF7AOF\LOCALDB#B10938FE, Line 1
There is already an object named 'Audits' in the database.
[Pass 4] FAIL AuditServices.sql: Msg 2714, Level 16, State 6, Server DESKTOP-BOF7AOF\LOCALDB#B10938FE, Line 2
There is already an object named 'AuditServices' in the database.
[Pass 4] FAIL AuditSiteAudits.sql: Msg 2714, Level 16, State 6, Server DESKTOP-BOF7AOF\LOCALDB#B10938FE, Line 2
There is already an object named 'AuditSiteAudits' in the database.
[Pass 4] FAIL AuditSiteRepresentatives.sql: Msg 2714, Level 16, State 6, Server DESKTOP-BOF7AOF\LOCALDB#B10938FE, Line 2
There is already an object named 'AuditSiteRepresentatives' in the database.
[Pass 4] FAIL AuditSites.sql: Msg 2714, Level 16, State 6, Server DESKTOP-BOF7AOF\LOCALDB#B10938FE, Line 2
There is already an object named 'AuditSites' in the database.
[Pass 4] FAIL AuditSiteServices.sql: Msg 2714, Level 16, State 6, Server DESKTOP-BOF7AOF\LOCALDB#B10938FE, Line 2
There is already an object named 'AuditSiteServices' in the database.
[Pass 4] FAIL AuditTeamMembers.sql: Msg 2714, Level 16, State 6, Server DESKTOP-BOF7AOF\LOCALDB#B10938FE, Line 2
There is already an object named 'AuditTeamMembers' in the database.
[Pass 4] FAIL AuditTypes.sql: Msg 2714, Level 16, State 6, Server DESKTOP-BOF7AOF\LOCALDB#B10938FE, Line 2
There is already an object named 'AuditTypes' in the database.
[Pass 4] FAIL CertificateAdditionalScopes.sql: Msg 2714, Level 16, State 6, Server DESKTOP-BOF7AOF\LOCALDB#B10938FE, Line 2
There is already an object named 'CertificateAdditionalScopes' in the database.
[Pass 4] FAIL Certificates.sql: Msg 2714, Level 16, State 6, Server DESKTOP-BOF7AOF\LOCALDB#B10938FE, Line 2
There is already an object named 'Certificates' in the database.
[Pass 4] FAIL CertificateServices.sql: Msg 2714, Level 16, State 6, Server DESKTOP-BOF7AOF\LOCALDB#B10938FE, Line 2
There is already an object named 'CertificateServices' in the database.
[Pass 4] FAIL CertificateSites.sql: Msg 2714, Level 16, State 6, Server DESKTOP-BOF7AOF\LOCALDB#B10938FE, Line 2
There is already an object named 'CertificateSites' in the database.
[Pass 4] FAIL Chapters.sql: Msg 2714, Level 16, State 6, Server DESKTOP-BOF7AOF\LOCALDB#B10938FE, Line 2
There is already an object named 'Chapters' in the database.
[Pass 4] FAIL Cities.sql: Msg 2714, Level 16, State 6, Server DESKTOP-BOF7AOF\LOCALDB#B10938FE, Line 2
There is already an object named 'Cities' in the database.
[Pass 4] FAIL Clauses.sql: Msg 2714, Level 16, State 6, Server DESKTOP-BOF7AOF\LOCALDB#B10938FE, Line 2
There is already an object named 'Clauses' in the database.
[Pass 4] FAIL Companies.sql: Msg 2714, Level 16, State 6, Server DESKTOP-BOF7AOF\LOCALDB#B10938FE, Line 2
There is already an object named 'Companies' in the database.
[Pass 4] FAIL Contracts.sql: Msg 2714, Level 16, State 6, Server DESKTOP-BOF7AOF\LOCALDB#B10938FE, Line 2
There is already an object named 'Contracts' in the database.
[Pass 4] FAIL ContractServices.sql: Msg 2714, Level 16, State 6, Server DESKTOP-BOF7AOF\LOCALDB#B10938FE, Line 2
There is already an object named 'ContractServices' in the database.
[Pass 4] FAIL ContractSites.sql: Msg 2714, Level 16, State 6, Server DESKTOP-BOF7AOF\LOCALDB#B10938FE, Line 2
There is already an object named 'ContractSites' in the database.
[Pass 4] FAIL Countries.sql: Msg 2714, Level 16, State 6, Server DESKTOP-BOF7AOF\LOCALDB#B10938FE, Line 2
There is already an object named 'Countries' in the database.
[Pass 4] FAIL ErrorLogs.sql: Msg 2714, Level 16, State 6, Server DESKTOP-BOF7AOF\LOCALDB#B10938FE, Line 2
There is already an object named 'ErrorLogs' in the database.
[Pass 4] FAIL Financials.sql: Msg 2714, Level 16, State 6, Server DESKTOP-BOF7AOF\LOCALDB#B10938FE, Line 2
There is already an object named 'Financials' in the database.
[Pass 4] FAIL FindingCategories.sql: Msg 2714, Level 16, State 6, Server DESKTOP-BOF7AOF\LOCALDB#B10938FE, Line 2
There is already an object named 'FindingCategories' in the database.
[Pass 4] FAIL FindingClauses.sql: Msg 2714, Level 16, State 6, Server DESKTOP-BOF7AOF\LOCALDB#B10938FE, Line 2
There is already an object named 'FindingClauses' in the database.
[Pass 4] FAIL FindingFocusAreas.sql: Msg 2714, Level 16, State 6, Server DESKTOP-BOF7AOF\LOCALDB#B10938FE, Line 2
There is already an object named 'FindingFocusAreas' in the database.
[Pass 4] FAIL FindingResponses.sql: Msg 2714, Level 16, State 6, Server DESKTOP-BOF7AOF\LOCALDB#B10938FE, Line 2
There is already an object named 'FindingResponses' in the database.
[Pass 4] FAIL Findings.sql: Msg 2714, Level 16, State 6, Server DESKTOP-BOF7AOF\LOCALDB#B10938FE, Line 2
There is already an object named 'Findings' in the database.
[Pass 4] FAIL FindingStatuses.sql: Msg 2714, Level 16, State 6, Server DESKTOP-BOF7AOF\LOCALDB#B10938FE, Line 2
There is already an object named 'FindingStatuses' in the database.
[Pass 4] FAIL FocusAreas.sql: Msg 2714, Level 16, State 6, Server DESKTOP-BOF7AOF\LOCALDB#B10938FE, Line 2
There is already an object named 'FocusAreas' in the database.
[Pass 4] FAIL InvoiceAuditLog.sql: Msg 2714, Level 16, State 6, Server DESKTOP-BOF7AOF\LOCALDB#B10938FE, Line 2
There is already an object named 'InvoiceAuditLog' in the database.
[Pass 4] FAIL Invoices.sql: Msg 2714, Level 16, State 6, Server DESKTOP-BOF7AOF\LOCALDB#B10938FE, Line 2
There is already an object named 'Invoices' in the database.
[Pass 4] FAIL NotificationCategories.sql: Msg 2714, Level 16, State 6, Server DESKTOP-BOF7AOF\LOCALDB#B10938FE, Line 2
There is already an object named 'NotificationCategories' in the database.
[Pass 4] FAIL Notifications.sql: Msg 2714, Level 16, State 6, Server DESKTOP-BOF7AOF\LOCALDB#B10938FE, Line 2
There is already an object named 'Notifications' in the database.
[Pass 4] FAIL Roles.sql: Msg 2714, Level 16, State 6, Server DESKTOP-BOF7AOF\LOCALDB#B10938FE, Line 2
There is already an object named 'Roles' in the database.
[Pass 4] FAIL Services.sql: Msg 2714, Level 16, State 6, Server DESKTOP-BOF7AOF\LOCALDB#B10938FE, Line 2
There is already an object named 'Services' in the database.
[Pass 4] FAIL Sites.sql: Msg 2714, Level 16, State 6, Server DESKTOP-BOF7AOF\LOCALDB#B10938FE, Line 2
There is already an object named 'Sites' in the database.
[Pass 4] FAIL Trainings.sql: Msg 2714, Level 16, State 6, Server DESKTOP-BOF7AOF\LOCALDB#B10938FE, Line 2
There is already an object named 'Trainings' in the database.
[Pass 4] FAIL UserCityAccess.sql: Msg 2714, Level 16, State 6, Server DESKTOP-BOF7AOF\LOCALDB#B10938FE, Line 2
There is already an object named 'UserCityAccess' in the database.
[Pass 4] FAIL UserCompanyAccess.sql: Msg 2714, Level 16, State 6, Server DESKTOP-BOF7AOF\LOCALDB#B10938FE, Line 2
There is already an object named 'UserCompanyAccess' in the database.
[Pass 4] FAIL UserCountryAccess.sql: Msg 2714, Level 16, State 6, Server DESKTOP-BOF7AOF\LOCALDB#B10938FE, Line 2
There is already an object named 'UserCountryAccess' in the database.
[Pass 4] FAIL UserNotificationAccess.sql: Msg 2714, Level 16, State 6, Server DESKTOP-BOF7AOF\LOCALDB#B10938FE, Line 2
There is already an object named 'UserNotificationAccess' in the database.
[Pass 4] FAIL UserPreferences.sql: Msg 2714, Level 16, State 6, Server DESKTOP-BOF7AOF\LOCALDB#B10938FE, Line 2
There is already an object named 'UserPreferences' in the database.
[Pass 4] FAIL UserRoles.sql: Msg 2714, Level 16, State 6, Server DESKTOP-BOF7AOF\LOCALDB#B10938FE, Line 2
There is already an object named 'UserRoles' in the database.
[Pass 4] FAIL Users.sql: Msg 2714, Level 16, State 6, Server DESKTOP-BOF7AOF\LOCALDB#B10938FE, Line 2
There is already an object named 'Users' in the database.
[Pass 4] FAIL UserServiceAccess.sql: Msg 2714, Level 16, State 6, Server DESKTOP-BOF7AOF\LOCALDB#B10938FE, Line 2
There is already an object named 'UserServiceAccess' in the database.
[Pass 4] FAIL UserSiteAccess.sql: Msg 2714, Level 16, State 6, Server DESKTOP-BOF7AOF\LOCALDB#B10938FE, Line 2
There is already an object named 'UserSiteAccess' in the database.
[Pass 4] FAIL UserTrainings.sql: Msg 2714, Level 16, State 6, Server DESKTOP-BOF7AOF\LOCALDB#B10938FE, Line 2
There is already an object named 'UserTrainings' in the database.
[Pass 1] FAIL AuditLogs_insert.sql: Msg 207, Level 16, State 1, Server DESKTOP-BOF7AOF\LOCALDB#B10938FE, Line 6
Invalid column name 'TableName'.
Msg 207, Level 16, State 1, Server DESKTOP-BOF7AOF\LOCALDB#B10938FE, Line 6
Invalid column name 'Operation'.
Msg 207, Level 16, State 1, Server DESKTOP-BOF7AOF\LOCALDB#B10938FE, Line 6
Invalid column name 'RecordId'.
Msg 207, Level 16, State 1, Server DESKTOP-BOF7AOF\LOCALDB#B10938FE, Line 6
Invalid column name 'Timestamp'.
Msg 207, Level 16, State 1, Server DESKTOP-BOF7AOF\LOCALDB#B10938FE, Line 6
Invalid column name 'ReasonCode'.
Msg 207, Level 16, State 1, Server DESKTOP-BOF7AOF\LOCALDB#B10938FE, Line 6
Invalid column name 'Comments'.
Msg 207, Level 16, State 1, Server DESKTOP-BOF7AOF\LOCALDB#B10938FE, Line 6
Invalid column name 'TableName'.
Msg 207, Level 16, State 1, Server DESKTOP-BOF7AOF\LOCALDB#B10938FE, Line 6
Invalid column name 'Operation'.
Msg 207, Level 16, State 1, Server DESKTOP-BOF7AOF\LOCALDB#B10938FE, Line 6
Invalid column name 'RecordId'.
Msg 207, Level 16, State 1, Server DESKTOP-BOF7AOF\LOCALDB#B10938FE, Line 6
Invalid column name 'Timestamp'.
Msg 207, Level 16, State 1, Server DESKTOP-BOF7AOF\LOCALDB#B10938FE, Line 6
Invalid column name 'ReasonCode'.
Msg 207, Level 16, State 1, Server DESKTOP-BOF7AOF\LOCALDB#B10938FE, Line 6
Invalid column name 'Comments'.
Msg 207, Level 16, State 1, Server DESKTOP-BOF7AOF\LOCALDB#B10938FE, Line 122
Invalid column name 'Operation'.
Msg 207, Level 16, State 1, Server DESKTOP-BOF7AOF\LOCALDB#B10938FE, Line 116
Invalid column name 'Operation'.
Msg 207, Level 16, State 1, Server DESKTOP-BOF7AOF\LOCALDB#B10938FE, Line 119
Invalid column name 'Timestamp'.
Msg 207, Level 16, State 1, Server DESKTOP-BOF7AOF\LOCALDB#B10938FE, Line 120
Invalid column name 'Timestamp'.
Msg 207, Level 16, State 1, Server DESKTOP-BOF7AOF\LOCALDB#B10938FE, Line 132
Invalid column name 'TableName'.
Msg 207, Level 16, State 1, Server DESKTOP-BOF7AOF\LOCALDB#B10938FE, Line 133
Invalid column name 'TableName'.
Msg 207, Level 16, State 1, Server DESKTOP-BOF7AOF\LOCALDB#B10938FE, Line 127
Invalid column name 'TableName'.
Msg 207, Level 16, State 1, Server DESKTOP-BOF7AOF\LOCALDB#B10938FE, Line 129
Invalid column name 'Operation'.
Msg 207, Level 16, State 1, Server DESKTOP-BOF7AOF\LOCALDB#B10938FE, Line 143
Invalid column name 'Timestamp'.
Msg 207, Level 16, State 1, Server DESKTOP-BOF7AOF\LOCALDB#B10938FE, Line 144
Invalid column name 'Timestamp'.
Msg 207, Level 16, State 1, Server DESKTOP-BOF7AOF\LOCALDB#B10938FE, Line 138
Invalid column name 'Timestamp'.
Msg 207, Level 16, State 1, Server DESKTOP-BOF7AOF\LOCALDB#B10938FE, Line 141
Invalid column name 'Operation'.
Msg 207, Level 16, State 1, Server DESKTOP-BOF7AOF\LOCALDB#B10938FE, Line 151
Invalid column name 'Operation'.
Msg 207, Level 16, State 1, Server DESKTOP-BOF7AOF\LOCALDB#B10938FE, Line 152
Invalid column name 'TableName'.
Msg 207, Level 16, State 1, Server DESKTOP-BOF7AOF\LOCALDB#B10938FE, Line 153
Invalid column name 'Timestamp'.
Msg 207, Level 16, State 1, Server DESKTOP-BOF7AOF\LOCALDB#B10938FE, Line 154
Invalid column name 'Timestamp'.
Msg 207, Level 16, State 1, Server DESKTOP-BOF7AOF\LOCALDB#B10938FE, Line 174
Invalid column name 'Operation'.
Msg 207, Level 16, State 1, Server DESKTOP-BOF7AOF\LOCALDB#B10938FE, Line 174
Invalid column name 'Operation'.
Msg 207, Level 16, State 1, Server DESKTOP-BOF7AOF\LOCALDB#B10938FE, Line 174
Invalid column name 'Operation'.
Msg 207, Level 16, State 1, Server DESKTOP-BOF7AOF\LOCALDB#B10938FE, Line 174
Invalid column name 'Operation'.
Msg 207, Level 16, State 1, Server DESKTOP-BOF7AOF\LOCALDB#B10938FE, Line 175
Invalid column name 'ReasonCode'.
Msg 207, Level 16, State 1, Server DESKTOP-BOF7AOF\LOCALDB#B10938FE, Line 175
Invalid column name 'ReasonCode'.
Msg 207, Level 16, State 1, Server DESKTOP-BOF7AOF\LOCALDB#B10938FE, Line 175
Invalid column name 'ReasonCode'.
Msg 207, Level 16, State 1, Server DESKTOP-BOF7AOF\LOCALDB#B10938FE, Line 162
Invalid column name 'Operation'.
Msg 207, Level 16, State 1, Server DESKTOP-BOF7AOF\LOCALDB#B10938FE, Line 165
Invalid column name 'Timestamp'.
Msg 207, Level 16, State 1, Server DESKTOP-BOF7AOF\LOCALDB#B10938FE, Line 166
Invalid column name 'Comments'.
Msg 207, Level 16, State 1, Server DESKTOP-BOF7AOF\LOCALDB#B10938FE, Line 168
Invalid column name 'Operation'.
Msg 207, Level 16, State 1, Server DESKTOP-BOF7AOF\LOCALDB#B10938FE, Line 169
Invalid column name 'Operation'.
Msg 207, Level 16, State 1, Server DESKTOP-BOF7AOF\LOCALDB#B10938FE, Line 170
Invalid column name 'Operation'.
Msg 207, Level 16, State 1, Server DESKTOP-BOF7AOF\LOCALDB#B10938FE, Line 186
Invalid column name 'Operation'.
Msg 207, Level 16, State 1, Server DESKTOP-BOF7AOF\LOCALDB#B10938FE, Line 186
Invalid column name 'Operation'.
Msg 207, Level 16, State 1, Server DESKTOP-BOF7AOF\LOCALDB#B10938FE, Line 186
Invalid column name 'Operation'.
Msg 207, Level 16, State 1, Server DESKTOP-BOF7AOF\LOCALDB#B10938FE, Line 187
Invalid column name 'TableName'.
Msg 207, Level 16, State 1, Server DESKTOP-BOF7AOF\LOCALDB#B10938FE, Line 187
Invalid column name 'Operation'.
Msg 207, Level 16, State 1, Server DESKTOP-BOF7AOF\LOCALDB#B10938FE, Line 180
Invalid column name 'TableName'.
Msg 207, Level 16, State 1, Server DESKTOP-BOF7AOF\LOCALDB#B10938FE, Line 181
Invalid column name 'Operation'.
Msg 207, Level 16, State 1, Server DESKTOP-BOF7AOF\LOCALDB#B10938FE, Line 184
Invalid column name 'Timestamp'.
[Pass 1] FAIL Audits_insert.sql: Msg 2627, Level 14, State 1, Server DESKTOP-BOF7AOF\LOCALDB#B10938FE, Line 1
Violation of PRIMARY KEY constraint 'PK__Audits__43D17399821F4DC3'. Cannot insert duplicate key in object 'dbo.Audits'. The duplicate key value is (1392092).
The statement has been terminated.
[Pass 1] FAIL AuditServices_insert.sql: Msg 207, Level 16, State 1, Server DESKTOP-BOF7AOF\LOCALDB#B10938FE, Line 4
Invalid column name 'AuditTypeId'.
Msg 207, Level 16, State 1, Server DESKTOP-BOF7AOF\LOCALDB#B10938FE, Line 4
Invalid column name 'IsDefault'.
Msg 207, Level 16, State 1, Server DESKTOP-BOF7AOF\LOCALDB#B10938FE, Line 4
Invalid column name 'AuditTypeId'.
Msg 207, Level 16, State 1, Server DESKTOP-BOF7AOF\LOCALDB#B10938FE, Line 4
Invalid column name 'IsDefault'.
Msg 207, Level 16, State 1, Server DESKTOP-BOF7AOF\LOCALDB#B10938FE, Line 122
Invalid column name 'AuditTypeId'.
Msg 207, Level 16, State 1, Server DESKTOP-BOF7AOF\LOCALDB#B10938FE, Line 123
Invalid column name 'TypeName'.
Msg 207, Level 16, State 1, Server DESKTOP-BOF7AOF\LOCALDB#B10938FE, Line 118
Invalid column name 'TypeName'.
Msg 207, Level 16, State 1, Server DESKTOP-BOF7AOF\LOCALDB#B10938FE, Line 120
Invalid column name 'IsDefault'.
Msg 207, Level 16, State 1, Server DESKTOP-BOF7AOF\LOCALDB#B10938FE, Line 133
Invalid column name 'AuditTypeId'.
Msg 207, Level 16, State 1, Server DESKTOP-BOF7AOF\LOCALDB#B10938FE, Line 135
Invalid column name 'AuditTypeId'.
Msg 207, Level 16, State 1, Server DESKTOP-BOF7AOF\LOCALDB#B10938FE, Line 129
Invalid column name 'AuditTypeId'.
Msg 207, Level 16, State 1, Server DESKTOP-BOF7AOF\LOCALDB#B10938FE, Line 130
Invalid column name 'TypeName'.
[Pass 1] FAIL AuditSiteAudits_insert.sql: Msg 207, Level 16, State 1, Server DESKTOP-BOF7AOF\LOCALDB#B10938FE, Line 4
Invalid column name 'AuditDate'.
Msg 207, Level 16, State 1, Server DESKTOP-BOF7AOF\LOCALDB#B10938FE, Line 4
Invalid column name 'AuditorId'.
Msg 207, Level 16, State 1, Server DESKTOP-BOF7AOF\LOCALDB#B10938FE, Line 4
Invalid column name 'AuditDate'.
Msg 207, Level 16, State 1, Server DESKTOP-BOF7AOF\LOCALDB#B10938FE, Line 4
Invalid column name 'AuditorId'.
Msg 207, Level 16, State 1, Server DESKTOP-BOF7AOF\LOCALDB#B10938FE, Line 133
Invalid column name 'AuditTitle'.
Msg 207, Level 16, State 1, Server DESKTOP-BOF7AOF\LOCALDB#B10938FE, Line 127
Invalid column name 'AuditTitle'.
Msg 207, Level 16, State 1, Server DESKTOP-BOF7AOF\LOCALDB#B10938FE, Line 142
Invalid column name 'AuditorId'.
Msg 207, Level 16, State 1, Server DESKTOP-BOF7AOF\LOCALDB#B10938FE, Line 143
Invalid column name 'AuditorId'.
[Pass 1] FAIL AuditSites_insert.sql: Msg 207, Level 16, State 1, Server DESKTOP-BOF7AOF\LOCALDB#B10938FE, Line 4
Invalid column name 'ServiceId'.
Msg 207, Level 16, State 1, Server DESKTOP-BOF7AOF\LOCALDB#B10938FE, Line 4
Invalid column name 'IsMainSite'.
Msg 207, Level 16, State 1, Server DESKTOP-BOF7AOF\LOCALDB#B10938FE, Line 4
Invalid column name 'ServiceId'.
Msg 207, Level 16, State 1, Server DESKTOP-BOF7AOF\LOCALDB#B10938FE, Line 4
Invalid column name 'IsMainSite'.
Msg 207, Level 16, State 1, Server DESKTOP-BOF7AOF\LOCALDB#B10938FE, Line 127
Invalid column name 'ServiceId'.
Msg 207, Level 16, State 1, Server DESKTOP-BOF7AOF\LOCALDB#B10938FE, Line 125
Invalid column name 'IsMainSite'.
Msg 207, Level 16, State 1, Server DESKTOP-BOF7AOF\LOCALDB#B10938FE, Line 141
Invalid column name 'ServiceId'.
Msg 207, Level 16, State 1, Server DESKTOP-BOF7AOF\LOCALDB#B10938FE, Line 136
Invalid column name 'ServiceId'.
Msg 207, Level 16, State 1, Server DESKTOP-BOF7AOF\LOCALDB#B10938FE, Line 151
Invalid column name 'IsMainSite'.
Msg 207, Level 16, State 1, Server DESKTOP-BOF7AOF\LOCALDB#B10938FE, Line 157
Invalid column name 'IsMainSite'.
[Pass 1] FAIL AuditTeamMembers_insert.sql: Msg 206, Level 16, State 2, Server DESKTOP-BOF7AOF\LOCALDB#B10938FE, Line 4
Operand type clash: uniqueidentifier is incompatible with int
Msg 207, Level 16, State 1, Server DESKTOP-BOF7AOF\LOCALDB#B10938FE, Line 135
Invalid column name 'AuditTitle'.
Msg 207, Level 16, State 1, Server DESKTOP-BOF7AOF\LOCALDB#B10938FE, Line 126
Invalid column name 'AuditTitle'.
[Pass 1] FAIL AuditTypes_insert.sql: Msg 207, Level 16, State 1, Server DESKTOP-BOF7AOF\LOCALDB#B10938FE, Line 6
Invalid column name 'TypeName'.
Msg 207, Level 16, State 1, Server DESKTOP-BOF7AOF\LOCALDB#B10938FE, Line 6
Invalid column name 'TypeCode'.
Msg 207, Level 16, State 1, Server DESKTOP-BOF7AOF\LOCALDB#B10938FE, Line 6
Invalid column name 'StandardDuration'.
Msg 207, Level 16, State 1, Server DESKTOP-BOF7AOF\LOCALDB#B10938FE, Line 6
Invalid column name 'TypeName'.
Msg 207, Level 16, State 1, Server DESKTOP-BOF7AOF\LOCALDB#B10938FE, Line 6
Invalid column name 'TypeCode'.
Msg 207, Level 16, State 1, Server DESKTOP-BOF7AOF\LOCALDB#B10938FE, Line 6
Invalid column name 'StandardDuration'.
[Pass 1] FAIL Certificates_insert.sql: Msg 207, Level 16, State 1, Server DESKTOP-BOF7AOF\LOCALDB#B10938FE, Line 6
Invalid column name 'CertificateTitle'.
Msg 207, Level 16, State 1, Server DESKTOP-BOF7AOF\LOCALDB#B10938FE, Line 6
Invalid column name 'Sites'.
Msg 207, Level 16, State 1, Server DESKTOP-BOF7AOF\LOCALDB#B10938FE, Line 6
Invalid column name 'ValidatedBy'.
Msg 207, Level 16, State 1, Server DESKTOP-BOF7AOF\LOCALDB#B10938FE, Line 6
Invalid column name 'CertificateTitle'.
Msg 207, Level 16, State 1, Server DESKTOP-BOF7AOF\LOCALDB#B10938FE, Line 6
Invalid column name 'Sites'.
Msg 207, Level 16, State 1, Server DESKTOP-BOF7AOF\LOCALDB#B10938FE, Line 6
Invalid column name 'ValidatedBy'.
Msg 207, Level 16, State 1, Server DESKTOP-BOF7AOF\LOCALDB#B10938FE, Line 82
Invalid column name 'CertificateTitle'.
[Pass 1] FAIL Companies_insert.sql: Msg 102, Level 15, State 1, Server DESKTOP-BOF7AOF\LOCALDB#B10938FE, Line 25
Incorrect syntax near 'Industria'.
Msg 132, Level 15, State 1, Server DESKTOP-BOF7AOF\LOCALDB#B10938FE, Line 28
The label 'https' has already been declared. Label names must be unique within a query batch or stored procedure.
Msg 132, Level 15, State 1, Server DESKTOP-BOF7AOF\LOCALDB#B10938FE, Line 31
The label 'https' has already been declared. Label names must be unique within a query batch or stored procedure.
Msg 132, Level 15, State 1, Server DESKTOP-BOF7AOF\LOCALDB#B10938FE, Line 34
The label 'https' has already been declared. Label names must be unique within a query batch or stored procedure.
Msg 132, Level 15, State 1, Server DESKTOP-BOF7AOF\LOCALDB#B10938FE, Line 37
The label 'https' has already been declared. Label names must be unique within a query batch or stored procedure.
Msg 132, Level 15, State 1, Server DESKTOP-BOF7AOF\LOCALDB#B10938FE, Line 40
The label 'https' has already been declared. Label names must be unique within a query batch or stored procedure.
Msg 132, Level 15, State 1, Server DESKTOP-BOF7AOF\LOCALDB#B10938FE, Line 43
The label 'https' has already been declared. Label names must be unique within a query batch or stored procedure.
Msg 132, Level 15, State 1, Server DESKTOP-BOF7AOF\LOCALDB#B10938FE, Line 46
The label 'https' has already been declared. Label names must be unique within a query batch or stored procedure.
Msg 132, Level 15, State 1, Server DESKTOP-BOF7AOF\LOCALDB#B10938FE, Line 49
The label 'https' has already been declared. Label names must be unique within a query batch or stored procedure.
Msg 132, Level 15, State 1, Server DESKTOP-BOF7AOF\LOCALDB#B10938FE, Line 52
The label 'https' has already been declared. Label names must be unique within a query batch or stored procedure.
Msg 132, Level 15, State 1, Server DESKTOP-BOF7AOF\LOCALDB#B10938FE, Line 55
The label 'https' has already been declared. Label names must be unique within a query batch or stored procedure.
Msg 319, Level 15, State 1, Server DESKTOP-BOF7AOF\LOCALDB#B10938FE, Line 58
Incorrect syntax near the keyword 'with'. If this statement is a common table expression, an xmlnamespaces clause or a change tracking context clause, the previous statement must be terminated with a semicolon.
Msg 132, Level 15, State 1, Server DESKTOP-BOF7AOF\LOCALDB#B10938FE, Line 58
The label 'https' has already been declared. Label names must be unique within a query batch or stored procedure.
Msg 132, Level 15, State 1, Server DESKTOP-BOF7AOF\LOCALDB#B10938FE, Line 60
The label 'https' has already been declared. Label names must be unique within a query batch or stored procedure.
Msg 132, Level 15, State 1, Server DESKTOP-BOF7AOF\LOCALDB#B10938FE, Line 63
The label 'https' has already been declared. Label names must be unique within a query batch or stored procedure.
Msg 132, Level 15, State 1, Server DESKTOP-BOF7AOF\LOCALDB#B10938FE, Line 65
The label 'https' has already been declared. Label names must be unique within a query batch or stored procedure.
Msg 105, Level 15, State 1, Server DESKTOP-BOF7AOF\LOCALDB#B10938FE, Line 65
Unclosed quotation mark after the character string ', 1, GETDATE(), GETDATE(), 1, 1);

SET IDENTITY_INSERT [dbo].[Companies] OFF;

-- Verify the insert
SELECT COUNT(*) as TotalCompanies FROM [dbo].[Companies];
SELECT Industry, COUNT(*) as Count FROM [dbo].[Companies] GROUP BY Industry ORDER BY Count DESC;
SELECT c.CompanyName, co.CountryName, ci.CityName, c.EmployeeCount 
FROM [dbo].[Companies] c 
LEFT JOIN [dbo].[Countries] co ON c.CountryId = co.CountryId 
LEFT JOIN [dbo].[Cities] ci ON c.CityId = ci.CityId 
ORDER BY c.EmployeeCount DESC;
'.
[Pass 1] FAIL Countries_insert.sql: Msg 2627, Level 14, State 1, Server DESKTOP-BOF7AOF\LOCALDB#B10938FE, Line 6
Violation of PRIMARY KEY constraint 'PK_Countries'. Cannot insert duplicate key in object 'dbo.Countries'. The duplicate key value is (1).
The statement has been terminated.
TotalCountries
--------------
            30

(1 rows affected)
CountryId   CountryName                                                                                          CountryCode CountryCodeAlpha2 IsActive CreatedDate             ModifiedDate            CreatedBy   ModifiedBy  Region                                                                                               Continent                                          Currency DisplayOrder
----------- ---------------------------------------------------------------------------------------------------- ----------- ----------------- -------- ----------------------- ----------------------- ----------- ----------- ---------------------------------------------------------------------------------------------------- -------------------------------------------------- -------- ------------
          1 United States                                                                                        USA         US                       1 2026-05-01 19:46:15.810 2026-05-01 19:46:15.810        NULL        NULL North America                                                                                        North America                                      USD                 1
          2 United Kingdom                                                                                       GBR         GB                       1 2026-05-01 19:46:15.810 2026-05-01 19:46:15.810        NULL        NULL Western Europe                                                                                       Europe                                             GBP                 2
          3 Germany                                                                                              DEU         DE                       1 2026-05-01 19:46:15.810 2026-05-01 19:46:15.810        NULL        NULL Western Europe                                                                                       Europe                                             EUR                 3
          4 France                                                                                               FRA         FR                       1 2026-05-01 19:46:15.810 2026-05-01 19:46:15.810        NULL        NULL Western Europe                                                                                       Europe                                             EUR                 4
          5 Italy                                                                                                ITA         IT                       1 2026-05-01 19:46:15.810 2026-05-01 19:46:15.810        NULL        NULL Southern Europe                                                                                      Europe                                             EUR                 5

(5 rows affected)
[Pass 1] FAIL FindingCategories_insert.sql: Msg 207, Level 16, State 1, Server DESKTOP-BOF7AOF\LOCALDB#B10938FE, Line 6
Invalid column name 'CategoryId'.
Msg 207, Level 16, State 1, Server DESKTOP-BOF7AOF\LOCALDB#B10938FE, Line 6
Invalid column name 'CategoryDescription'.
Msg 207, Level 16, State 1, Server DESKTOP-BOF7AOF\LOCALDB#B10938FE, Line 6
Invalid column name 'Severity'.
Msg 207, Level 16, State 1, Server DESKTOP-BOF7AOF\LOCALDB#B10938FE, Line 6
Invalid column name 'CategoryId'.
Msg 207, Level 16, State 1, Server DESKTOP-BOF7AOF\LOCALDB#B10938FE, Line 6
Invalid column name 'CategoryDescription'.
Msg 207, Level 16, State 1, Server DESKTOP-BOF7AOF\LOCALDB#B10938FE, Line 6
Invalid column name 'Severity'.
Msg 207, Level 16, State 1, Server DESKTOP-BOF7AOF\LOCALDB#B10938FE, Line 23
Invalid column name 'CategoryId'.
[Pass 1] FAIL Findings_insert.sql: Msg 207, Level 16, State 1, Server DESKTOP-BOF7AOF\LOCALDB#B10938FE, Line 6
Invalid column name 'FindingTitle'.
Msg 207, Level 16, State 1, Server DESKTOP-BOF7AOF\LOCALDB#B10938FE, Line 6
Invalid column name 'FindingDescription'.
Msg 207, Level 16, State 1, Server DESKTOP-BOF7AOF\LOCALDB#B10938FE, Line 6
Invalid column name 'CategoryId'.
Msg 207, Level 16, State 1, Server DESKTOP-BOF7AOF\LOCALDB#B10938FE, Line 6
Invalid column name 'StatusId'.
Msg 207, Level 16, State 1, Server DESKTOP-BOF7AOF\LOCALDB#B10938FE, Line 6
Invalid column name 'ClauseReference'.
Msg 207, Level 16, State 1, Server DESKTOP-BOF7AOF\LOCALDB#B10938FE, Line 6
Invalid column name 'RaisedDate'.
Msg 207, Level 16, State 1, Server DESKTOP-BOF7AOF\LOCALDB#B10938FE, Line 6
Invalid column name 'RaisedBy'.
Msg 207, Level 16, State 1, Server DESKTOP-BOF7AOF\LOCALDB#B10938FE, Line 6
Invalid column name 'FindingTitle'.
Msg 207, Level 16, State 1, Server DESKTOP-BOF7AOF\LOCALDB#B10938FE, Line 6
Invalid column name 'FindingDescription'.
Msg 207, Level 16, State 1, Server DESKTOP-BOF7AOF\LOCALDB#B10938FE, Line 6
Invalid column name 'CategoryId'.
Msg 207, Level 16, State 1, Server DESKTOP-BOF7AOF\LOCALDB#B10938FE, Line 6
Invalid column name 'StatusId'.
Msg 207, Level 16, State 1, Server DESKTOP-BOF7AOF\LOCALDB#B10938FE, Line 6
Invalid column name 'ClauseReference'.
Msg 207, Level 16, State 1, Server DESKTOP-BOF7AOF\LOCALDB#B10938FE, Line 6
Invalid column name 'RaisedDate'.
Msg 207, Level 16, State 1, Server DESKTOP-BOF7AOF\LOCALDB#B10938FE, Line 6
Invalid column name 'RaisedBy'.
Msg 207, Level 16, State 1, Server DESKTOP-BOF7AOF\LOCALDB#B10938FE, Line 63
Invalid column name 'StatusId'.
Msg 207, Level 16, State 1, Server DESKTOP-BOF7AOF\LOCALDB#B10938FE, Line 63
Invalid column name 'StatusId'.
Msg 207, Level 16, State 1, Server DESKTOP-BOF7AOF\LOCALDB#B10938FE, Line 64
Invalid column name 'StatusId'.
Msg 207, Level 16, State 1, Server DESKTOP-BOF7AOF\LOCALDB#B10938FE, Line 64
Invalid column name 'SortOrder'.
Msg 207, Level 16, State 1, Server DESKTOP-BOF7AOF\LOCALDB#B10938FE, Line 65
Invalid column name 'SortOrder'.
Msg 207, Level 16, State 1, Server DESKTOP-BOF7AOF\LOCALDB#B10938FE, Line 86
Invalid column name 'StatusId'.
Msg 207, Level 16, State 1, Server DESKTOP-BOF7AOF\LOCALDB#B10938FE, Line 87
Invalid column name 'StatusId'.
Msg 207, Level 16, State 1, Server DESKTOP-BOF7AOF\LOCALDB#B10938FE, Line 87
Invalid column name 'StatusId'.
Msg 207, Level 16, State 1, Server DESKTOP-BOF7AOF\LOCALDB#B10938FE, Line 87
Invalid column name 'StatusId'.
Msg 207, Level 16, State 1, Server DESKTOP-BOF7AOF\LOCALDB#B10938FE, Line 88
Invalid column name 'StatusId'.
Msg 207, Level 16, State 1, Server DESKTOP-BOF7AOF\LOCALDB#B10938FE, Line 109
Invalid column name 'StatusId'.
Msg 207, Level 16, State 1, Server DESKTOP-BOF7AOF\LOCALDB#B10938FE, Line 109
Invalid column name 'StatusId'.
Msg 207, Level 16, State 1, Server DESKTOP-BOF7AOF\LOCALDB#B10938FE, Line 99
Invalid column name 'FindingTitle'.
Msg 207, Level 16, State 1, Server DESKTOP-BOF7AOF\LOCALDB#B10938FE, Line 118
Invalid column name 'CategoryId'.
Msg 207, Level 16, State 1, Server DESKTOP-BOF7AOF\LOCALDB#B10938FE, Line 118
Invalid column name 'CategoryId'.
Msg 207, Level 16, State 1, Server DESKTOP-BOF7AOF\LOCALDB#B10938FE, Line 119
Invalid column name 'CategoryId'.
Msg 207, Level 16, State 1, Server DESKTOP-BOF7AOF\LOCALDB#B10938FE, Line 119
Invalid column name 'Severity'.
Msg 207, Level 16, State 1, Server DESKTOP-BOF7AOF\LOCALDB#B10938FE, Line 115
Invalid column name 'Severity'.
[Pass 1] FAIL FindingStatuses_insert.sql: Msg 207, Level 16, State 1, Server DESKTOP-BOF7AOF\LOCALDB#B10938FE, Line 6
Invalid column name 'StatusId'.
Msg 207, Level 16, State 1, Server DESKTOP-BOF7AOF\LOCALDB#B10938FE, Line 6
Invalid column name 'StatusDescription'.
Msg 207, Level 16, State 1, Server DESKTOP-BOF7AOF\LOCALDB#B10938FE, Line 6
Invalid column name 'SortOrder'.
Msg 207, Level 16, State 1, Server DESKTOP-BOF7AOF\LOCALDB#B10938FE, Line 6
Invalid column name 'StatusId'.
Msg 207, Level 16, State 1, Server DESKTOP-BOF7AOF\LOCALDB#B10938FE, Line 6
Invalid column name 'StatusDescription'.
Msg 207, Level 16, State 1, Server DESKTOP-BOF7AOF\LOCALDB#B10938FE, Line 6
Invalid column name 'SortOrder'.
Msg 207, Level 16, State 1, Server DESKTOP-BOF7AOF\LOCALDB#B10938FE, Line 21
Invalid column name 'SortOrder'.
[Pass 1] FAIL Invoices_insert.sql: Msg 207, Level 16, State 1, Server DESKTOP-BOF7AOF\LOCALDB#B10938FE, Line 6
Invalid column name 'AuditId'.
Msg 207, Level 16, State 1, Server DESKTOP-BOF7AOF\LOCALDB#B10938FE, Line 6
Invalid column name 'ServiceId'.
Msg 207, Level 16, State 1, Server DESKTOP-BOF7AOF\LOCALDB#B10938FE, Line 6
Invalid column name 'PaymentDate'.
Msg 207, Level 16, State 1, Server DESKTOP-BOF7AOF\LOCALDB#B10938FE, Line 6
Invalid column name 'BillingAddress'.
Msg 207, Level 16, State 1, Server DESKTOP-BOF7AOF\LOCALDB#B10938FE, Line 6
Invalid column name 'AuditId'.
Msg 207, Level 16, State 1, Server DESKTOP-BOF7AOF\LOCALDB#B10938FE, Line 6
Invalid column name 'ServiceId'.
Msg 207, Level 16, State 1, Server DESKTOP-BOF7AOF\LOCALDB#B10938FE, Line 6
Invalid column name 'PaymentDate'.
Msg 207, Level 16, State 1, Server DESKTOP-BOF7AOF\LOCALDB#B10938FE, Line 6
Invalid column name 'BillingAddress'.
[Pass 1] FAIL NotificationCategories_insert.sql: Msg 207, Level 16, State 1, Server DESKTOP-BOF7AOF\LOCALDB#B10938FE, Line 6
Invalid column name 'CategoryDescription'.
Msg 207, Level 16, State 1, Server DESKTOP-BOF7AOF\LOCALDB#B10938FE, Line 6
Invalid column name 'CategoryDescription'.
[Pass 1] FAIL Notifications_insert.sql: Msg 207, Level 16, State 1, Server DESKTOP-BOF7AOF\LOCALDB#B10938FE, Line 6
Invalid column name 'UserId'.
Msg 207, Level 16, State 1, Server DESKTOP-BOF7AOF\LOCALDB#B10938FE, Line 6
Invalid column name 'IsRead'.
Msg 207, Level 16, State 1, Server DESKTOP-BOF7AOF\LOCALDB#B10938FE, Line 6
Invalid column name 'ReadDate'.
Msg 207, Level 16, State 1, Server DESKTOP-BOF7AOF\LOCALDB#B10938FE, Line 6
Invalid column name 'UserId'.
Msg 207, Level 16, State 1, Server DESKTOP-BOF7AOF\LOCALDB#B10938FE, Line 6
Invalid column name 'IsRead'.
Msg 207, Level 16, State 1, Server DESKTOP-BOF7AOF\LOCALDB#B10938FE, Line 6
Invalid column name 'ReadDate'.
Msg 207, Level 16, State 1, Server DESKTOP-BOF7AOF\LOCALDB#B10938FE, Line 83
Invalid column name 'IsRead'.
Msg 207, Level 16, State 1, Server DESKTOP-BOF7AOF\LOCALDB#B10938FE, Line 84
Invalid column name 'IsRead'.
Msg 207, Level 16, State 1, Server DESKTOP-BOF7AOF\LOCALDB#B10938FE, Line 94
Invalid column name 'IsRead'.
Msg 207, Level 16, State 1, Server DESKTOP-BOF7AOF\LOCALDB#B10938FE, Line 112
Invalid column name 'CompanyId'.
Msg 207, Level 16, State 1, Server DESKTOP-BOF7AOF\LOCALDB#B10938FE, Line 113
Invalid column name 'UserId'.
Msg 207, Level 16, State 1, Server DESKTOP-BOF7AOF\LOCALDB#B10938FE, Line 113
Invalid column name 'IsRead'.
Msg 207, Level 16, State 1, Server DESKTOP-BOF7AOF\LOCALDB#B10938FE, Line 127
Invalid column name 'UserId'.
Msg 207, Level 16, State 1, Server DESKTOP-BOF7AOF\LOCALDB#B10938FE, Line 129
Invalid column name 'IsRead'.
Msg 207, Level 16, State 1, Server DESKTOP-BOF7AOF\LOCALDB#B10938FE, Line 136
Invalid column name 'IsRead'.
Msg 4104, Level 16, State 1, Server DESKTOP-BOF7AOF\LOCALDB#B10938FE, Line 114
The multi-part identifier "c.CompanyName" could not be bound.
Msg 4104, Level 16, State 1, Server DESKTOP-BOF7AOF\LOCALDB#B10938FE, Line 108
The multi-part identifier "c.CompanyName" could not be bound.
[Pass 1] FAIL Roles_insert.sql: Msg 207, Level 16, State 1, Server DESKTOP-BOF7AOF\LOCALDB#B10938FE, Line 6
Invalid column name 'RoleDescription'.
Msg 207, Level 16, State 1, Server DESKTOP-BOF7AOF\LOCALDB#B10938FE, Line 6
Invalid column name 'RoleDescription'.
Msg 207, Level 16, State 1, Server DESKTOP-BOF7AOF\LOCALDB#B10938FE, Line 52
Invalid column name 'RoleDescription'.
[Pass 1] FAIL Services_insert.sql: Msg 2627, Level 14, State 1, Server DESKTOP-BOF7AOF\LOCALDB#B10938FE, Line 6
Violation of PRIMARY KEY constraint 'PK_Services'. Cannot insert duplicate key in object 'dbo.Services'. The duplicate key value is (1).
The statement has been terminated.
TotalServices
-------------
           30

(1 rows affected)
ServiceType                                                                                          Count      
---------------------------------------------------------------------------------------------------- -----------
Certification                                                                                                 16
Assessment                                                                                                     7
Training                                                                                                       5
Consulting                                                                                                     1

(4 rows affected)
ServiceName                                                                                                                                                                                              ServiceCode                                        Category                                                                                             Cost        
-------------------------------------------------------------------------------------------------------------------------------------------------------------------------------------------------------- -------------------------------------------------- ---------------------------------------------------------------------------------------------------- ------------
ISO 9001 Quality Management System                                                                                                                                                                       ISO9001                                            Quality Management                                                                                       15000.00
ISO 14001 Environmental Management System                                                                                                                                                                ISO14001                                           Environmental Management                                                                                 12000.00
ISO 45001 Occupational Health and Safety                                                                                                                                                                 ISO45001                                           Health & Safety                                                                                          13000.00
ISO 27001 Information Security Management                                                                                                                                                                ISO27001                                           Information Security                                                                                     18000.00
ISO 50001 Energy Management System                                                                                                                                                                       ISO50001                                           Energy Management                                                                                        10000.00
ISO 22000 Food Safety Management                                                                                                                                                                         ISO22000                                           Food Safety                                                                                              14000.00
HACCP Hazard Analysis                                                                                                                                                                                    HACCP                                              Food Safety                                                                                               8000.00
BRC Global Standard for Food Safety                                                                                                                                                                      BRC                                                Food Safety                                                                                              12000.00
FSSC 22000 Food Safety System                                                                                                                                                                            FSSC22000                                          Food Safety                                                                                              16000.00
ISO/TS 16949 Automotive Quality                                                                                                                                                                          IATF16949                                          Automotive                                                                                               20000.00

(10 rows affected)
[Pass 1] FAIL Sites_insert.sql: Msg 547, Level 16, State 1, Server DESKTOP-BOF7AOF\LOCALDB#B10938FE, Line 6
The INSERT statement conflicted with the FOREIGN KEY constraint "FK_Sites_CompanyId". The conflict occurred in database "ERPAuditDB", table "dbo.Companies", column 'CompanyId'.
The statement has been terminated.
TotalSites 
-----------
          0

(1 rows affected)
SiteType                                                                                             Count      
---------------------------------------------------------------------------------------------------- -----------

(0 rows affected)
SiteName                                                                                                                                                                                                 CompanyName                                                                                                                                                                                              CountryName                                                                                          SiteType                                                                                             EmployeeCount
-------------------------------------------------------------------------------------------------------------------------------------------------------------------------------------------------------- -------------------------------------------------------------------------------------------------------------------------------------------------------------------------------------------------------- ---------------------------------------------------------------------------------------------------- ---------------------------------------------------------------------------------------------------- -------------

(0 rows affected)
[Pass 1] FAIL Trainings_insert.sql: Msg 207, Level 16, State 1, Server DESKTOP-BOF7AOF\LOCALDB#B10938FE, Line 6
Invalid column name 'DeliveryMethod'.
Msg 207, Level 16, State 1, Server DESKTOP-BOF7AOF\LOCALDB#B10938FE, Line 6
Invalid column name 'UpdatedDate'.
Msg 207, Level 16, State 1, Server DESKTOP-BOF7AOF\LOCALDB#B10938FE, Line 6
Invalid column name 'UpdatedBy'.
Msg 207, Level 16, State 1, Server DESKTOP-BOF7AOF\LOCALDB#B10938FE, Line 6
Invalid column name 'DeliveryMethod'.
Msg 207, Level 16, State 1, Server DESKTOP-BOF7AOF\LOCALDB#B10938FE, Line 6
Invalid column name 'UpdatedDate'.
Msg 207, Level 16, State 1, Server DESKTOP-BOF7AOF\LOCALDB#B10938FE, Line 6
Invalid column name 'UpdatedBy'.
Msg 207, Level 16, State 1, Server DESKTOP-BOF7AOF\LOCALDB#B10938FE, Line 91
Invalid column name 'DeliveryMethod'.
Msg 207, Level 16, State 1, Server DESKTOP-BOF7AOF\LOCALDB#B10938FE, Line 92
Invalid column name 'DeliveryMethod'.
Msg 207, Level 16, State 1, Server DESKTOP-BOF7AOF\LOCALDB#B10938FE, Line 93
Invalid column name 'DeliveryMethod'.
Msg 207, Level 16, State 1, Server DESKTOP-BOF7AOF\LOCALDB#B10938FE, Line 108
Invalid column name 'DeliveryMethod'.
Msg 207, Level 16, State 1, Server DESKTOP-BOF7AOF\LOCALDB#B10938FE, Line 101
Invalid column name 'DeliveryMethod'.
[Pass 1] FAIL UserCompanyAccess_insert.sql: Msg 547, Level 16, State 1, Server DESKTOP-BOF7AOF\LOCALDB#B10938FE, Line 4
The INSERT statement conflicted with the CHECK constraint "CK_UserCompanyAccess_AccessLevel". The conflict occurred in database "ERPAuditDB", table "dbo.UserCompanyAccess", column 'AccessLevel'.
The statement has been terminated.
TotalCompanyAccessRecords
-------------------------
                        0

(1 rows affected)
CompanyName                                                                                                                                                                                              UsersWithAccess AccessLevels                                                                                                                                                                                                                                                                                                                                                                                                                                                                                                                                                                                                                                                                                                                                                                                                                                                                                                                                                                                                                                                                                                                                                                                                                                                                                                                                                                                                                                                                                                                                                                                                                                                                                                                                                                                                                                                                                                                                                                                                                                                                                                                                                                                                                                                                                                                                                                                                                                                                                                                                                                                                                                                                                                                                                                                                                                                                                                                                                                                                                                                                                                                                                                                                                                                                                                                                                                                                                                                                                                                                                                                                                                                                                                                                                                                                                                                                                                                                                                                                                                                                                                                                                    
-------------------------------------------------------------------------------------------------------------------------------------------------------------------------------------------------------- --------------- ----------------------------------------------------------------------------------------------------------------------------------------------------------------------------------------------------------------------------------------------------------------------------------------------------------------------------------------------------------------------------------------------------------------------------------------------------------------------------------------------------------------------------------------------------------------------------------------------------------------------------------------------------------------------------------------------------------------------------------------------------------------------------------------------------------------------------------------------------------------------------------------------------------------------------------------------------------------------------------------------------------------------------------------------------------------------------------------------------------------------------------------------------------------------------------------------------------------------------------------------------------------------------------------------------------------------------------------------------------------------------------------------------------------------------------------------------------------------------------------------------------------------------------------------------------------------------------------------------------------------------------------------------------------------------------------------------------------------------------------------------------------------------------------------------------------------------------------------------------------------------------------------------------------------------------------------------------------------------------------------------------------------------------------------------------------------------------------------------------------------------------------------------------------------------------------------------------------------------------------------------------------------------------------------------------------------------------------------------------------------------------------------------------------------------------------------------------------------------------------------------------------------------------------------------------------------------------------------------------------------------------------------------------------------------------------------------------------------------------------------------------------------------------------------------------------------------------------------------------------------------------------------------------------------------------------------------------------------------------------------------------------------------------------------------------------------------------------------------------------------------------------------------------------------------------------------------------------------------------------------------------------------------------------------------------------------------------------------------------------------------------------------------------------------------------------------------------------------------------------------------------------------------------------------------------------------------------------------------------------------------------------------------------------------------------------------------------------------------------------------------------------------------------------------------------------------------------------------------------------------------------------------------------------------------------------------------------------------------------------------------------------------------------------------------------------------------------------------------------------------------------------------------------------

(0 rows affected)
AccessLevel                                        Count      
-------------------------------------------------- -----------

(0 rows affected)
[Pass 1] FAIL UserPreferences_insert.sql: Msg 207, Level 16, State 1, Server DESKTOP-BOF7AOF\LOCALDB#B10938FE, Line 7
Invalid column name 'PreferenceId'.
Msg 207, Level 16, State 1, Server DESKTOP-BOF7AOF\LOCALDB#B10938FE, Line 7
Invalid column name 'PreferenceName'.
Msg 207, Level 16, State 1, Server DESKTOP-BOF7AOF\LOCALDB#B10938FE, Line 7
Invalid column name 'DataType'.
Msg 207, Level 16, State 1, Server DESKTOP-BOF7AOF\LOCALDB#B10938FE, Line 7
Invalid column name 'IsEditable'.
Msg 207, Level 16, State 1, Server DESKTOP-BOF7AOF\LOCALDB#B10938FE, Line 7
Invalid column name 'UpdatedDate'.
Msg 207, Level 16, State 1, Server DESKTOP-BOF7AOF\LOCALDB#B10938FE, Line 7
Invalid column name 'UpdatedBy'.
Msg 207, Level 16, State 1, Server DESKTOP-BOF7AOF\LOCALDB#B10938FE, Line 7
Invalid column name 'PreferenceId'.
Msg 207, Level 16, State 1, Server DESKTOP-BOF7AOF\LOCALDB#B10938FE, Line 7
Invalid column name 'PreferenceName'.
Msg 207, Level 16, State 1, Server DESKTOP-BOF7AOF\LOCALDB#B10938FE, Line 7
Invalid column name 'DataType'.
Msg 207, Level 16, State 1, Server DESKTOP-BOF7AOF\LOCALDB#B10938FE, Line 7
Invalid column name 'IsEditable'.
Msg 207, Level 16, State 1, Server DESKTOP-BOF7AOF\LOCALDB#B10938FE, Line 7
Invalid column name 'UpdatedDate'.
Msg 207, Level 16, State 1, Server DESKTOP-BOF7AOF\LOCALDB#B10938FE, Line 7
Invalid column name 'UpdatedBy'.
Msg 207, Level 16, State 1, Server DESKTOP-BOF7AOF\LOCALDB#B10938FE, Line 187
Invalid column name 'CompanyId'.
Msg 207, Level 16, State 1, Server DESKTOP-BOF7AOF\LOCALDB#B10938FE, Line 190
Invalid column name 'PreferenceId'.
Msg 207, Level 16, State 1, Server DESKTOP-BOF7AOF\LOCALDB#B10938FE, Line 182
Invalid column name 'PreferenceId'.
Msg 207, Level 16, State 1, Server DESKTOP-BOF7AOF\LOCALDB#B10938FE, Line 184
Invalid column name 'PreferenceName'.
Msg 207, Level 16, State 1, Server DESKTOP-BOF7AOF\LOCALDB#B10938FE, Line 185
Invalid column name 'PreferenceName'.
Msg 207, Level 16, State 1, Server DESKTOP-BOF7AOF\LOCALDB#B10938FE, Line 199
Invalid column name 'PreferenceName'.
Msg 207, Level 16, State 1, Server DESKTOP-BOF7AOF\LOCALDB#B10938FE, Line 199
Invalid column name 'PreferenceName'.
Msg 207, Level 16, State 1, Server DESKTOP-BOF7AOF\LOCALDB#B10938FE, Line 201
Invalid column name 'PreferenceName'.
Msg 207, Level 16, State 1, Server DESKTOP-BOF7AOF\LOCALDB#B10938FE, Line 195
Invalid column name 'PreferenceName'.
Msg 207, Level 16, State 1, Server DESKTOP-BOF7AOF\LOCALDB#B10938FE, Line 196
Invalid column name 'PreferenceName'.
Msg 207, Level 16, State 1, Server DESKTOP-BOF7AOF\LOCALDB#B10938FE, Line 211
Invalid column name 'CompanyId'.
Msg 207, Level 16, State 1, Server DESKTOP-BOF7AOF\LOCALDB#B10938FE, Line 213
Invalid column name 'PreferenceName'.
Msg 207, Level 16, State 1, Server DESKTOP-BOF7AOF\LOCALDB#B10938FE, Line 209
Invalid column name 'UpdatedDate'.
[Pass 1] FAIL UserRoles_insert.sql: Msg 207, Level 16, State 1, Server DESKTOP-BOF7AOF\LOCALDB#B10938FE, Line 106
Invalid column name 'CompanyId'.
Msg 207, Level 16, State 1, Server DESKTOP-BOF7AOF\LOCALDB#B10938FE, Line 99
Invalid column name 'CompanyId'.
Msg 207, Level 16, State 1, Server DESKTOP-BOF7AOF\LOCALDB#B10938FE, Line 107
Invalid column name 'CompanyId'.
[Pass 1] FAIL Users_insert.sql: Msg 2627, Level 14, State 1, Server DESKTOP-BOF7AOF\LOCALDB#B10938FE, Line 6
Violation of PRIMARY KEY constraint 'PK_Users'. Cannot insert duplicate key in object 'dbo.Users'. The duplicate key value is (1).
The statement has been terminated.
TotalUsers 
-----------
         30

(1 rows affected)
Position                                                                                             Count      
---------------------------------------------------------------------------------------------------- -----------
Senior Auditor                                                                                                 3
Technical Expert                                                                                               3
Lead Auditor                                                                                                   2
Quality Director                                                                                               2
Quality Manager                                                                                                1
Safety Manager                                                                                                 1
Safety Officer                                                                                                 1
Management Representative                                                                                      1
Manufacturing Manager                                                                                          1
Operations Manager                                                                                             1
Principal Auditor                                                                                              1
Production Manager                                                                                             1
Quality Assurance Manager                                                                                      1
Compliance Manager                                                                                             1
Energy Manager                                                                                                 1
Environmental Coordinator                                                                                      1
Environmental Manager                                                                                          1
Environmental Specialist                                                                                       1
Fleet Manager                                                                                                  1
Food Safety Manager                                                                                            1
Health & Safety Coordinator                                                                                    1
Information Security Manager                                                                                   1
Technical Manager                                                                                              1
System Administrator                                                                                           1

(24 rows affected)
Username                                                                                             FirstName                                                                                            LastName                                                                                             Email                                                                                                                                                                                                                                                           Position                                                                                             Department                                                                                          
---------------------------------------------------------------------------------------------------- ---------------------------------------------------------------------------------------------------- ---------------------------------------------------------------------------------------------------- --------------------------------------------------------------------------------------------------------------------------------------------------------------------------------------------------------------------------------------------------------------- ---------------------------------------------------------------------------------------------------- ----------------------------------------------------------------------------------------------------
admin                                                                                                System                                                                                               Administrator                                                                                        admin@dnv.com                                                                                                                                                                                                                                                   System Administrator                                                                                 IT                                                                                                  
j.smith                                                                                              John                                                                                                 Smith                                                                                                john.smith@dnv.com                                                                                                                                                                                                                                              Lead Auditor                                                                                         Certification                                                                                       
a.johnson                                                                                            Anna                                                                                                 Johnson                                                                                              anna.johnson@dnv.com                                                                                                                                                                                                                                            Senior Auditor                                                                                       Certification                                                                                       
m.brown                                                                                              Michael                                                                                              Brown                                                                                                michael.brown@dnv.com                                                                                                                                                                                                                                           Lead Auditor                                                                                         Certification                                                                                       
s.wilson                                                                                             Sarah                                                                                                Wilson                                                                                               sarah.wilson@dnv.com                                                                                                                                                                                                                                            Principal Auditor                                                                                    Certification                                                                                       
l.garcia                                                                                             Luis                                                                                                 Garcia                                                                                               luis.garcia@dnv.com                                                                                                                                                                                                                                             Senior Auditor                                                                                       Certification                                                                                       
r.anderson                                                                                           Robert                                                                                               Anderson                                                                                             robert.anderson@dnv.com                                                                                                                                                                                                                                         Technical Expert                                                                                     Maritime                                                                                            
e.martinez                                                                                           Elena                                                                                                Martinez                                                                                             elena.martinez@dnv.com                                                                                                                                                                                                                                          Technical Expert                                                                                     Oil & Gas                                                                                           
h.tanaka                                                                                             Hiroshi                                                                                              Tanaka                                                                                               hiroshi.tanaka@dnv.com                                                                                                                                                                                                                                          Technical Expert                                                                                     Energy                                                                                              
k.lee                                                                                                Kevin                                                                                                Lee                                                                                                  kevin.lee@dnv.com                                                                                                                                                                                                                                               Senior Auditor                                                                                       Certification                                                                                       

(10 rows affected)
[Pass 1] FAIL UserServiceAccess_insert.sql: Msg 547, Level 16, State 1, Server DESKTOP-BOF7AOF\LOCALDB#B10938FE, Line 4
The INSERT statement conflicted with the CHECK constraint "CK_UserServiceAccess_AccessLevel". The conflict occurred in database "ERPAuditDB", table "dbo.UserServiceAccess", column 'AccessLevel'.
The statement has been terminated.
TotalServiceAccessRecords
-------------------------
                        0

(1 rows affected)
ServiceName                                                                                                                                                                                              UsersWithAccess AccessLevels                                                                                                                                                                                                                                                                                                                                                                                                                                                                                                                                                                                                                                                                                                                                                                                                                                                                                                                                                                                                                                                                                                                                                                                                                                                                                                                                                                                                                                                                                                                                                                                                                                                                                                                                                                                                                                                                                                                                                                                                                                                                                                                                                                                                                                                                                                                                                                                                                                                                                                                                                                                                                                                                                                                                                                                                                                                                                                                                                                                                                                                                                                                                                                                                                                                                                                                                                                                                                                                                                                                                                                                                                                                                                                                                                                                                                                                                                                                                                                                                                                                                                                                                                    
-------------------------------------------------------------------------------------------------------------------------------------------------------------------------------------------------------- --------------- ----------------------------------------------------------------------------------------------------------------------------------------------------------------------------------------------------------------------------------------------------------------------------------------------------------------------------------------------------------------------------------------------------------------------------------------------------------------------------------------------------------------------------------------------------------------------------------------------------------------------------------------------------------------------------------------------------------------------------------------------------------------------------------------------------------------------------------------------------------------------------------------------------------------------------------------------------------------------------------------------------------------------------------------------------------------------------------------------------------------------------------------------------------------------------------------------------------------------------------------------------------------------------------------------------------------------------------------------------------------------------------------------------------------------------------------------------------------------------------------------------------------------------------------------------------------------------------------------------------------------------------------------------------------------------------------------------------------------------------------------------------------------------------------------------------------------------------------------------------------------------------------------------------------------------------------------------------------------------------------------------------------------------------------------------------------------------------------------------------------------------------------------------------------------------------------------------------------------------------------------------------------------------------------------------------------------------------------------------------------------------------------------------------------------------------------------------------------------------------------------------------------------------------------------------------------------------------------------------------------------------------------------------------------------------------------------------------------------------------------------------------------------------------------------------------------------------------------------------------------------------------------------------------------------------------------------------------------------------------------------------------------------------------------------------------------------------------------------------------------------------------------------------------------------------------------------------------------------------------------------------------------------------------------------------------------------------------------------------------------------------------------------------------------------------------------------------------------------------------------------------------------------------------------------------------------------------------------------------------------------------------------------------------------------------------------------------------------------------------------------------------------------------------------------------------------------------------------------------------------------------------------------------------------------------------------------------------------------------------------------------------------------------------------------------------------------------------------------------------------------------------------------------------------
AS9100 Aerospace Quality Management                                                                                                                                                                                    0 NULL                                                                                                                                                                                                                                                                                                                                                                                                                                                                                                                                                                                                                                                                                                                                                                                                                                                                                                                                                                                                                                                                                                                                                                                                                                                                                                                                                                                                                                                                                                                                                                                                                                                                                                                                                                                                                                                                                                                                                                                                                                                                                                                                                                                                                                                                                                                                                                                                                                                                                                                                                                                                                                                                                                                                                                                                                                                                                                                                                                                                                                                                                                                                                                                                                                                                                                                                                                                                                                                                                                                                                                                                                                                                                                                                                                                                                                                                                                                                                                                                                                                                                                                                                            
BRC Global Standard for Food Safety                                                                                                                                                                                    0 NULL                                                                                                                                                                                                                                                                                                                                                                                                                                                                                                                                                                                                                                                                                                                                                                                                                                                                                                                                                                                                                                                                                                                                                                                                                                                                                                                                                                                                                                                                                                                                                                                                                                                                                                                                                                                                                                                                                                                                                                                                                                                                                                                                                                                                                                                                                                                                                                                                                                                                                                                                                                                                                                                                                                                                                                                                                                                                                                                                                                                                                                                                                                                                                                                                                                                                                                                                                                                                                                                                                                                                                                                                                                                                                                                                                                                                                                                                                                                                                                                                                                                                                                                                                            
FSSC 22000 Food Safety System                                                                                                                                                                                          0 NULL                                                                                                                                                                                                                                                                                                                                                                                                                                                                                                                                                                                                                                                                                                                                                                                                                                                                                                                                                                                                                                                                                                                                                                                                                                                                                                                                                                                                                                                                                                                                                                                                                                                                                                                                                                                                                                                                                                                                                                                                                                                                                                                                                                                                                                                                                                                                                                                                                                                                                                                                                                                                                                                                                                                                                                                                                                                                                                                                                                                                                                                                                                                                                                                                                                                                                                                                                                                                                                                                                                                                                                                                                                                                                                                                                                                                                                                                                                                                                                                                                                                                                                                                                            
Gap Analysis Assessment                                                                                                                                                                                                0 NULL                                                                                                                                                                                                                                                                                                                                                                                                                                                                                                                                                                                                                                                                                                                                                                                                                                                                                                                                                                                                                                                                                                                                                                                                                                                                                                                                                                                                                                                                                                                                                                                                                                                                                                                                                                                                                                                                                                                                                                                                                                                                                                                                                                                                                                                                                                                                                                                                                                                                                                                                                                                                                                                                                                                                                                                                                                                                                                                                                                                                                                                                                                                                                                                                                                                                                                                                                                                                                                                                                                                                                                                                                                                                                                                                                                                                                                                                                                                                                                                                                                                                                                                                                            
HACCP Hazard Analysis                                                                                                                                                                                                  0 NULL                                                                                                                                                                                                                                                                                                                                                                                                                                                                                                                                                                                                                                                                                                                                                                                                                                                                                                                                                                                                                                                                                                                                                                                                                                                                                                                                                                                                                                                                                                                                                                                                                                                                                                                                                                                                                                                                                                                                                                                                                                                                                                                                                                                                                                                                                                                                                                                                                                                                                                                                                                                                                                                                                                                                                                                                                                                                                                                                                                                                                                                                                                                                                                                                                                                                                                                                                                                                                                                                                                                                                                                                                                                                                                                                                                                                                                                                                                                                                                                                                                                                                                                                                            
Internal Auditor Training - QMS                                                                                                                                                                                        0 NULL                                                                                                                                                                                                                                                                                                                                                                                                                                                                                                                                                                                                                                                                                                                                                                                                                                                                                                                                                                                                                                                                                                                                                                                                                                                                                                                                                                                                                                                                                                                                                                                                                                                                                                                                                                                                                                                                                                                                                                                                                                                                                                                                                                                                                                                                                                                                                                                                                                                                                                                                                                                                                                                                                                                                                                                                                                                                                                                                                                                                                                                                                                                                                                                                                                                                                                                                                                                                                                                                                                                                                                                                                                                                                                                                                                                                                                                                                                                                                                                                                                                                                                                                                            
ISM International Safety Management                                                                                                                                                                                    0 NULL                                                                                                                                                                                                                                                                                                                                                                                                                                                                                                                                                                                                                                                                                                                                                                                                                                                                                                                                                                                                                                                                                                                                                                                                                                                                                                                                                                                                                                                                                                                                                                                                                                                                                                                                                                                                                                                                                                                                                                                                                                                                                                                                                                                                                                                                                                                                                                                                                                                                                                                                                                                                                                                                                                                                                                                                                                                                                                                                                                                                                                                                                                                                                                                                                                                                                                                                                                                                                                                                                                                                                                                                                                                                                                                                                                                                                                                                                                                                                                                                                                                                                                                                                            
ISO 13485 Medical Devices Quality                                                                                                                                                                                      0 NULL                                                                                                                                                                                                                                                                                                                                                                                                                                                                                                                                                                                                                                                                                                                                                                                                                                                                                                                                                                                                                                                                                                                                                                                                                                                                                                                                                                                                                                                                                                                                                                                                                                                                                                                                                                                                                                                                                                                                                                                                                                                                                                                                                                                                                                                                                                                                                                                                                                                                                                                                                                                                                                                                                                                                                                                                                                                                                                                                                                                                                                                                                                                                                                                                                                                                                                                                                                                                                                                                                                                                                                                                                                                                                                                                                                                                                                                                                                                                                                                                                                                                                                                                                            
ISO 14001 Environmental Management System                                                                                                                                                                              0 NULL                                                                                                                                                                                                                                                                                                                                                                                                                                                                                                                                                                                                                                                                                                                                                                                                                                                                                                                                                                                                                                                                                                                                                                                                                                                                                                                                                                                                                                                                                                                                                                                                                                                                                                                                                                                                                                                                                                                                                                                                                                                                                                                                                                                                                                                                                                                                                                                                                                                                                                                                                                                                                                                                                                                                                                                                                                                                                                                                                                                                                                                                                                                                                                                                                                                                                                                                                                                                                                                                                                                                                                                                                                                                                                                                                                                                                                                                                                                                                                                                                                                                                                                                                            
ISO 14001 Lead Auditor Training                                                                                                                                                                                        0 NULL                                                                                                                                                                                                                                                                                                                                                                                                                                                                                                                                                                                                                                                                                                                                                                                                                                                                                                                                                                                                                                                                                                                                                                                                                                                                                                                                                                                                                                                                                                                                                                                                                                                                                                                                                                                                                                                                                                                                                                                                                                                                                                                                                                                                                                                                                                                                                                                                                                                                                                                                                                                                                                                                                                                                                                                                                                                                                                                                                                                                                                                                                                                                                                                                                                                                                                                                                                                                                                                                                                                                                                                                                                                                                                                                                                                                                                                                                                                                                                                                                                                                                                                                                            
ISO 22000 Food Safety Management                                                                                                                                                                                       0 NULL                                                                                                                                                                                                                                                                                                                                                                                                                                                                                                                                                                                                                                                                                                                                                                                                                                                                                                                                                                                                                                                                                                                                                                                                                                                                                                                                                                                                                                                                                                                                                                                                                                                                                                                                                                                                                                                                                                                                                                                                                                                                                                                                                                                                                                                                                                                                                                                                                                                                                                                                                                                                                                                                                                                                                                                                                                                                                                                                                                                                                                                                                                                                                                                                                                                                                                                                                                                                                                                                                                                                                                                                                                                                                                                                                                                                                                                                                                                                                                                                                                                                                                                                                            
ISO 22301 Business Continuity Management                                                                                                                                                                               0 NULL                                                                                                                                                                                                                                                                                                                                                                                                                                                                                                                                                                                                                                                                                                                                                                                                                                                                                                                                                                                                                                                                                                                                                                                                                                                                                                                                                                                                                                                                                                                                                                                                                                                                                                                                                                                                                                                                                                                                                                                                                                                                                                                                                                                                                                                                                                                                                                                                                                                                                                                                                                                                                                                                                                                                                                                                                                                                                                                                                                                                                                                                                                                                                                                                                                                                                                                                                                                                                                                                                                                                                                                                                                                                                                                                                                                                                                                                                                                                                                                                                                                                                                                                                            
ISO 26000 Social Responsibility                                                                                                                                                                                        0 NULL                                                                                                                                                                                                                                                                                                                                                                                                                                                                                                                                                                                                                                                                                                                                                                                                                                                                                                                                                                                                                                                                                                                                                                                                                                                                                                                                                                                                                                                                                                                                                                                                                                                                                                                                                                                                                                                                                                                                                                                                                                                                                                                                                                                                                                                                                                                                                                                                                                                                                                                                                                                                                                                                                                                                                                                                                                                                                                                                                                                                                                                                                                                                                                                                                                                                                                                                                                                                                                                                                                                                                                                                                                                                                                                                                                                                                                                                                                                                                                                                                                                                                                                                                            
ISO 27001 Information Security Management                                                                                                                                                                              0 NULL                                                                                                                                                                                                                                                                                                                                                                                                                                                                                                                                                                                                                                                                                                                                                                                                                                                                                                                                                                                                                                                                                                                                                                                                                                                                                                                                                                                                                                                                                                                                                                                                                                                                                                                                                                                                                                                                                                                                                                                                                                                                                                                                                                                                                                                                                                                                                                                                                                                                                                                                                                                                                                                                                                                                                                                                                                                                                                                                                                                                                                                                                                                                                                                                                                                                                                                                                                                                                                                                                                                                                                                                                                                                                                                                                                                                                                                                                                                                                                                                                                                                                                                                                            
ISO 29001 Oil and Gas Quality                                                                                                                                                                                          0 NULL                                                                                                                                                                                                                                                                                                                                                                                                                                                                                                                                                                                                                                                                                                                                                                                                                                                                                                                                                                                                                                                                                                                                                                                                                                                                                                                                                                                                                                                                                                                                                                                                                                                                                                                                                                                                                                                                                                                                                                                                                                                                                                                                                                                                                                                                                                                                                                                                                                                                                                                                                                                                                                                                                                                                                                                                                                                                                                                                                                                                                                                                                                                                                                                                                                                                                                                                                                                                                                                                                                                                                                                                                                                                                                                                                                                                                                                                                                                                                                                                                                                                                                                                                            
ISO 31000 Risk Management                                                                                                                                                                                              0 NULL                                                                                                                                                                                                                                                                                                                                                                                                                                                                                                                                                                                                                                                                                                                                                                                                                                                                                                                                                                                                                                                                                                                                                                                                                                                                                                                                                                                                                                                                                                                                                                                                                                                                                                                                                                                                                                                                                                                                                                                                                                                                                                                                                                                                                                                                                                                                                                                                                                                                                                                                                                                                                                                                                                                                                                                                                                                                                                                                                                                                                                                                                                                                                                                                                                                                                                                                                                                                                                                                                                                                                                                                                                                                                                                                                                                                                                                                                                                                                                                                                                                                                                                                                            
ISO 45001 Lead Auditor Training                                                                                                                                                                                        0 NULL                                                                                                                                                                                                                                                                                                                                                                                                                                                                                                                                                                                                                                                                                                                                                                                                                                                                                                                                                                                                                                                                                                                                                                                                                                                                                                                                                                                                                                                                                                                                                                                                                                                                                                                                                                                                                                                                                                                                                                                                                                                                                                                                                                                                                                                                                                                                                                                                                                                                                                                                                                                                                                                                                                                                                                                                                                                                                                                                                                                                                                                                                                                                                                                                                                                                                                                                                                                                                                                                                                                                                                                                                                                                                                                                                                                                                                                                                                                                                                                                                                                                                                                                                            
ISO 45001 Occupational Health and Safety                                                                                                                                                                               0 NULL                                                                                                                                                                                                                                                                                                                                                                                                                                                                                                                                                                                                                                                                                                                                                                                                                                                                                                                                                                                                                                                                                                                                                                                                                                                                                                                                                                                                                                                                                                                                                                                                                                                                                                                                                                                                                                                                                                                                                                                                                                                                                                                                                                                                                                                                                                                                                                                                                                                                                                                                                                                                                                                                                                                                                                                                                                                                                                                                                                                                                                                                                                                                                                                                                                                                                                                                                                                                                                                                                                                                                                                                                                                                                                                                                                                                                                                                                                                                                                                                                                                                                                                                                            
ISO 50001 Energy Management System                                                                                                                                                                                     0 NULL                                                                                                                                                                                                                                                                                                                                                                                                                                                                                                                                                                                                                                                                                                                                                                                                                                                                                                                                                                                                                                                                                                                                                                                                                                                                                                                                                                                                                                                                                                                                                                                                                                                                                                                                                                                                                                                                                                                                                                                                                                                                                                                                                                                                                                                                                                                                                                                                                                                                                                                                                                                                                                                                                                                                                                                                                                                                                                                                                                                                                                                                                                                                                                                                                                                                                                                                                                                                                                                                                                                                                                                                                                                                                                                                                                                                                                                                                                                                                                                                                                                                                                                                                            
ISO 9001 Lead Auditor Training                                                                                                                                                                                         0 NULL                                                                                                                                                                                                                                                                                                                                                                                                                                                                                                                                                                                                                                                                                                                                                                                                                                                                                                                                                                                                                                                                                                                                                                                                                                                                                                                                                                                                                                                                                                                                                                                                                                                                                                                                                                                                                                                                                                                                                                                                                                                                                                                                                                                                                                                                                                                                                                                                                                                                                                                                                                                                                                                                                                                                                                                                                                                                                                                                                                                                                                                                                                                                                                                                                                                                                                                                                                                                                                                                                                                                                                                                                                                                                                                                                                                                                                                                                                                                                                                                                                                                                                                                                            
ISO 9001 Quality Management System                                                                                                                                                                                     0 NULL                                                                                                                                                                                                                                                                                                                                                                                                                                                                                                                                                                                                                                                                                                                                                                                                                                                                                                                                                                                                                                                                                                                                                                                                                                                                                                                                                                                                                                                                                                                                                                                                                                                                                                                                                                                                                                                                                                                                                                                                                                                                                                                                                                                                                                                                                                                                                                                                                                                                                                                                                                                                                                                                                                                                                                                                                                                                                                                                                                                                                                                                                                                                                                                                                                                                                                                                                                                                                                                                                                                                                                                                                                                                                                                                                                                                                                                                                                                                                                                                                                                                                                                                                            
ISO Implementation Consulting                                                                                                                                                                                          0 NULL                                                                                                                                                                                                                                                                                                                                                                                                                                                                                                                                                                                                                                                                                                                                                                                                                                                                                                                                                                                                                                                                                                                                                                                                                                                                                                                                                                                                                                                                                                                                                                                                                                                                                                                                                                                                                                                                                                                                                                                                                                                                                                                                                                                                                                                                                                                                                                                                                                                                                                                                                                                                                                                                                                                                                                                                                                                                                                                                                                                                                                                                                                                                                                                                                                                                                                                                                                                                                                                                                                                                                                                                                                                                                                                                                                                                                                                                                                                                                                                                                                                                                                                                                            
ISO/TS 16949 Automotive Quality                                                                                                                                                                                        0 NULL                                                                                                                                                                                                                                                                                                                                                                                                                                                                                                                                                                                                                                                                                                                                                                                                                                                                                                                                                                                                                                                                                                                                                                                                                                                                                                                                                                                                                                                                                                                                                                                                                                                                                                                                                                                                                                                                                                                                                                                                                                                                                                                                                                                                                                                                                                                                                                                                                                                                                                                                                                                                                                                                                                                                                                                                                                                                                                                                                                                                                                                                                                                                                                                                                                                                                                                                                                                                                                                                                                                                                                                                                                                                                                                                                                                                                                                                                                                                                                                                                                                                                                                                                            
Management System Review                                                                                                                                                                                               0 NULL                                                                                                                                                                                                                                                                                                                                                                                                                                                                                                                                                                                                                                                                                                                                                                                                                                                                                                                                                                                                                                                                                                                                                                                                                                                                                                                                                                                                                                                                                                                                                                                                                                                                                                                                                                                                                                                                                                                                                                                                                                                                                                                                                                                                                                                                                                                                                                                                                                                                                                                                                                                                                                                                                                                                                                                                                                                                                                                                                                                                                                                                                                                                                                                                                                                                                                                                                                                                                                                                                                                                                                                                                                                                                                                                                                                                                                                                                                                                                                                                                                                                                                                                                            
MLC Maritime Labour Convention                                                                                                                                                                                         0 NULL                                                                                                                                                                                                                                                                                                                                                                                                                                                                                                                                                                                                                                                                                                                                                                                                                                                                                                                                                                                                                                                                                                                                                                                                                                                                                                                                                                                                                                                                                                                                                                                                                                                                                                                                                                                                                                                                                                                                                                                                                                                                                                                                                                                                                                                                                                                                                                                                                                                                                                                                                                                                                                                                                                                                                                                                                                                                                                                                                                                                                                                                                                                                                                                                                                                                                                                                                                                                                                                                                                                                                                                                                                                                                                                                                                                                                                                                                                                                                                                                                                                                                                                                                            
OHSAS 18001 Health and Safety (Legacy)                                                                                                                                                                                 0 NULL                                                                                                                                                                                                                                                                                                                                                                                                                                                                                                                                                                                                                                                                                                                                                                                                                                                                                                                                                                                                                                                                                                                                                                                                                                                                                                                                                                                                                                                                                                                                                                                                                                                                                                                                                                                                                                                                                                                                                                                                                                                                                                                                                                                                                                                                                                                                                                                                                                                                                                                                                                                                                                                                                                                                                                                                                                                                                                                                                                                                                                                                                                                                                                                                                                                                                                                                                                                                                                                                                                                                                                                                                                                                                                                                                                                                                                                                                                                                                                                                                                                                                                                                                            
Pre-Assessment Audit                                                                                                                                                                                                   0 NULL                                                                                                                                                                                                                                                                                                                                                                                                                                                                                                                                                                                                                                                                                                                                                                                                                                                                                                                                                                                                                                                                                                                                                                                                                                                                                                                                                                                                                                                                                                                                                                                                                                                                                                                                                                                                                                                                                                                                                                                                                                                                                                                                                                                                                                                                                                                                                                                                                                                                                                                                                                                                                                                                                                                                                                                                                                                                                                                                                                                                                                                                                                                                                                                                                                                                                                                                                                                                                                                                                                                                                                                                                                                                                                                                                                                                                                                                                                                                                                                                                                                                                                                                                            
Recertification Audit                                                                                                                                                                                                  0 NULL                                                                                                                                                                                                                                                                                                                                                                                                                                                                                                                                                                                                                                                                                                                                                                                                                                                                                                                                                                                                                                                                                                                                                                                                                                                                                                                                                                                                                                                                                                                                                                                                                                                                                                                                                                                                                                                                                                                                                                                                                                                                                                                                                                                                                                                                                                                                                                                                                                                                                                                                                                                                                                                                                                                                                                                                                                                                                                                                                                                                                                                                                                                                                                                                                                                                                                                                                                                                                                                                                                                                                                                                                                                                                                                                                                                                                                                                                                                                                                                                                                                                                                                                                            
Root Cause Analysis Training                                                                                                                                                                                           0 NULL                                                                                                                                                                                                                                                                                                                                                                                                                                                                                                                                                                                                                                                                                                                                                                                                                                                                                                                                                                                                                                                                                                                                                                                                                                                                                                                                                                                                                                                                                                                                                                                                                                                                                                                                                                                                                                                                                                                                                                                                                                                                                                                                                                                                                                                                                                                                                                                                                                                                                                                                                                                                                                                                                                                                                                                                                                                                                                                                                                                                                                                                                                                                                                                                                                                                                                                                                                                                                                                                                                                                                                                                                                                                                                                                                                                                                                                                                                                                                                                                                                                                                                                                                            
Surveillance Audit                                                                                                                                                                                                     0 NULL                                                                                                                                                                                                                                                                                                                                                                                                                                                                                                                                                                                                                                                                                                                                                                                                                                                                                                                                                                                                                                                                                                                                                                                                                                                                                                                                                                                                                                                                                                                                                                                                                                                                                                                                                                                                                                                                                                                                                                                                                                                                                                                                                                                                                                                                                                                                                                                                                                                                                                                                                                                                                                                                                                                                                                                                                                                                                                                                                                                                                                                                                                                                                                                                                                                                                                                                                                                                                                                                                                                                                                                                                                                                                                                                                                                                                                                                                                                                                                                                                                                                                                                                                            

(30 rows affected)
AccessLevel                                        Count      
-------------------------------------------------- -----------

(0 rows affected)
ServiceCategory        ServicesCount TotalUserAccess
---------------------- ------------- ---------------
Environmental                      2               0
Food Safety                        1               0
Health & Safety                    7               0
Information Security               1               0
Maritime & Energy                  1               0
Other Specialized                 11               0
Quality Management                 6               0
Renewable Energy                   1               0

(8 rows affected)
[Pass 1] FAIL UserSiteAccess_insert.sql: Msg 547, Level 16, State 1, Server DESKTOP-BOF7AOF\LOCALDB#B10938FE, Line 4
The INSERT statement conflicted with the CHECK constraint "CK_UserSiteAccess_AccessLevel". The conflict occurred in database "ERPAuditDB", table "dbo.UserSiteAccess", column 'AccessLevel'.
The statement has been terminated.
TotalSiteAccessRecords
----------------------
                     0

(1 rows affected)
SiteName                                                                                                                                                                                                 CompanyName                                                                                                                                                                                              UsersWithAccess AccessLevels                                                                                                                                                                                                                                                                                                                                                                                                                                                                                                                                                                                                                                                                                                                                                                                                                                                                                                                                                                                                                                                                                                                                                                                                                                                                                                                                                                                                                                                                                                                                                                                                                                                                                                                                                                                                                                                                                                                                                                                                                                                                                                                                                                                                                                                                                                                                                                                                                                                                                                                                                                                                                                                                                                                                                                                                                                                                                                                                                                                                                                                                                                                                                                                                                                                                                                                                                                                                                                                                                                                                                                                                                                                                                                                                                                                                                                                                                                                                                                                                                                                                                                                                                    
-------------------------------------------------------------------------------------------------------------------------------------------------------------------------------------------------------- -------------------------------------------------------------------------------------------------------------------------------------------------------------------------------------------------------- --------------- ----------------------------------------------------------------------------------------------------------------------------------------------------------------------------------------------------------------------------------------------------------------------------------------------------------------------------------------------------------------------------------------------------------------------------------------------------------------------------------------------------------------------------------------------------------------------------------------------------------------------------------------------------------------------------------------------------------------------------------------------------------------------------------------------------------------------------------------------------------------------------------------------------------------------------------------------------------------------------------------------------------------------------------------------------------------------------------------------------------------------------------------------------------------------------------------------------------------------------------------------------------------------------------------------------------------------------------------------------------------------------------------------------------------------------------------------------------------------------------------------------------------------------------------------------------------------------------------------------------------------------------------------------------------------------------------------------------------------------------------------------------------------------------------------------------------------------------------------------------------------------------------------------------------------------------------------------------------------------------------------------------------------------------------------------------------------------------------------------------------------------------------------------------------------------------------------------------------------------------------------------------------------------------------------------------------------------------------------------------------------------------------------------------------------------------------------------------------------------------------------------------------------------------------------------------------------------------------------------------------------------------------------------------------------------------------------------------------------------------------------------------------------------------------------------------------------------------------------------------------------------------------------------------------------------------------------------------------------------------------------------------------------------------------------------------------------------------------------------------------------------------------------------------------------------------------------------------------------------------------------------------------------------------------------------------------------------------------------------------------------------------------------------------------------------------------------------------------------------------------------------------------------------------------------------------------------------------------------------------------------------------------------------------------------------------------------------------------------------------------------------------------------------------------------------------------------------------------------------------------------------------------------------------------------------------------------------------------------------------------------------------------------------------------------------------------------------------------------------------------------------------------------------------------

(0 rows affected)
SiteType                                                                                             AccessLevel                                        Count      
---------------------------------------------------------------------------------------------------- -------------------------------------------------- -----------

(0 rows affected)
[Pass 1] FAIL UserTrainings_insert.sql: Msg 207, Level 16, State 1, Server DESKTOP-BOF7AOF\LOCALDB#B10938FE, Line 6
Invalid column name 'CertificationNumber'.
Msg 207, Level 16, State 1, Server DESKTOP-BOF7AOF\LOCALDB#B10938FE, Line 6
Invalid column name 'ExpiryDate'.
Msg 207, Level 16, State 1, Server DESKTOP-BOF7AOF\LOCALDB#B10938FE, Line 6
Invalid column name 'Comments'.
Msg 207, Level 16, State 1, Server DESKTOP-BOF7AOF\LOCALDB#B10938FE, Line 6
Invalid column name 'UpdatedDate'.
Msg 207, Level 16, State 1, Server DESKTOP-BOF7AOF\LOCALDB#B10938FE, Line 6
Invalid column name 'UpdatedBy'.
Msg 207, Level 16, State 1, Server DESKTOP-BOF7AOF\LOCALDB#B10938FE, Line 6
Invalid column name 'CertificationNumber'.
Msg 207, Level 16, State 1, Server DESKTOP-BOF7AOF\LOCALDB#B10938FE, Line 6
Invalid column name 'ExpiryDate'.
Msg 207, Level 16, State 1, Server DESKTOP-BOF7AOF\LOCALDB#B10938FE, Line 6
Invalid column name 'Comments'.
Msg 207, Level 16, State 1, Server DESKTOP-BOF7AOF\LOCALDB#B10938FE, Line 6
Invalid column name 'UpdatedDate'.
Msg 207, Level 16, State 1, Server DESKTOP-BOF7AOF\LOCALDB#B10938FE, Line 6
Invalid column name 'UpdatedBy'.
Msg 207, Level 16, State 1, Server DESKTOP-BOF7AOF\LOCALDB#B10938FE, Line 127
Invalid column name 'CompanyId'.
Msg 207, Level 16, State 1, Server DESKTOP-BOF7AOF\LOCALDB#B10938FE, Line 117
Invalid column name 'CompanyId'.
Msg 207, Level 16, State 1, Server DESKTOP-BOF7AOF\LOCALDB#B10938FE, Line 139
Invalid column name 'CompanyId'.
Msg 207, Level 16, State 1, Server DESKTOP-BOF7AOF\LOCALDB#B10938FE, Line 168
Invalid column name 'CompanyId'.
Msg 207, Level 16, State 1, Server DESKTOP-BOF7AOF\LOCALDB#B10938FE, Line 166
Invalid column name 'Comments'.
Msg 207, Level 16, State 1, Server DESKTOP-BOF7AOF\LOCALDB#B10938FE, Line 189
Invalid column name 'CompanyId'.
Msg 207, Level 16, State 1, Server DESKTOP-BOF7AOF\LOCALDB#B10938FE, Line 192
Invalid column name 'ExpiryDate'.
Msg 207, Level 16, State 1, Server DESKTOP-BOF7AOF\LOCALDB#B10938FE, Line 179
Invalid column name 'CertificationNumber'.
Msg 207, Level 16, State 1, Server DESKTOP-BOF7AOF\LOCALDB#B10938FE, Line 180
Invalid column name 'ExpiryDate'.
Msg 207, Level 16, State 1, Server DESKTOP-BOF7AOF\LOCALDB#B10938FE, Line 181
Invalid column name 'ExpiryDate'.
Msg 207, Level 16, State 1, Server DESKTOP-BOF7AOF\LOCALDB#B10938FE, Line 183
Invalid column name 'ExpiryDate'.
Msg 207, Level 16, State 1, Server DESKTOP-BOF7AOF\LOCALDB#B10938FE, Line 184
Invalid column name 'ExpiryDate'.
Msg 207, Level 16, State 1, Server DESKTOP-BOF7AOF\LOCALDB#B10938FE, Line 185
Invalid column name 'ExpiryDate'.
Msg 207, Level 16, State 1, Server DESKTOP-BOF7AOF\LOCALDB#B10938FE, Line 193
Invalid column name 'ExpiryDate'.
[Pass 2] FAIL AuditLogs_insert.sql: Msg 207, Level 16, State 1, Server DESKTOP-BOF7AOF\LOCALDB#B10938FE, Line 6
Invalid column name 'TableName'.
Msg 207, Level 16, State 1, Server DESKTOP-BOF7AOF\LOCALDB#B10938FE, Line 6
Invalid column name 'Operation'.
Msg 207, Level 16, State 1, Server DESKTOP-BOF7AOF\LOCALDB#B10938FE, Line 6
Invalid column name 'RecordId'.
Msg 207, Level 16, State 1, Server DESKTOP-BOF7AOF\LOCALDB#B10938FE, Line 6
Invalid column name 'Timestamp'.
Msg 207, Level 16, State 1, Server DESKTOP-BOF7AOF\LOCALDB#B10938FE, Line 6
Invalid column name 'ReasonCode'.
Msg 207, Level 16, State 1, Server DESKTOP-BOF7AOF\LOCALDB#B10938FE, Line 6
Invalid column name 'Comments'.
Msg 207, Level 16, State 1, Server DESKTOP-BOF7AOF\LOCALDB#B10938FE, Line 6
Invalid column name 'TableName'.
Msg 207, Level 16, State 1, Server DESKTOP-BOF7AOF\LOCALDB#B10938FE, Line 6
Invalid column name 'Operation'.
Msg 207, Level 16, State 1, Server DESKTOP-BOF7AOF\LOCALDB#B10938FE, Line 6
Invalid column name 'RecordId'.
Msg 207, Level 16, State 1, Server DESKTOP-BOF7AOF\LOCALDB#B10938FE, Line 6
Invalid column name 'Timestamp'.
Msg 207, Level 16, State 1, Server DESKTOP-BOF7AOF\LOCALDB#B10938FE, Line 6
Invalid column name 'ReasonCode'.
Msg 207, Level 16, State 1, Server DESKTOP-BOF7AOF\LOCALDB#B10938FE, Line 6
Invalid column name 'Comments'.
Msg 207, Level 16, State 1, Server DESKTOP-BOF7AOF\LOCALDB#B10938FE, Line 122
Invalid column name 'Operation'.
Msg 207, Level 16, State 1, Server DESKTOP-BOF7AOF\LOCALDB#B10938FE, Line 116
Invalid column name 'Operation'.
Msg 207, Level 16, State 1, Server DESKTOP-BOF7AOF\LOCALDB#B10938FE, Line 119
Invalid column name 'Timestamp'.
Msg 207, Level 16, State 1, Server DESKTOP-BOF7AOF\LOCALDB#B10938FE, Line 120
Invalid column name 'Timestamp'.
Msg 207, Level 16, State 1, Server DESKTOP-BOF7AOF\LOCALDB#B10938FE, Line 132
Invalid column name 'TableName'.
Msg 207, Level 16, State 1, Server DESKTOP-BOF7AOF\LOCALDB#B10938FE, Line 133
Invalid column name 'TableName'.
Msg 207, Level 16, State 1, Server DESKTOP-BOF7AOF\LOCALDB#B10938FE, Line 127
Invalid column name 'TableName'.
Msg 207, Level 16, State 1, Server DESKTOP-BOF7AOF\LOCALDB#B10938FE, Line 129
Invalid column name 'Operation'.
Msg 207, Level 16, State 1, Server DESKTOP-BOF7AOF\LOCALDB#B10938FE, Line 143
Invalid column name 'Timestamp'.
Msg 207, Level 16, State 1, Server DESKTOP-BOF7AOF\LOCALDB#B10938FE, Line 144
Invalid column name 'Timestamp'.
Msg 207, Level 16, State 1, Server DESKTOP-BOF7AOF\LOCALDB#B10938FE, Line 138
Invalid column name 'Timestamp'.
Msg 207, Level 16, State 1, Server DESKTOP-BOF7AOF\LOCALDB#B10938FE, Line 141
Invalid column name 'Operation'.
Msg 207, Level 16, State 1, Server DESKTOP-BOF7AOF\LOCALDB#B10938FE, Line 151
Invalid column name 'Operation'.
Msg 207, Level 16, State 1, Server DESKTOP-BOF7AOF\LOCALDB#B10938FE, Line 152
Invalid column name 'TableName'.
Msg 207, Level 16, State 1, Server DESKTOP-BOF7AOF\LOCALDB#B10938FE, Line 153
Invalid column name 'Timestamp'.
Msg 207, Level 16, State 1, Server DESKTOP-BOF7AOF\LOCALDB#B10938FE, Line 154
Invalid column name 'Timestamp'.
Msg 207, Level 16, State 1, Server DESKTOP-BOF7AOF\LOCALDB#B10938FE, Line 174
Invalid column name 'Operation'.
Msg 207, Level 16, State 1, Server DESKTOP-BOF7AOF\LOCALDB#B10938FE, Line 174
Invalid column name 'Operation'.
Msg 207, Level 16, State 1, Server DESKTOP-BOF7AOF\LOCALDB#B10938FE, Line 174
Invalid column name 'Operation'.
Msg 207, Level 16, State 1, Server DESKTOP-BOF7AOF\LOCALDB#B10938FE, Line 174
Invalid column name 'Operation'.
Msg 207, Level 16, State 1, Server DESKTOP-BOF7AOF\LOCALDB#B10938FE, Line 175
Invalid column name 'ReasonCode'.
Msg 207, Level 16, State 1, Server DESKTOP-BOF7AOF\LOCALDB#B10938FE, Line 175
Invalid column name 'ReasonCode'.
Msg 207, Level 16, State 1, Server DESKTOP-BOF7AOF\LOCALDB#B10938FE, Line 175
Invalid column name 'ReasonCode'.
Msg 207, Level 16, State 1, Server DESKTOP-BOF7AOF\LOCALDB#B10938FE, Line 162
Invalid column name 'Operation'.
Msg 207, Level 16, State 1, Server DESKTOP-BOF7AOF\LOCALDB#B10938FE, Line 165
Invalid column name 'Timestamp'.
Msg 207, Level 16, State 1, Server DESKTOP-BOF7AOF\LOCALDB#B10938FE, Line 166
Invalid column name 'Comments'.
Msg 207, Level 16, State 1, Server DESKTOP-BOF7AOF\LOCALDB#B10938FE, Line 168
Invalid column name 'Operation'.
Msg 207, Level 16, State 1, Server DESKTOP-BOF7AOF\LOCALDB#B10938FE, Line 169
Invalid column name 'Operation'.
Msg 207, Level 16, State 1, Server DESKTOP-BOF7AOF\LOCALDB#B10938FE, Line 170
Invalid column name 'Operation'.
Msg 207, Level 16, State 1, Server DESKTOP-BOF7AOF\LOCALDB#B10938FE, Line 186
Invalid column name 'Operation'.
Msg 207, Level 16, State 1, Server DESKTOP-BOF7AOF\LOCALDB#B10938FE, Line 186
Invalid column name 'Operation'.
Msg 207, Level 16, State 1, Server DESKTOP-BOF7AOF\LOCALDB#B10938FE, Line 186
Invalid column name 'Operation'.
Msg 207, Level 16, State 1, Server DESKTOP-BOF7AOF\LOCALDB#B10938FE, Line 187
Invalid column name 'TableName'.
Msg 207, Level 16, State 1, Server DESKTOP-BOF7AOF\LOCALDB#B10938FE, Line 187
Invalid column name 'Operation'.
Msg 207, Level 16, State 1, Server DESKTOP-BOF7AOF\LOCALDB#B10938FE, Line 180
Invalid column name 'TableName'.
Msg 207, Level 16, State 1, Server DESKTOP-BOF7AOF\LOCALDB#B10938FE, Line 181
Invalid column name 'Operation'.
Msg 207, Level 16, State 1, Server DESKTOP-BOF7AOF\LOCALDB#B10938FE, Line 184
Invalid column name 'Timestamp'.
[Pass 2] FAIL Audits_insert.sql: Msg 2627, Level 14, State 1, Server DESKTOP-BOF7AOF\LOCALDB#B10938FE, Line 1
Violation of PRIMARY KEY constraint 'PK__Audits__43D17399821F4DC3'. Cannot insert duplicate key in object 'dbo.Audits'. The duplicate key value is (1392092).
The statement has been terminated.
[Pass 2] FAIL AuditServices_insert.sql: Msg 207, Level 16, State 1, Server DESKTOP-BOF7AOF\LOCALDB#B10938FE, Line 4
Invalid column name 'AuditTypeId'.
Msg 207, Level 16, State 1, Server DESKTOP-BOF7AOF\LOCALDB#B10938FE, Line 4
Invalid column name 'IsDefault'.
Msg 207, Level 16, State 1, Server DESKTOP-BOF7AOF\LOCALDB#B10938FE, Line 4
Invalid column name 'AuditTypeId'.
Msg 207, Level 16, State 1, Server DESKTOP-BOF7AOF\LOCALDB#B10938FE, Line 4
Invalid column name 'IsDefault'.
Msg 207, Level 16, State 1, Server DESKTOP-BOF7AOF\LOCALDB#B10938FE, Line 122
Invalid column name 'AuditTypeId'.
Msg 207, Level 16, State 1, Server DESKTOP-BOF7AOF\LOCALDB#B10938FE, Line 123
Invalid column name 'TypeName'.
Msg 207, Level 16, State 1, Server DESKTOP-BOF7AOF\LOCALDB#B10938FE, Line 118
Invalid column name 'TypeName'.
Msg 207, Level 16, State 1, Server DESKTOP-BOF7AOF\LOCALDB#B10938FE, Line 120
Invalid column name 'IsDefault'.
Msg 207, Level 16, State 1, Server DESKTOP-BOF7AOF\LOCALDB#B10938FE, Line 133
Invalid column name 'AuditTypeId'.
Msg 207, Level 16, State 1, Server DESKTOP-BOF7AOF\LOCALDB#B10938FE, Line 135
Invalid column name 'AuditTypeId'.
Msg 207, Level 16, State 1, Server DESKTOP-BOF7AOF\LOCALDB#B10938FE, Line 129
Invalid column name 'AuditTypeId'.
Msg 207, Level 16, State 1, Server DESKTOP-BOF7AOF\LOCALDB#B10938FE, Line 130
Invalid column name 'TypeName'.
[Pass 2] FAIL AuditSiteAudits_insert.sql: Msg 207, Level 16, State 1, Server DESKTOP-BOF7AOF\LOCALDB#B10938FE, Line 4
Invalid column name 'AuditDate'.
Msg 207, Level 16, State 1, Server DESKTOP-BOF7AOF\LOCALDB#B10938FE, Line 4
Invalid column name 'AuditorId'.
Msg 207, Level 16, State 1, Server DESKTOP-BOF7AOF\LOCALDB#B10938FE, Line 4
Invalid column name 'AuditDate'.
Msg 207, Level 16, State 1, Server DESKTOP-BOF7AOF\LOCALDB#B10938FE, Line 4
Invalid column name 'AuditorId'.
Msg 207, Level 16, State 1, Server DESKTOP-BOF7AOF\LOCALDB#B10938FE, Line 133
Invalid column name 'AuditTitle'.
Msg 207, Level 16, State 1, Server DESKTOP-BOF7AOF\LOCALDB#B10938FE, Line 127
Invalid column name 'AuditTitle'.
Msg 207, Level 16, State 1, Server DESKTOP-BOF7AOF\LOCALDB#B10938FE, Line 142
Invalid column name 'AuditorId'.
Msg 207, Level 16, State 1, Server DESKTOP-BOF7AOF\LOCALDB#B10938FE, Line 143
Invalid column name 'AuditorId'.
[Pass 2] FAIL AuditSites_insert.sql: Msg 207, Level 16, State 1, Server DESKTOP-BOF7AOF\LOCALDB#B10938FE, Line 4
Invalid column name 'ServiceId'.
Msg 207, Level 16, State 1, Server DESKTOP-BOF7AOF\LOCALDB#B10938FE, Line 4
Invalid column name 'IsMainSite'.
Msg 207, Level 16, State 1, Server DESKTOP-BOF7AOF\LOCALDB#B10938FE, Line 4
Invalid column name 'ServiceId'.
Msg 207, Level 16, State 1, Server DESKTOP-BOF7AOF\LOCALDB#B10938FE, Line 4
Invalid column name 'IsMainSite'.
Msg 207, Level 16, State 1, Server DESKTOP-BOF7AOF\LOCALDB#B10938FE, Line 127
Invalid column name 'ServiceId'.
Msg 207, Level 16, State 1, Server DESKTOP-BOF7AOF\LOCALDB#B10938FE, Line 125
Invalid column name 'IsMainSite'.
Msg 207, Level 16, State 1, Server DESKTOP-BOF7AOF\LOCALDB#B10938FE, Line 141
Invalid column name 'ServiceId'.
Msg 207, Level 16, State 1, Server DESKTOP-BOF7AOF\LOCALDB#B10938FE, Line 136
Invalid column name 'ServiceId'.
Msg 207, Level 16, State 1, Server DESKTOP-BOF7AOF\LOCALDB#B10938FE, Line 151
Invalid column name 'IsMainSite'.
Msg 207, Level 16, State 1, Server DESKTOP-BOF7AOF\LOCALDB#B10938FE, Line 157
Invalid column name 'IsMainSite'.
[Pass 2] FAIL AuditTeamMembers_insert.sql: Msg 206, Level 16, State 2, Server DESKTOP-BOF7AOF\LOCALDB#B10938FE, Line 4
Operand type clash: uniqueidentifier is incompatible with int
Msg 207, Level 16, State 1, Server DESKTOP-BOF7AOF\LOCALDB#B10938FE, Line 135
Invalid column name 'AuditTitle'.
Msg 207, Level 16, State 1, Server DESKTOP-BOF7AOF\LOCALDB#B10938FE, Line 126
Invalid column name 'AuditTitle'.
[Pass 2] FAIL AuditTypes_insert.sql: Msg 207, Level 16, State 1, Server DESKTOP-BOF7AOF\LOCALDB#B10938FE, Line 6
Invalid column name 'TypeName'.
Msg 207, Level 16, State 1, Server DESKTOP-BOF7AOF\LOCALDB#B10938FE, Line 6
Invalid column name 'TypeCode'.
Msg 207, Level 16, State 1, Server DESKTOP-BOF7AOF\LOCALDB#B10938FE, Line 6
Invalid column name 'StandardDuration'.
Msg 207, Level 16, State 1, Server DESKTOP-BOF7AOF\LOCALDB#B10938FE, Line 6
Invalid column name 'TypeName'.
Msg 207, Level 16, State 1, Server DESKTOP-BOF7AOF\LOCALDB#B10938FE, Line 6
Invalid column name 'TypeCode'.
Msg 207, Level 16, State 1, Server DESKTOP-BOF7AOF\LOCALDB#B10938FE, Line 6
Invalid column name 'StandardDuration'.
[Pass 2] FAIL Certificates_insert.sql: Msg 207, Level 16, State 1, Server DESKTOP-BOF7AOF\LOCALDB#B10938FE, Line 6
Invalid column name 'CertificateTitle'.
Msg 207, Level 16, State 1, Server DESKTOP-BOF7AOF\LOCALDB#B10938FE, Line 6
Invalid column name 'Sites'.
Msg 207, Level 16, State 1, Server DESKTOP-BOF7AOF\LOCALDB#B10938FE, Line 6
Invalid column name 'ValidatedBy'.
Msg 207, Level 16, State 1, Server DESKTOP-BOF7AOF\LOCALDB#B10938FE, Line 6
Invalid column name 'CertificateTitle'.
Msg 207, Level 16, State 1, Server DESKTOP-BOF7AOF\LOCALDB#B10938FE, Line 6
Invalid column name 'Sites'.
Msg 207, Level 16, State 1, Server DESKTOP-BOF7AOF\LOCALDB#B10938FE, Line 6
Invalid column name 'ValidatedBy'.
Msg 207, Level 16, State 1, Server DESKTOP-BOF7AOF\LOCALDB#B10938FE, Line 82
Invalid column name 'CertificateTitle'.
[Pass 2] FAIL Cities_insert.sql: Msg 2627, Level 14, State 1, Server DESKTOP-BOF7AOF\LOCALDB#B10938FE, Line 6
Violation of PRIMARY KEY constraint 'PK_Cities'. Cannot insert duplicate key in object 'dbo.Cities'. The duplicate key value is (1).
The statement has been terminated.
TotalCities
-----------
         50

(1 rows affected)
CityName                                                                                             CountryName                                                                                          StateProvince                                                                                       
---------------------------------------------------------------------------------------------------- ---------------------------------------------------------------------------------------------------- ----------------------------------------------------------------------------------------------------
Sydney                                                                                               Australia                                                                                            New South Wales                                                                                     
Calgary                                                                                              Canada                                                                                               Alberta                                                                                             
Montreal                                                                                             Canada                                                                                               Quebec                                                                                              
Ottawa                                                                                               Canada                                                                                               Ontario                                                                                             
Toronto                                                                                              Canada                                                                                               Ontario                                                                                             
Vancouver                                                                                            Canada                                                                                               British Columbia                                                                                    
Shanghai                                                                                             China                                                                                                Shanghai                                                                                            
Lyon                                                                                                 France                                                                                               Auvergne-Rhône-Alpes                                                                               
Marseille                                                                                            France                                                                                               Provence-Alpes-Côte d'Azur                                                                         
Nice                                                                                                 France                                                                                               Provence-Alpes-Côte d'Azur                                                                         
Paris                                                                                                France                                                                                               �Zle-de-France                                                                                      
Toulouse                                                                                             France                                                                                               Occitanie                                                                                           
Berlin                                                                                               Germany                                                                                              Berlin                                                                                              
Cologne                                                                                              Germany                                                                                              North Rhine-Westphalia                                                                              
Frankfurt                                                                                            Germany                                                                                              Hesse                                                                                               
Hamburg                                                                                              Germany                                                                                              Hamburg                                                                                             
Munich                                                                                               Germany                                                                                              Bavaria                                                                                             
Florence                                                                                             Italy                                                                                                Tuscany                                                                                             
Milan                                                                                                Italy                                                                                                Lombardy                                                                                            
Naples                                                                                               Italy                                                                                                Campania                                                                                            
Rome                                                                                                 Italy                                                                                                Lazio                                                                                               
Turin                                                                                                Italy                                                                                                Piedmont                                                                                            
Tokyo                                                                                                Japan                                                                                                Tokyo                                                                                               
Amsterdam                                                                                            Netherlands                                                                                          North Holland                                                                                       
Eindhoven                                                                                            Netherlands                                                                                          North Brabant                                                                                       
Rotterdam                                                                                            Netherlands                                                                                          South Holland                                                                                       
The Hague                                                                                            Netherlands                                                                                          South Holland                                                                                       
Utrecht                                                                                              Netherlands                                                                                          Utrecht                                                                                             
Bergen                                                                                               Norway                                                                                               Vestland                                                                                            
Drammen                                                                                              Norway                                                                                               Viken                                                                                               
Oslo                                                                                                 Norway                                                                                               Oslo                                                                                                
Stavanger                                                                                            Norway                                                                                               Rogaland                                                                                            
Trondheim                                                                                            Norway                                                                                               Trøndelag                                                                                          
Singapore                                                                                            Singapore                                                                                            NULL                                                                                                
Seoul                                                                                                South Korea                                                                                          Seoul                                                                                               
Barcelona                                                                                            Spain                                                                                                Catalonia                                                                                           
Bilbao                                                                                               Spain                                                                                                Basque Country                                                                                      
Madrid                                                                                               Spain                                                                                                Community of Madrid                                                                                 
Seville                                                                                              Spain                                                                                                Andalusia                                                                                           
Valencia                                                                                             Spain                                                                                                Valencian Community                                                                                 
Birmingham                                                                                           United Kingdom                                                                                       England                                                                                             
Edinburgh                                                                                            United Kingdom                                                                                       Scotland                                                                                            
Glasgow                                                                                              United Kingdom                                                                                       Scotland                                                                                            
London                                                                                               United Kingdom                                                                                       England                                                                                             
Manchester                                                                                           United Kingdom                                                                                       England                                                                                             
Chicago                                                                                              United States                                                                                        Illinois                                                                                            
Houston                                                                                              United States                                                                                        Texas                                                                                               
Los Angeles                                                                                          United States                                                                                        California                                                                                          
New York                                                                                             United States                                                                                        New York                                                                                            
Philadelphia                                                                                         United States                                                                                        Pennsylvania                                                                                        

(50 rows affected)
[Pass 2] FAIL Companies_insert.sql: Msg 102, Level 15, State 1, Server DESKTOP-BOF7AOF\LOCALDB#B10938FE, Line 25
Incorrect syntax near 'Industria'.
Msg 132, Level 15, State 1, Server DESKTOP-BOF7AOF\LOCALDB#B10938FE, Line 28
The label 'https' has already been declared. Label names must be unique within a query batch or stored procedure.
Msg 132, Level 15, State 1, Server DESKTOP-BOF7AOF\LOCALDB#B10938FE, Line 31
The label 'https' has already been declared. Label names must be unique within a query batch or stored procedure.
Msg 132, Level 15, State 1, Server DESKTOP-BOF7AOF\LOCALDB#B10938FE, Line 34
The label 'https' has already been declared. Label names must be unique within a query batch or stored procedure.
Msg 132, Level 15, State 1, Server DESKTOP-BOF7AOF\LOCALDB#B10938FE, Line 37
The label 'https' has already been declared. Label names must be unique within a query batch or stored procedure.
Msg 132, Level 15, State 1, Server DESKTOP-BOF7AOF\LOCALDB#B10938FE, Line 40
The label 'https' has already been declared. Label names must be unique within a query batch or stored procedure.
Msg 132, Level 15, State 1, Server DESKTOP-BOF7AOF\LOCALDB#B10938FE, Line 43
The label 'https' has already been declared. Label names must be unique within a query batch or stored procedure.
Msg 132, Level 15, State 1, Server DESKTOP-BOF7AOF\LOCALDB#B10938FE, Line 46
The label 'https' has already been declared. Label names must be unique within a query batch or stored procedure.
Msg 132, Level 15, State 1, Server DESKTOP-BOF7AOF\LOCALDB#B10938FE, Line 49
The label 'https' has already been declared. Label names must be unique within a query batch or stored procedure.
Msg 132, Level 15, State 1, Server DESKTOP-BOF7AOF\LOCALDB#B10938FE, Line 52
The label 'https' has already been declared. Label names must be unique within a query batch or stored procedure.
Msg 132, Level 15, State 1, Server DESKTOP-BOF7AOF\LOCALDB#B10938FE, Line 55
The label 'https' has already been declared. Label names must be unique within a query batch or stored procedure.
Msg 319, Level 15, State 1, Server DESKTOP-BOF7AOF\LOCALDB#B10938FE, Line 58
Incorrect syntax near the keyword 'with'. If this statement is a common table expression, an xmlnamespaces clause or a change tracking context clause, the previous statement must be terminated with a semicolon.
Msg 132, Level 15, State 1, Server DESKTOP-BOF7AOF\LOCALDB#B10938FE, Line 58
The label 'https' has already been declared. Label names must be unique within a query batch or stored procedure.
Msg 132, Level 15, State 1, Server DESKTOP-BOF7AOF\LOCALDB#B10938FE, Line 60
The label 'https' has already been declared. Label names must be unique within a query batch or stored procedure.
Msg 132, Level 15, State 1, Server DESKTOP-BOF7AOF\LOCALDB#B10938FE, Line 63
The label 'https' has already been declared. Label names must be unique within a query batch or stored procedure.
Msg 132, Level 15, State 1, Server DESKTOP-BOF7AOF\LOCALDB#B10938FE, Line 65
The label 'https' has already been declared. Label names must be unique within a query batch or stored procedure.
Msg 105, Level 15, State 1, Server DESKTOP-BOF7AOF\LOCALDB#B10938FE, Line 65
Unclosed quotation mark after the character string ', 1, GETDATE(), GETDATE(), 1, 1);

SET IDENTITY_INSERT [dbo].[Companies] OFF;

-- Verify the insert
SELECT COUNT(*) as TotalCompanies FROM [dbo].[Companies];
SELECT Industry, COUNT(*) as Count FROM [dbo].[Companies] GROUP BY Industry ORDER BY Count DESC;
SELECT c.CompanyName, co.CountryName, ci.CityName, c.EmployeeCount 
FROM [dbo].[Companies] c 
LEFT JOIN [dbo].[Countries] co ON c.CountryId = co.CountryId 
LEFT JOIN [dbo].[Cities] ci ON c.CityId = ci.CityId 
ORDER BY c.EmployeeCount DESC;
'.
[Pass 2] FAIL Countries_insert.sql: Msg 2627, Level 14, State 1, Server DESKTOP-BOF7AOF\LOCALDB#B10938FE, Line 6
Violation of PRIMARY KEY constraint 'PK_Countries'. Cannot insert duplicate key in object 'dbo.Countries'. The duplicate key value is (1).
The statement has been terminated.
TotalCountries
--------------
            30

(1 rows affected)
CountryId   CountryName                                                                                          CountryCode CountryCodeAlpha2 IsActive CreatedDate             ModifiedDate            CreatedBy   ModifiedBy  Region                                                                                               Continent                                          Currency DisplayOrder
----------- ---------------------------------------------------------------------------------------------------- ----------- ----------------- -------- ----------------------- ----------------------- ----------- ----------- ---------------------------------------------------------------------------------------------------- -------------------------------------------------- -------- ------------
          1 United States                                                                                        USA         US                       1 2026-05-01 19:46:15.810 2026-05-01 19:46:15.810        NULL        NULL North America                                                                                        North America                                      USD                 1
          2 United Kingdom                                                                                       GBR         GB                       1 2026-05-01 19:46:15.810 2026-05-01 19:46:15.810        NULL        NULL Western Europe                                                                                       Europe                                             GBP                 2
          3 Germany                                                                                              DEU         DE                       1 2026-05-01 19:46:15.810 2026-05-01 19:46:15.810        NULL        NULL Western Europe                                                                                       Europe                                             EUR                 3
          4 France                                                                                               FRA         FR                       1 2026-05-01 19:46:15.810 2026-05-01 19:46:15.810        NULL        NULL Western Europe                                                                                       Europe                                             EUR                 4
          5 Italy                                                                                                ITA         IT                       1 2026-05-01 19:46:15.810 2026-05-01 19:46:15.810        NULL        NULL Southern Europe                                                                                      Europe                                             EUR                 5

(5 rows affected)
[Pass 2] FAIL FindingCategories_insert.sql: Msg 207, Level 16, State 1, Server DESKTOP-BOF7AOF\LOCALDB#B10938FE, Line 6
Invalid column name 'CategoryId'.
Msg 207, Level 16, State 1, Server DESKTOP-BOF7AOF\LOCALDB#B10938FE, Line 6
Invalid column name 'CategoryDescription'.
Msg 207, Level 16, State 1, Server DESKTOP-BOF7AOF\LOCALDB#B10938FE, Line 6
Invalid column name 'Severity'.
Msg 207, Level 16, State 1, Server DESKTOP-BOF7AOF\LOCALDB#B10938FE, Line 6
Invalid column name 'CategoryId'.
Msg 207, Level 16, State 1, Server DESKTOP-BOF7AOF\LOCALDB#B10938FE, Line 6
Invalid column name 'CategoryDescription'.
Msg 207, Level 16, State 1, Server DESKTOP-BOF7AOF\LOCALDB#B10938FE, Line 6
Invalid column name 'Severity'.
Msg 207, Level 16, State 1, Server DESKTOP-BOF7AOF\LOCALDB#B10938FE, Line 23
Invalid column name 'CategoryId'.
[Pass 2] FAIL Findings_insert.sql: Msg 207, Level 16, State 1, Server DESKTOP-BOF7AOF\LOCALDB#B10938FE, Line 6
Invalid column name 'FindingTitle'.
Msg 207, Level 16, State 1, Server DESKTOP-BOF7AOF\LOCALDB#B10938FE, Line 6
Invalid column name 'FindingDescription'.
Msg 207, Level 16, State 1, Server DESKTOP-BOF7AOF\LOCALDB#B10938FE, Line 6
Invalid column name 'CategoryId'.
Msg 207, Level 16, State 1, Server DESKTOP-BOF7AOF\LOCALDB#B10938FE, Line 6
Invalid column name 'StatusId'.
Msg 207, Level 16, State 1, Server DESKTOP-BOF7AOF\LOCALDB#B10938FE, Line 6
Invalid column name 'ClauseReference'.
Msg 207, Level 16, State 1, Server DESKTOP-BOF7AOF\LOCALDB#B10938FE, Line 6
Invalid column name 'RaisedDate'.
Msg 207, Level 16, State 1, Server DESKTOP-BOF7AOF\LOCALDB#B10938FE, Line 6
Invalid column name 'RaisedBy'.
Msg 207, Level 16, State 1, Server DESKTOP-BOF7AOF\LOCALDB#B10938FE, Line 6
Invalid column name 'FindingTitle'.
Msg 207, Level 16, State 1, Server DESKTOP-BOF7AOF\LOCALDB#B10938FE, Line 6
Invalid column name 'FindingDescription'.
Msg 207, Level 16, State 1, Server DESKTOP-BOF7AOF\LOCALDB#B10938FE, Line 6
Invalid column name 'CategoryId'.
Msg 207, Level 16, State 1, Server DESKTOP-BOF7AOF\LOCALDB#B10938FE, Line 6
Invalid column name 'StatusId'.
Msg 207, Level 16, State 1, Server DESKTOP-BOF7AOF\LOCALDB#B10938FE, Line 6
Invalid column name 'ClauseReference'.
Msg 207, Level 16, State 1, Server DESKTOP-BOF7AOF\LOCALDB#B10938FE, Line 6
Invalid column name 'RaisedDate'.
Msg 207, Level 16, State 1, Server DESKTOP-BOF7AOF\LOCALDB#B10938FE, Line 6
Invalid column name 'RaisedBy'.
Msg 207, Level 16, State 1, Server DESKTOP-BOF7AOF\LOCALDB#B10938FE, Line 63
Invalid column name 'StatusId'.
Msg 207, Level 16, State 1, Server DESKTOP-BOF7AOF\LOCALDB#B10938FE, Line 63
Invalid column name 'StatusId'.
Msg 207, Level 16, State 1, Server DESKTOP-BOF7AOF\LOCALDB#B10938FE, Line 64
Invalid column name 'StatusId'.
Msg 207, Level 16, State 1, Server DESKTOP-BOF7AOF\LOCALDB#B10938FE, Line 64
Invalid column name 'SortOrder'.
Msg 207, Level 16, State 1, Server DESKTOP-BOF7AOF\LOCALDB#B10938FE, Line 65
Invalid column name 'SortOrder'.
Msg 207, Level 16, State 1, Server DESKTOP-BOF7AOF\LOCALDB#B10938FE, Line 86
Invalid column name 'StatusId'.
Msg 207, Level 16, State 1, Server DESKTOP-BOF7AOF\LOCALDB#B10938FE, Line 87
Invalid column name 'StatusId'.
Msg 207, Level 16, State 1, Server DESKTOP-BOF7AOF\LOCALDB#B10938FE, Line 87
Invalid column name 'StatusId'.
Msg 207, Level 16, State 1, Server DESKTOP-BOF7AOF\LOCALDB#B10938FE, Line 87
Invalid column name 'StatusId'.
Msg 207, Level 16, State 1, Server DESKTOP-BOF7AOF\LOCALDB#B10938FE, Line 88
Invalid column name 'StatusId'.
Msg 207, Level 16, State 1, Server DESKTOP-BOF7AOF\LOCALDB#B10938FE, Line 109
Invalid column name 'StatusId'.
Msg 207, Level 16, State 1, Server DESKTOP-BOF7AOF\LOCALDB#B10938FE, Line 109
Invalid column name 'StatusId'.
Msg 207, Level 16, State 1, Server DESKTOP-BOF7AOF\LOCALDB#B10938FE, Line 99
Invalid column name 'FindingTitle'.
Msg 207, Level 16, State 1, Server DESKTOP-BOF7AOF\LOCALDB#B10938FE, Line 118
Invalid column name 'CategoryId'.
Msg 207, Level 16, State 1, Server DESKTOP-BOF7AOF\LOCALDB#B10938FE, Line 118
Invalid column name 'CategoryId'.
Msg 207, Level 16, State 1, Server DESKTOP-BOF7AOF\LOCALDB#B10938FE, Line 119
Invalid column name 'CategoryId'.
Msg 207, Level 16, State 1, Server DESKTOP-BOF7AOF\LOCALDB#B10938FE, Line 119
Invalid column name 'Severity'.
Msg 207, Level 16, State 1, Server DESKTOP-BOF7AOF\LOCALDB#B10938FE, Line 115
Invalid column name 'Severity'.
[Pass 2] FAIL FindingStatuses_insert.sql: Msg 207, Level 16, State 1, Server DESKTOP-BOF7AOF\LOCALDB#B10938FE, Line 6
Invalid column name 'StatusId'.
Msg 207, Level 16, State 1, Server DESKTOP-BOF7AOF\LOCALDB#B10938FE, Line 6
Invalid column name 'StatusDescription'.
Msg 207, Level 16, State 1, Server DESKTOP-BOF7AOF\LOCALDB#B10938FE, Line 6
Invalid column name 'SortOrder'.
Msg 207, Level 16, State 1, Server DESKTOP-BOF7AOF\LOCALDB#B10938FE, Line 6
Invalid column name 'StatusId'.
Msg 207, Level 16, State 1, Server DESKTOP-BOF7AOF\LOCALDB#B10938FE, Line 6
Invalid column name 'StatusDescription'.
Msg 207, Level 16, State 1, Server DESKTOP-BOF7AOF\LOCALDB#B10938FE, Line 6
Invalid column name 'SortOrder'.
Msg 207, Level 16, State 1, Server DESKTOP-BOF7AOF\LOCALDB#B10938FE, Line 21
Invalid column name 'SortOrder'.
[Pass 2] FAIL Invoices_insert.sql: Msg 207, Level 16, State 1, Server DESKTOP-BOF7AOF\LOCALDB#B10938FE, Line 6
Invalid column name 'AuditId'.
Msg 207, Level 16, State 1, Server DESKTOP-BOF7AOF\LOCALDB#B10938FE, Line 6
Invalid column name 'ServiceId'.
Msg 207, Level 16, State 1, Server DESKTOP-BOF7AOF\LOCALDB#B10938FE, Line 6
Invalid column name 'PaymentDate'.
Msg 207, Level 16, State 1, Server DESKTOP-BOF7AOF\LOCALDB#B10938FE, Line 6
Invalid column name 'BillingAddress'.
Msg 207, Level 16, State 1, Server DESKTOP-BOF7AOF\LOCALDB#B10938FE, Line 6
Invalid column name 'AuditId'.
Msg 207, Level 16, State 1, Server DESKTOP-BOF7AOF\LOCALDB#B10938FE, Line 6
Invalid column name 'ServiceId'.
Msg 207, Level 16, State 1, Server DESKTOP-BOF7AOF\LOCALDB#B10938FE, Line 6
Invalid column name 'PaymentDate'.
Msg 207, Level 16, State 1, Server DESKTOP-BOF7AOF\LOCALDB#B10938FE, Line 6
Invalid column name 'BillingAddress'.
[Pass 2] FAIL NotificationCategories_insert.sql: Msg 207, Level 16, State 1, Server DESKTOP-BOF7AOF\LOCALDB#B10938FE, Line 6
Invalid column name 'CategoryDescription'.
Msg 207, Level 16, State 1, Server DESKTOP-BOF7AOF\LOCALDB#B10938FE, Line 6
Invalid column name 'CategoryDescription'.
[Pass 2] FAIL Notifications_insert.sql: Msg 207, Level 16, State 1, Server DESKTOP-BOF7AOF\LOCALDB#B10938FE, Line 6
Invalid column name 'UserId'.
Msg 207, Level 16, State 1, Server DESKTOP-BOF7AOF\LOCALDB#B10938FE, Line 6
Invalid column name 'IsRead'.
Msg 207, Level 16, State 1, Server DESKTOP-BOF7AOF\LOCALDB#B10938FE, Line 6
Invalid column name 'ReadDate'.
Msg 207, Level 16, State 1, Server DESKTOP-BOF7AOF\LOCALDB#B10938FE, Line 6
Invalid column name 'UserId'.
Msg 207, Level 16, State 1, Server DESKTOP-BOF7AOF\LOCALDB#B10938FE, Line 6
Invalid column name 'IsRead'.
Msg 207, Level 16, State 1, Server DESKTOP-BOF7AOF\LOCALDB#B10938FE, Line 6
Invalid column name 'ReadDate'.
Msg 207, Level 16, State 1, Server DESKTOP-BOF7AOF\LOCALDB#B10938FE, Line 83
Invalid column name 'IsRead'.
Msg 207, Level 16, State 1, Server DESKTOP-BOF7AOF\LOCALDB#B10938FE, Line 84
Invalid column name 'IsRead'.
Msg 207, Level 16, State 1, Server DESKTOP-BOF7AOF\LOCALDB#B10938FE, Line 94
Invalid column name 'IsRead'.
Msg 207, Level 16, State 1, Server DESKTOP-BOF7AOF\LOCALDB#B10938FE, Line 112
Invalid column name 'CompanyId'.
Msg 207, Level 16, State 1, Server DESKTOP-BOF7AOF\LOCALDB#B10938FE, Line 113
Invalid column name 'UserId'.
Msg 207, Level 16, State 1, Server DESKTOP-BOF7AOF\LOCALDB#B10938FE, Line 113
Invalid column name 'IsRead'.
Msg 207, Level 16, State 1, Server DESKTOP-BOF7AOF\LOCALDB#B10938FE, Line 127
Invalid column name 'UserId'.
Msg 207, Level 16, State 1, Server DESKTOP-BOF7AOF\LOCALDB#B10938FE, Line 129
Invalid column name 'IsRead'.
Msg 207, Level 16, State 1, Server DESKTOP-BOF7AOF\LOCALDB#B10938FE, Line 136
Invalid column name 'IsRead'.
Msg 4104, Level 16, State 1, Server DESKTOP-BOF7AOF\LOCALDB#B10938FE, Line 114
The multi-part identifier "c.CompanyName" could not be bound.
Msg 4104, Level 16, State 1, Server DESKTOP-BOF7AOF\LOCALDB#B10938FE, Line 108
The multi-part identifier "c.CompanyName" could not be bound.
[Pass 2] FAIL Roles_insert.sql: Msg 207, Level 16, State 1, Server DESKTOP-BOF7AOF\LOCALDB#B10938FE, Line 6
Invalid column name 'RoleDescription'.
Msg 207, Level 16, State 1, Server DESKTOP-BOF7AOF\LOCALDB#B10938FE, Line 6
Invalid column name 'RoleDescription'.
Msg 207, Level 16, State 1, Server DESKTOP-BOF7AOF\LOCALDB#B10938FE, Line 52
Invalid column name 'RoleDescription'.
[Pass 2] FAIL Services_insert.sql: Msg 2627, Level 14, State 1, Server DESKTOP-BOF7AOF\LOCALDB#B10938FE, Line 6
Violation of PRIMARY KEY constraint 'PK_Services'. Cannot insert duplicate key in object 'dbo.Services'. The duplicate key value is (1).
The statement has been terminated.
TotalServices
-------------
           30

(1 rows affected)
ServiceType                                                                                          Count      
---------------------------------------------------------------------------------------------------- -----------
Certification                                                                                                 16
Assessment                                                                                                     7
Training                                                                                                       5
Consulting                                                                                                     1

(4 rows affected)
ServiceName                                                                                                                                                                                              ServiceCode                                        Category                                                                                             Cost        
-------------------------------------------------------------------------------------------------------------------------------------------------------------------------------------------------------- -------------------------------------------------- ---------------------------------------------------------------------------------------------------- ------------
ISO 9001 Quality Management System                                                                                                                                                                       ISO9001                                            Quality Management                                                                                       15000.00
ISO 14001 Environmental Management System                                                                                                                                                                ISO14001                                           Environmental Management                                                                                 12000.00
ISO 45001 Occupational Health and Safety                                                                                                                                                                 ISO45001                                           Health & Safety                                                                                          13000.00
ISO 27001 Information Security Management                                                                                                                                                                ISO27001                                           Information Security                                                                                     18000.00
ISO 50001 Energy Management System                                                                                                                                                                       ISO50001                                           Energy Management                                                                                        10000.00
ISO 22000 Food Safety Management                                                                                                                                                                         ISO22000                                           Food Safety                                                                                              14000.00
HACCP Hazard Analysis                                                                                                                                                                                    HACCP                                              Food Safety                                                                                               8000.00
BRC Global Standard for Food Safety                                                                                                                                                                      BRC                                                Food Safety                                                                                              12000.00
FSSC 22000 Food Safety System                                                                                                                                                                            FSSC22000                                          Food Safety                                                                                              16000.00
ISO/TS 16949 Automotive Quality                                                                                                                                                                          IATF16949                                          Automotive                                                                                               20000.00

(10 rows affected)
[Pass 2] FAIL Sites_insert.sql: Msg 547, Level 16, State 1, Server DESKTOP-BOF7AOF\LOCALDB#B10938FE, Line 6
The INSERT statement conflicted with the FOREIGN KEY constraint "FK_Sites_CompanyId". The conflict occurred in database "ERPAuditDB", table "dbo.Companies", column 'CompanyId'.
The statement has been terminated.
TotalSites 
-----------
          0

(1 rows affected)
SiteType                                                                                             Count      
---------------------------------------------------------------------------------------------------- -----------

(0 rows affected)
SiteName                                                                                                                                                                                                 CompanyName                                                                                                                                                                                              CountryName                                                                                          SiteType                                                                                             EmployeeCount
-------------------------------------------------------------------------------------------------------------------------------------------------------------------------------------------------------- -------------------------------------------------------------------------------------------------------------------------------------------------------------------------------------------------------- ---------------------------------------------------------------------------------------------------- ---------------------------------------------------------------------------------------------------- -------------

(0 rows affected)
[Pass 2] FAIL Trainings_insert.sql: Msg 207, Level 16, State 1, Server DESKTOP-BOF7AOF\LOCALDB#B10938FE, Line 6
Invalid column name 'DeliveryMethod'.
Msg 207, Level 16, State 1, Server DESKTOP-BOF7AOF\LOCALDB#B10938FE, Line 6
Invalid column name 'UpdatedDate'.
Msg 207, Level 16, State 1, Server DESKTOP-BOF7AOF\LOCALDB#B10938FE, Line 6
Invalid column name 'UpdatedBy'.
Msg 207, Level 16, State 1, Server DESKTOP-BOF7AOF\LOCALDB#B10938FE, Line 6
Invalid column name 'DeliveryMethod'.
Msg 207, Level 16, State 1, Server DESKTOP-BOF7AOF\LOCALDB#B10938FE, Line 6
Invalid column name 'UpdatedDate'.
Msg 207, Level 16, State 1, Server DESKTOP-BOF7AOF\LOCALDB#B10938FE, Line 6
Invalid column name 'UpdatedBy'.
Msg 207, Level 16, State 1, Server DESKTOP-BOF7AOF\LOCALDB#B10938FE, Line 91
Invalid column name 'DeliveryMethod'.
Msg 207, Level 16, State 1, Server DESKTOP-BOF7AOF\LOCALDB#B10938FE, Line 92
Invalid column name 'DeliveryMethod'.
Msg 207, Level 16, State 1, Server DESKTOP-BOF7AOF\LOCALDB#B10938FE, Line 93
Invalid column name 'DeliveryMethod'.
Msg 207, Level 16, State 1, Server DESKTOP-BOF7AOF\LOCALDB#B10938FE, Line 108
Invalid column name 'DeliveryMethod'.
Msg 207, Level 16, State 1, Server DESKTOP-BOF7AOF\LOCALDB#B10938FE, Line 101
Invalid column name 'DeliveryMethod'.
[Pass 2] FAIL UserCompanyAccess_insert.sql: Msg 547, Level 16, State 1, Server DESKTOP-BOF7AOF\LOCALDB#B10938FE, Line 4
The INSERT statement conflicted with the CHECK constraint "CK_UserCompanyAccess_AccessLevel". The conflict occurred in database "ERPAuditDB", table "dbo.UserCompanyAccess", column 'AccessLevel'.
The statement has been terminated.
TotalCompanyAccessRecords
-------------------------
                        0

(1 rows affected)
CompanyName                                                                                                                                                                                              UsersWithAccess AccessLevels                                                                                                                                                                                                                                                                                                                                                                                                                                                                                                                                                                                                                                                                                                                                                                                                                                                                                                                                                                                                                                                                                                                                                                                                                                                                                                                                                                                                                                                                                                                                                                                                                                                                                                                                                                                                                                                                                                                                                                                                                                                                                                                                                                                                                                                                                                                                                                                                                                                                                                                                                                                                                                                                                                                                                                                                                                                                                                                                                                                                                                                                                                                                                                                                                                                                                                                                                                                                                                                                                                                                                                                                                                                                                                                                                                                                                                                                                                                                                                                                                                                                                                                                                    
-------------------------------------------------------------------------------------------------------------------------------------------------------------------------------------------------------- --------------- ----------------------------------------------------------------------------------------------------------------------------------------------------------------------------------------------------------------------------------------------------------------------------------------------------------------------------------------------------------------------------------------------------------------------------------------------------------------------------------------------------------------------------------------------------------------------------------------------------------------------------------------------------------------------------------------------------------------------------------------------------------------------------------------------------------------------------------------------------------------------------------------------------------------------------------------------------------------------------------------------------------------------------------------------------------------------------------------------------------------------------------------------------------------------------------------------------------------------------------------------------------------------------------------------------------------------------------------------------------------------------------------------------------------------------------------------------------------------------------------------------------------------------------------------------------------------------------------------------------------------------------------------------------------------------------------------------------------------------------------------------------------------------------------------------------------------------------------------------------------------------------------------------------------------------------------------------------------------------------------------------------------------------------------------------------------------------------------------------------------------------------------------------------------------------------------------------------------------------------------------------------------------------------------------------------------------------------------------------------------------------------------------------------------------------------------------------------------------------------------------------------------------------------------------------------------------------------------------------------------------------------------------------------------------------------------------------------------------------------------------------------------------------------------------------------------------------------------------------------------------------------------------------------------------------------------------------------------------------------------------------------------------------------------------------------------------------------------------------------------------------------------------------------------------------------------------------------------------------------------------------------------------------------------------------------------------------------------------------------------------------------------------------------------------------------------------------------------------------------------------------------------------------------------------------------------------------------------------------------------------------------------------------------------------------------------------------------------------------------------------------------------------------------------------------------------------------------------------------------------------------------------------------------------------------------------------------------------------------------------------------------------------------------------------------------------------------------------------------------------------------------------------------------------

(0 rows affected)
AccessLevel                                        Count      
-------------------------------------------------- -----------

(0 rows affected)
[Pass 2] FAIL UserPreferences_insert.sql: Msg 207, Level 16, State 1, Server DESKTOP-BOF7AOF\LOCALDB#B10938FE, Line 7
Invalid column name 'PreferenceId'.
Msg 207, Level 16, State 1, Server DESKTOP-BOF7AOF\LOCALDB#B10938FE, Line 7
Invalid column name 'PreferenceName'.
Msg 207, Level 16, State 1, Server DESKTOP-BOF7AOF\LOCALDB#B10938FE, Line 7
Invalid column name 'DataType'.
Msg 207, Level 16, State 1, Server DESKTOP-BOF7AOF\LOCALDB#B10938FE, Line 7
Invalid column name 'IsEditable'.
Msg 207, Level 16, State 1, Server DESKTOP-BOF7AOF\LOCALDB#B10938FE, Line 7
Invalid column name 'UpdatedDate'.
Msg 207, Level 16, State 1, Server DESKTOP-BOF7AOF\LOCALDB#B10938FE, Line 7
Invalid column name 'UpdatedBy'.
Msg 207, Level 16, State 1, Server DESKTOP-BOF7AOF\LOCALDB#B10938FE, Line 7
Invalid column name 'PreferenceId'.
Msg 207, Level 16, State 1, Server DESKTOP-BOF7AOF\LOCALDB#B10938FE, Line 7
Invalid column name 'PreferenceName'.
Msg 207, Level 16, State 1, Server DESKTOP-BOF7AOF\LOCALDB#B10938FE, Line 7
Invalid column name 'DataType'.
Msg 207, Level 16, State 1, Server DESKTOP-BOF7AOF\LOCALDB#B10938FE, Line 7
Invalid column name 'IsEditable'.
Msg 207, Level 16, State 1, Server DESKTOP-BOF7AOF\LOCALDB#B10938FE, Line 7
Invalid column name 'UpdatedDate'.
Msg 207, Level 16, State 1, Server DESKTOP-BOF7AOF\LOCALDB#B10938FE, Line 7
Invalid column name 'UpdatedBy'.
Msg 207, Level 16, State 1, Server DESKTOP-BOF7AOF\LOCALDB#B10938FE, Line 187
Invalid column name 'CompanyId'.
Msg 207, Level 16, State 1, Server DESKTOP-BOF7AOF\LOCALDB#B10938FE, Line 190
Invalid column name 'PreferenceId'.
Msg 207, Level 16, State 1, Server DESKTOP-BOF7AOF\LOCALDB#B10938FE, Line 182
Invalid column name 'PreferenceId'.
Msg 207, Level 16, State 1, Server DESKTOP-BOF7AOF\LOCALDB#B10938FE, Line 184
Invalid column name 'PreferenceName'.
Msg 207, Level 16, State 1, Server DESKTOP-BOF7AOF\LOCALDB#B10938FE, Line 185
Invalid column name 'PreferenceName'.
Msg 207, Level 16, State 1, Server DESKTOP-BOF7AOF\LOCALDB#B10938FE, Line 199
Invalid column name 'PreferenceName'.
Msg 207, Level 16, State 1, Server DESKTOP-BOF7AOF\LOCALDB#B10938FE, Line 199
Invalid column name 'PreferenceName'.
Msg 207, Level 16, State 1, Server DESKTOP-BOF7AOF\LOCALDB#B10938FE, Line 201
Invalid column name 'PreferenceName'.
Msg 207, Level 16, State 1, Server DESKTOP-BOF7AOF\LOCALDB#B10938FE, Line 195
Invalid column name 'PreferenceName'.
Msg 207, Level 16, State 1, Server DESKTOP-BOF7AOF\LOCALDB#B10938FE, Line 196
Invalid column name 'PreferenceName'.
Msg 207, Level 16, State 1, Server DESKTOP-BOF7AOF\LOCALDB#B10938FE, Line 211
Invalid column name 'CompanyId'.
Msg 207, Level 16, State 1, Server DESKTOP-BOF7AOF\LOCALDB#B10938FE, Line 213
Invalid column name 'PreferenceName'.
Msg 207, Level 16, State 1, Server DESKTOP-BOF7AOF\LOCALDB#B10938FE, Line 209
Invalid column name 'UpdatedDate'.
[Pass 2] FAIL UserRoles_insert.sql: Msg 207, Level 16, State 1, Server DESKTOP-BOF7AOF\LOCALDB#B10938FE, Line 106
Invalid column name 'CompanyId'.
Msg 207, Level 16, State 1, Server DESKTOP-BOF7AOF\LOCALDB#B10938FE, Line 99
Invalid column name 'CompanyId'.
Msg 207, Level 16, State 1, Server DESKTOP-BOF7AOF\LOCALDB#B10938FE, Line 107
Invalid column name 'CompanyId'.
[Pass 2] FAIL Users_insert.sql: Msg 2627, Level 14, State 1, Server DESKTOP-BOF7AOF\LOCALDB#B10938FE, Line 6
Violation of PRIMARY KEY constraint 'PK_Users'. Cannot insert duplicate key in object 'dbo.Users'. The duplicate key value is (1).
The statement has been terminated.
TotalUsers 
-----------
         30

(1 rows affected)
Position                                                                                             Count      
---------------------------------------------------------------------------------------------------- -----------
Senior Auditor                                                                                                 3
Technical Expert                                                                                               3
Lead Auditor                                                                                                   2
Quality Director                                                                                               2
Quality Manager                                                                                                1
Safety Manager                                                                                                 1
Safety Officer                                                                                                 1
Management Representative                                                                                      1
Manufacturing Manager                                                                                          1
Operations Manager                                                                                             1
Principal Auditor                                                                                              1
Production Manager                                                                                             1
Quality Assurance Manager                                                                                      1
Compliance Manager                                                                                             1
Energy Manager                                                                                                 1
Environmental Coordinator                                                                                      1
Environmental Manager                                                                                          1
Environmental Specialist                                                                                       1
Fleet Manager                                                                                                  1
Food Safety Manager                                                                                            1
Health & Safety Coordinator                                                                                    1
Information Security Manager                                                                                   1
Technical Manager                                                                                              1
System Administrator                                                                                           1

(24 rows affected)
Username                                                                                             FirstName                                                                                            LastName                                                                                             Email                                                                                                                                                                                                                                                           Position                                                                                             Department                                                                                          
---------------------------------------------------------------------------------------------------- ---------------------------------------------------------------------------------------------------- ---------------------------------------------------------------------------------------------------- --------------------------------------------------------------------------------------------------------------------------------------------------------------------------------------------------------------------------------------------------------------- ---------------------------------------------------------------------------------------------------- ----------------------------------------------------------------------------------------------------
admin                                                                                                System                                                                                               Administrator                                                                                        admin@dnv.com                                                                                                                                                                                                                                                   System Administrator                                                                                 IT                                                                                                  
j.smith                                                                                              John                                                                                                 Smith                                                                                                john.smith@dnv.com                                                                                                                                                                                                                                              Lead Auditor                                                                                         Certification                                                                                       
a.johnson                                                                                            Anna                                                                                                 Johnson                                                                                              anna.johnson@dnv.com                                                                                                                                                                                                                                            Senior Auditor                                                                                       Certification                                                                                       
m.brown                                                                                              Michael                                                                                              Brown                                                                                                michael.brown@dnv.com                                                                                                                                                                                                                                           Lead Auditor                                                                                         Certification                                                                                       
s.wilson                                                                                             Sarah                                                                                                Wilson                                                                                               sarah.wilson@dnv.com                                                                                                                                                                                                                                            Principal Auditor                                                                                    Certification                                                                                       
l.garcia                                                                                             Luis                                                                                                 Garcia                                                                                               luis.garcia@dnv.com                                                                                                                                                                                                                                             Senior Auditor                                                                                       Certification                                                                                       
r.anderson                                                                                           Robert                                                                                               Anderson                                                                                             robert.anderson@dnv.com                                                                                                                                                                                                                                         Technical Expert                                                                                     Maritime                                                                                            
e.martinez                                                                                           Elena                                                                                                Martinez                                                                                             elena.martinez@dnv.com                                                                                                                                                                                                                                          Technical Expert                                                                                     Oil & Gas                                                                                           
h.tanaka                                                                                             Hiroshi                                                                                              Tanaka                                                                                               hiroshi.tanaka@dnv.com                                                                                                                                                                                                                                          Technical Expert                                                                                     Energy                                                                                              
k.lee                                                                                                Kevin                                                                                                Lee                                                                                                  kevin.lee@dnv.com                                                                                                                                                                                                                                               Senior Auditor                                                                                       Certification                                                                                       

(10 rows affected)
[Pass 2] FAIL UserServiceAccess_insert.sql: Msg 547, Level 16, State 1, Server DESKTOP-BOF7AOF\LOCALDB#B10938FE, Line 4
The INSERT statement conflicted with the CHECK constraint "CK_UserServiceAccess_AccessLevel". The conflict occurred in database "ERPAuditDB", table "dbo.UserServiceAccess", column 'AccessLevel'.
The statement has been terminated.
TotalServiceAccessRecords
-------------------------
                        0

(1 rows affected)
ServiceName                                                                                                                                                                                              UsersWithAccess AccessLevels                                                                                                                                                                                                                                                                                                                                                                                                                                                                                                                                                                                                                                                                                                                                                                                                                                                                                                                                                                                                                                                                                                                                                                                                                                                                                                                                                                                                                                                                                                                                                                                                                                                                                                                                                                                                                                                                                                                                                                                                                                                                                                                                                                                                                                                                                                                                                                                                                                                                                                                                                                                                                                                                                                                                                                                                                                                                                                                                                                                                                                                                                                                                                                                                                                                                                                                                                                                                                                                                                                                                                                                                                                                                                                                                                                                                                                                                                                                                                                                                                                                                                                                                                    
-------------------------------------------------------------------------------------------------------------------------------------------------------------------------------------------------------- --------------- ----------------------------------------------------------------------------------------------------------------------------------------------------------------------------------------------------------------------------------------------------------------------------------------------------------------------------------------------------------------------------------------------------------------------------------------------------------------------------------------------------------------------------------------------------------------------------------------------------------------------------------------------------------------------------------------------------------------------------------------------------------------------------------------------------------------------------------------------------------------------------------------------------------------------------------------------------------------------------------------------------------------------------------------------------------------------------------------------------------------------------------------------------------------------------------------------------------------------------------------------------------------------------------------------------------------------------------------------------------------------------------------------------------------------------------------------------------------------------------------------------------------------------------------------------------------------------------------------------------------------------------------------------------------------------------------------------------------------------------------------------------------------------------------------------------------------------------------------------------------------------------------------------------------------------------------------------------------------------------------------------------------------------------------------------------------------------------------------------------------------------------------------------------------------------------------------------------------------------------------------------------------------------------------------------------------------------------------------------------------------------------------------------------------------------------------------------------------------------------------------------------------------------------------------------------------------------------------------------------------------------------------------------------------------------------------------------------------------------------------------------------------------------------------------------------------------------------------------------------------------------------------------------------------------------------------------------------------------------------------------------------------------------------------------------------------------------------------------------------------------------------------------------------------------------------------------------------------------------------------------------------------------------------------------------------------------------------------------------------------------------------------------------------------------------------------------------------------------------------------------------------------------------------------------------------------------------------------------------------------------------------------------------------------------------------------------------------------------------------------------------------------------------------------------------------------------------------------------------------------------------------------------------------------------------------------------------------------------------------------------------------------------------------------------------------------------------------------------------------------------------------------------------------------
AS9100 Aerospace Quality Management                                                                                                                                                                                    0 NULL                                                                                                                                                                                                                                                                                                                                                                                                                                                                                                                                                                                                                                                                                                                                                                                                                                                                                                                                                                                                                                                                                                                                                                                                                                                                                                                                                                                                                                                                                                                                                                                                                                                                                                                                                                                                                                                                                                                                                                                                                                                                                                                                                                                                                                                                                                                                                                                                                                                                                                                                                                                                                                                                                                                                                                                                                                                                                                                                                                                                                                                                                                                                                                                                                                                                                                                                                                                                                                                                                                                                                                                                                                                                                                                                                                                                                                                                                                                                                                                                                                                                                                                                                            
BRC Global Standard for Food Safety                                                                                                                                                                                    0 NULL                                                                                                                                                                                                                                                                                                                                                                                                                                                                                                                                                                                                                                                                                                                                                                                                                                                                                                                                                                                                                                                                                                                                                                                                                                                                                                                                                                                                                                                                                                                                                                                                                                                                                                                                                                                                                                                                                                                                                                                                                                                                                                                                                                                                                                                                                                                                                                                                                                                                                                                                                                                                                                                                                                                                                                                                                                                                                                                                                                                                                                                                                                                                                                                                                                                                                                                                                                                                                                                                                                                                                                                                                                                                                                                                                                                                                                                                                                                                                                                                                                                                                                                                                            
FSSC 22000 Food Safety System                                                                                                                                                                                          0 NULL                                                                                                                                                                                                                                                                                                                                                                                                                                                                                                                                                                                                                                                                                                                                                                                                                                                                                                                                                                                                                                                                                                                                                                                                                                                                                                                                                                                                                                                                                                                                                                                                                                                                                                                                                                                                                                                                                                                                                                                                                                                                                                                                                                                                                                                                                                                                                                                                                                                                                                                                                                                                                                                                                                                                                                                                                                                                                                                                                                                                                                                                                                                                                                                                                                                                                                                                                                                                                                                                                                                                                                                                                                                                                                                                                                                                                                                                                                                                                                                                                                                                                                                                                            
Gap Analysis Assessment                                                                                                                                                                                                0 NULL                                                                                                                                                                                                                                                                                                                                                                                                                                                                                                                                                                                                                                                                                                                                                                                                                                                                                                                                                                                                                                                                                                                                                                                                                                                                                                                                                                                                                                                                                                                                                                                                                                                                                                                                                                                                                                                                                                                                                                                                                                                                                                                                                                                                                                                                                                                                                                                                                                                                                                                                                                                                                                                                                                                                                                                                                                                                                                                                                                                                                                                                                                                                                                                                                                                                                                                                                                                                                                                                                                                                                                                                                                                                                                                                                                                                                                                                                                                                                                                                                                                                                                                                                            
HACCP Hazard Analysis                                                                                                                                                                                                  0 NULL                                                                                                                                                                                                                                                                                                                                                                                                                                                                                                                                                                                                                                                                                                                                                                                                                                                                                                                                                                                                                                                                                                                                                                                                                                                                                                                                                                                                                                                                                                                                                                                                                                                                                                                                                                                                                                                                                                                                                                                                                                                                                                                                                                                                                                                                                                                                                                                                                                                                                                                                                                                                                                                                                                                                                                                                                                                                                                                                                                                                                                                                                                                                                                                                                                                                                                                                                                                                                                                                                                                                                                                                                                                                                                                                                                                                                                                                                                                                                                                                                                                                                                                                                            
Internal Auditor Training - QMS                                                                                                                                                                                        0 NULL                                                                                                                                                                                                                                                                                                                                                                                                                                                                                                                                                                                                                                                                                                                                                                                                                                                                                                                                                                                                                                                                                                                                                                                                                                                                                                                                                                                                                                                                                                                                                                                                                                                                                                                                                                                                                                                                                                                                                                                                                                                                                                                                                                                                                                                                                                                                                                                                                                                                                                                                                                                                                                                                                                                                                                                                                                                                                                                                                                                                                                                                                                                                                                                                                                                                                                                                                                                                                                                                                                                                                                                                                                                                                                                                                                                                                                                                                                                                                                                                                                                                                                                                                            
ISM International Safety Management                                                                                                                                                                                    0 NULL                                                                                                                                                                                                                                                                                                                                                                                                                                                                                                                                                                                                                                                                                                                                                                                                                                                                                                                                                                                                                                                                                                                                                                                                                                                                                                                                                                                                                                                                                                                                                                                                                                                                                                                                                                                                                                                                                                                                                                                                                                                                                                                                                                                                                                                                                                                                                                                                                                                                                                                                                                                                                                                                                                                                                                                                                                                                                                                                                                                                                                                                                                                                                                                                                                                                                                                                                                                                                                                                                                                                                                                                                                                                                                                                                                                                                                                                                                                                                                                                                                                                                                                                                            
ISO 13485 Medical Devices Quality                                                                                                                                                                                      0 NULL                                                                                                                                                                                                                                                                                                                                                                                                                                                                                                                                                                                                                                                                                                                                                                                                                                                                                                                                                                                                                                                                                                                                                                                                                                                                                                                                                                                                                                                                                                                                                                                                                                                                                                                                                                                                                                                                                                                                                                                                                                                                                                                                                                                                                                                                                                                                                                                                                                                                                                                                                                                                                                                                                                                                                                                                                                                                                                                                                                                                                                                                                                                                                                                                                                                                                                                                                                                                                                                                                                                                                                                                                                                                                                                                                                                                                                                                                                                                                                                                                                                                                                                                                            
ISO 14001 Environmental Management System                                                                                                                                                                              0 NULL                                                                                                                                                                                                                                                                                                                                                                                                                                                                                                                                                                                                                                                                                                                                                                                                                                                                                                                                                                                                                                                                                                                                                                                                                                                                                                                                                                                                                                                                                                                                                                                                                                                                                                                                                                                                                                                                                                                                                                                                                                                                                                                                                                                                                                                                                                                                                                                                                                                                                                                                                                                                                                                                                                                                                                                                                                                                                                                                                                                                                                                                                                                                                                                                                                                                                                                                                                                                                                                                                                                                                                                                                                                                                                                                                                                                                                                                                                                                                                                                                                                                                                                                                            
ISO 14001 Lead Auditor Training                                                                                                                                                                                        0 NULL                                                                                                                                                                                                                                                                                                                                                                                                                                                                                                                                                                                                                                                                                                                                                                                                                                                                                                                                                                                                                                                                                                                                                                                                                                                                                                                                                                                                                                                                                                                                                                                                                                                                                                                                                                                                                                                                                                                                                                                                                                                                                                                                                                                                                                                                                                                                                                                                                                                                                                                                                                                                                                                                                                                                                                                                                                                                                                                                                                                                                                                                                                                                                                                                                                                                                                                                                                                                                                                                                                                                                                                                                                                                                                                                                                                                                                                                                                                                                                                                                                                                                                                                                            
ISO 22000 Food Safety Management                                                                                                                                                                                       0 NULL                                                                                                                                                                                                                                                                                                                                                                                                                                                                                                                                                                                                                                                                                                                                                                                                                                                                                                                                                                                                                                                                                                                                                                                                                                                                                                                                                                                                                                                                                                                                                                                                                                                                                                                                                                                                                                                                                                                                                                                                                                                                                                                                                                                                                                                                                                                                                                                                                                                                                                                                                                                                                                                                                                                                                                                                                                                                                                                                                                                                                                                                                                                                                                                                                                                                                                                                                                                                                                                                                                                                                                                                                                                                                                                                                                                                                                                                                                                                                                                                                                                                                                                                                            
ISO 22301 Business Continuity Management                                                                                                                                                                               0 NULL                                                                                                                                                                                                                                                                                                                                                                                                                                                                                                                                                                                                                                                                                                                                                                                                                                                                                                                                                                                                                                                                                                                                                                                                                                                                                                                                                                                                                                                                                                                                                                                                                                                                                                                                                                                                                                                                                                                                                                                                                                                                                                                                                                                                                                                                                                                                                                                                                                                                                                                                                                                                                                                                                                                                                                                                                                                                                                                                                                                                                                                                                                                                                                                                                                                                                                                                                                                                                                                                                                                                                                                                                                                                                                                                                                                                                                                                                                                                                                                                                                                                                                                                                            
ISO 26000 Social Responsibility                                                                                                                                                                                        0 NULL                                                                                                                                                                                                                                                                                                                                                                                                                                                                                                                                                                                                                                                                                                                                                                                                                                                                                                                                                                                                                                                                                                                                                                                                                                                                                                                                                                                                                                                                                                                                                                                                                                                                                                                                                                                                                                                                                                                                                                                                                                                                                                                                                                                                                                                                                                                                                                                                                                                                                                                                                                                                                                                                                                                                                                                                                                                                                                                                                                                                                                                                                                                                                                                                                                                                                                                                                                                                                                                                                                                                                                                                                                                                                                                                                                                                                                                                                                                                                                                                                                                                                                                                                            
ISO 27001 Information Security Management                                                                                                                                                                              0 NULL                                                                                                                                                                                                                                                                                                                                                                                                                                                                                                                                                                                                                                                                                                                                                                                                                                                                                                                                                                                                                                                                                                                                                                                                                                                                                                                                                                                                                                                                                                                                                                                                                                                                                                                                                                                                                                                                                                                                                                                                                                                                                                                                                                                                                                                                                                                                                                                                                                                                                                                                                                                                                                                                                                                                                                                                                                                                                                                                                                                                                                                                                                                                                                                                                                                                                                                                                                                                                                                                                                                                                                                                                                                                                                                                                                                                                                                                                                                                                                                                                                                                                                                                                            
ISO 29001 Oil and Gas Quality                                                                                                                                                                                          0 NULL                                                                                                                                                                                                                                                                                                                                                                                                                                                                                                                                                                                                                                                                                                                                                                                                                                                                                                                                                                                                                                                                                                                                                                                                                                                                                                                                                                                                                                                                                                                                                                                                                                                                                                                                                                                                                                                                                                                                                                                                                                                                                                                                                                                                                                                                                                                                                                                                                                                                                                                                                                                                                                                                                                                                                                                                                                                                                                                                                                                                                                                                                                                                                                                                                                                                                                                                                                                                                                                                                                                                                                                                                                                                                                                                                                                                                                                                                                                                                                                                                                                                                                                                                            
ISO 31000 Risk Management                                                                                                                                                                                              0 NULL                                                                                                                                                                                                                                                                                                                                                                                                                                                                                                                                                                                                                                                                                                                                                                                                                                                                                                                                                                                                                                                                                                                                                                                                                                                                                                                                                                                                                                                                                                                                                                                                                                                                                                                                                                                                                                                                                                                                                                                                                                                                                                                                                                                                                                                                                                                                                                                                                                                                                                                                                                                                                                                                                                                                                                                                                                                                                                                                                                                                                                                                                                                                                                                                                                                                                                                                                                                                                                                                                                                                                                                                                                                                                                                                                                                                                                                                                                                                                                                                                                                                                                                                                            
ISO 45001 Lead Auditor Training                                                                                                                                                                                        0 NULL                                                                                                                                                                                                                                                                                                                                                                                                                                                                                                                                                                                                                                                                                                                                                                                                                                                                                                                                                                                                                                                                                                                                                                                                                                                                                                                                                                                                                                                                                                                                                                                                                                                                                                                                                                                                                                                                                                                                                                                                                                                                                                                                                                                                                                                                                                                                                                                                                                                                                                                                                                                                                                                                                                                                                                                                                                                                                                                                                                                                                                                                                                                                                                                                                                                                                                                                                                                                                                                                                                                                                                                                                                                                                                                                                                                                                                                                                                                                                                                                                                                                                                                                                            
ISO 45001 Occupational Health and Safety                                                                                                                                                                               0 NULL                                                                                                                                                                                                                                                                                                                                                                                                                                                                                                                                                                                                                                                                                                                                                                                                                                                                                                                                                                                                                                                                                                                                                                                                                                                                                                                                                                                                                                                                                                                                                                                                                                                                                                                                                                                                                                                                                                                                                                                                                                                                                                                                                                                                                                                                                                                                                                                                                                                                                                                                                                                                                                                                                                                                                                                                                                                                                                                                                                                                                                                                                                                                                                                                                                                                                                                                                                                                                                                                                                                                                                                                                                                                                                                                                                                                                                                                                                                                                                                                                                                                                                                                                            
ISO 50001 Energy Management System                                                                                                                                                                                     0 NULL                                                                                                                                                                                                                                                                                                                                                                                                                                                                                                                                                                                                                                                                                                                                                                                                                                                                                                                                                                                                                                                                                                                                                                                                                                                                                                                                                                                                                                                                                                                                                                                                                                                                                                                                                                                                                                                                                                                                                                                                                                                                                                                                                                                                                                                                                                                                                                                                                                                                                                                                                                                                                                                                                                                                                                                                                                                                                                                                                                                                                                                                                                                                                                                                                                                                                                                                                                                                                                                                                                                                                                                                                                                                                                                                                                                                                                                                                                                                                                                                                                                                                                                                                            
ISO 9001 Lead Auditor Training                                                                                                                                                                                         0 NULL                                                                                                                                                                                                                                                                                                                                                                                                                                                                                                                                                                                                                                                                                                                                                                                                                                                                                                                                                                                                                                                                                                                                                                                                                                                                                                                                                                                                                                                                                                                                                                                                                                                                                                                                                                                                                                                                                                                                                                                                                                                                                                                                                                                                                                                                                                                                                                                                                                                                                                                                                                                                                                                                                                                                                                                                                                                                                                                                                                                                                                                                                                                                                                                                                                                                                                                                                                                                                                                                                                                                                                                                                                                                                                                                                                                                                                                                                                                                                                                                                                                                                                                                                            
ISO 9001 Quality Management System                                                                                                                                                                                     0 NULL                                                                                                                                                                                                                                                                                                                                                                                                                                                                                                                                                                                                                                                                                                                                                                                                                                                                                                                                                                                                                                                                                                                                                                                                                                                                                                                                                                                                                                                                                                                                                                                                                                                                                                                                                                                                                                                                                                                                                                                                                                                                                                                                                                                                                                                                                                                                                                                                                                                                                                                                                                                                                                                                                                                                                                                                                                                                                                                                                                                                                                                                                                                                                                                                                                                                                                                                                                                                                                                                                                                                                                                                                                                                                                                                                                                                                                                                                                                                                                                                                                                                                                                                                            
ISO Implementation Consulting                                                                                                                                                                                          0 NULL                                                                                                                                                                                                                                                                                                                                                                                                                                                                                                                                                                                                                                                                                                                                                                                                                                                                                                                                                                                                                                                                                                                                                                                                                                                                                                                                                                                                                                                                                                                                                                                                                                                                                                                                                                                                                                                                                                                                                                                                                                                                                                                                                                                                                                                                                                                                                                                                                                                                                                                                                                                                                                                                                                                                                                                                                                                                                                                                                                                                                                                                                                                                                                                                                                                                                                                                                                                                                                                                                                                                                                                                                                                                                                                                                                                                                                                                                                                                                                                                                                                                                                                                                            
ISO/TS 16949 Automotive Quality                                                                                                                                                                                        0 NULL                                                                                                                                                                                                                                                                                                                                                                                                                                                                                                                                                                                                                                                                                                                                                                                                                                                                                                                                                                                                                                                                                                                                                                                                                                                                                                                                                                                                                                                                                                                                                                                                                                                                                                                                                                                                                                                                                                                                                                                                                                                                                                                                                                                                                                                                                                                                                                                                                                                                                                                                                                                                                                                                                                                                                                                                                                                                                                                                                                                                                                                                                                                                                                                                                                                                                                                                                                                                                                                                                                                                                                                                                                                                                                                                                                                                                                                                                                                                                                                                                                                                                                                                                            
Management System Review                                                                                                                                                                                               0 NULL                                                                                                                                                                                                                                                                                                                                                                                                                                                                                                                                                                                                                                                                                                                                                                                                                                                                                                                                                                                                                                                                                                                                                                                                                                                                                                                                                                                                                                                                                                                                                                                                                                                                                                                                                                                                                                                                                                                                                                                                                                                                                                                                                                                                                                                                                                                                                                                                                                                                                                                                                                                                                                                                                                                                                                                                                                                                                                                                                                                                                                                                                                                                                                                                                                                                                                                                                                                                                                                                                                                                                                                                                                                                                                                                                                                                                                                                                                                                                                                                                                                                                                                                                            
MLC Maritime Labour Convention                                                                                                                                                                                         0 NULL                                                                                                                                                                                                                                                                                                                                                                                                                                                                                                                                                                                                                                                                                                                                                                                                                                                                                                                                                                                                                                                                                                                                                                                                                                                                                                                                                                                                                                                                                                                                                                                                                                                                                                                                                                                                                                                                                                                                                                                                                                                                                                                                                                                                                                                                                                                                                                                                                                                                                                                                                                                                                                                                                                                                                                                                                                                                                                                                                                                                                                                                                                                                                                                                                                                                                                                                                                                                                                                                                                                                                                                                                                                                                                                                                                                                                                                                                                                                                                                                                                                                                                                                                            
OHSAS 18001 Health and Safety (Legacy)                                                                                                                                                                                 0 NULL                                                                                                                                                                                                                                                                                                                                                                                                                                                                                                                                                                                                                                                                                                                                                                                                                                                                                                                                                                                                                                                                                                                                                                                                                                                                                                                                                                                                                                                                                                                                                                                                                                                                                                                                                                                                                                                                                                                                                                                                                                                                                                                                                                                                                                                                                                                                                                                                                                                                                                                                                                                                                                                                                                                                                                                                                                                                                                                                                                                                                                                                                                                                                                                                                                                                                                                                                                                                                                                                                                                                                                                                                                                                                                                                                                                                                                                                                                                                                                                                                                                                                                                                                            
Pre-Assessment Audit                                                                                                                                                                                                   0 NULL                                                                                                                                                                                                                                                                                                                                                                                                                                                                                                                                                                                                                                                                                                                                                                                                                                                                                                                                                                                                                                                                                                                                                                                                                                                                                                                                                                                                                                                                                                                                                                                                                                                                                                                                                                                                                                                                                                                                                                                                                                                                                                                                                                                                                                                                                                                                                                                                                                                                                                                                                                                                                                                                                                                                                                                                                                                                                                                                                                                                                                                                                                                                                                                                                                                                                                                                                                                                                                                                                                                                                                                                                                                                                                                                                                                                                                                                                                                                                                                                                                                                                                                                                            
Recertification Audit                                                                                                                                                                                                  0 NULL                                                                                                                                                                                                                                                                                                                                                                                                                                                                                                                                                                                                                                                                                                                                                                                                                                                                                                                                                                                                                                                                                                                                                                                                                                                                                                                                                                                                                                                                                                                                                                                                                                                                                                                                                                                                                                                                                                                                                                                                                                                                                                                                                                                                                                                                                                                                                                                                                                                                                                                                                                                                                                                                                                                                                                                                                                                                                                                                                                                                                                                                                                                                                                                                                                                                                                                                                                                                                                                                                                                                                                                                                                                                                                                                                                                                                                                                                                                                                                                                                                                                                                                                                            
Root Cause Analysis Training                                                                                                                                                                                           0 NULL                                                                                                                                                                                                                                                                                                                                                                                                                                                                                                                                                                                                                                                                                                                                                                                                                                                                                                                                                                                                                                                                                                                                                                                                                                                                                                                                                                                                                                                                                                                                                                                                                                                                                                                                                                                                                                                                                                                                                                                                                                                                                                                                                                                                                                                                                                                                                                                                                                                                                                                                                                                                                                                                                                                                                                                                                                                                                                                                                                                                                                                                                                                                                                                                                                                                                                                                                                                                                                                                                                                                                                                                                                                                                                                                                                                                                                                                                                                                                                                                                                                                                                                                                            
Surveillance Audit                                                                                                                                                                                                     0 NULL                                                                                                                                                                                                                                                                                                                                                                                                                                                                                                                                                                                                                                                                                                                                                                                                                                                                                                                                                                                                                                                                                                                                                                                                                                                                                                                                                                                                                                                                                                                                                                                                                                                                                                                                                                                                                                                                                                                                                                                                                                                                                                                                                                                                                                                                                                                                                                                                                                                                                                                                                                                                                                                                                                                                                                                                                                                                                                                                                                                                                                                                                                                                                                                                                                                                                                                                                                                                                                                                                                                                                                                                                                                                                                                                                                                                                                                                                                                                                                                                                                                                                                                                                            

(30 rows affected)
AccessLevel                                        Count      
-------------------------------------------------- -----------

(0 rows affected)
ServiceCategory        ServicesCount TotalUserAccess
---------------------- ------------- ---------------
Environmental                      2               0
Food Safety                        1               0
Health & Safety                    7               0
Information Security               1               0
Maritime & Energy                  1               0
Other Specialized                 11               0
Quality Management                 6               0
Renewable Energy                   1               0

(8 rows affected)
[Pass 2] FAIL UserSiteAccess_insert.sql: Msg 547, Level 16, State 1, Server DESKTOP-BOF7AOF\LOCALDB#B10938FE, Line 4
The INSERT statement conflicted with the CHECK constraint "CK_UserSiteAccess_AccessLevel". The conflict occurred in database "ERPAuditDB", table "dbo.UserSiteAccess", column 'AccessLevel'.
The statement has been terminated.
TotalSiteAccessRecords
----------------------
                     0

(1 rows affected)
SiteName                                                                                                                                                                                                 CompanyName                                                                                                                                                                                              UsersWithAccess AccessLevels                                                                                                                                                                                                                                                                                                                                                                                                                                                                                                                                                                                                                                                                                                                                                                                                                                                                                                                                                                                                                                                                                                                                                                                                                                                                                                                                                                                                                                                                                                                                                                                                                                                                                                                                                                                                                                                                                                                                                                                                                                                                                                                                                                                                                                                                                                                                                                                                                                                                                                                                                                                                                                                                                                                                                                                                                                                                                                                                                                                                                                                                                                                                                                                                                                                                                                                                                                                                                                                                                                                                                                                                                                                                                                                                                                                                                                                                                                                                                                                                                                                                                                                                                    
-------------------------------------------------------------------------------------------------------------------------------------------------------------------------------------------------------- -------------------------------------------------------------------------------------------------------------------------------------------------------------------------------------------------------- --------------- ----------------------------------------------------------------------------------------------------------------------------------------------------------------------------------------------------------------------------------------------------------------------------------------------------------------------------------------------------------------------------------------------------------------------------------------------------------------------------------------------------------------------------------------------------------------------------------------------------------------------------------------------------------------------------------------------------------------------------------------------------------------------------------------------------------------------------------------------------------------------------------------------------------------------------------------------------------------------------------------------------------------------------------------------------------------------------------------------------------------------------------------------------------------------------------------------------------------------------------------------------------------------------------------------------------------------------------------------------------------------------------------------------------------------------------------------------------------------------------------------------------------------------------------------------------------------------------------------------------------------------------------------------------------------------------------------------------------------------------------------------------------------------------------------------------------------------------------------------------------------------------------------------------------------------------------------------------------------------------------------------------------------------------------------------------------------------------------------------------------------------------------------------------------------------------------------------------------------------------------------------------------------------------------------------------------------------------------------------------------------------------------------------------------------------------------------------------------------------------------------------------------------------------------------------------------------------------------------------------------------------------------------------------------------------------------------------------------------------------------------------------------------------------------------------------------------------------------------------------------------------------------------------------------------------------------------------------------------------------------------------------------------------------------------------------------------------------------------------------------------------------------------------------------------------------------------------------------------------------------------------------------------------------------------------------------------------------------------------------------------------------------------------------------------------------------------------------------------------------------------------------------------------------------------------------------------------------------------------------------------------------------------------------------------------------------------------------------------------------------------------------------------------------------------------------------------------------------------------------------------------------------------------------------------------------------------------------------------------------------------------------------------------------------------------------------------------------------------------------------------------------------------------------------

(0 rows affected)
SiteType                                                                                             AccessLevel                                        Count      
---------------------------------------------------------------------------------------------------- -------------------------------------------------- -----------

(0 rows affected)
[Pass 2] FAIL UserTrainings_insert.sql: Msg 207, Level 16, State 1, Server DESKTOP-BOF7AOF\LOCALDB#B10938FE, Line 6
Invalid column name 'CertificationNumber'.
Msg 207, Level 16, State 1, Server DESKTOP-BOF7AOF\LOCALDB#B10938FE, Line 6
Invalid column name 'ExpiryDate'.
Msg 207, Level 16, State 1, Server DESKTOP-BOF7AOF\LOCALDB#B10938FE, Line 6
Invalid column name 'Comments'.
Msg 207, Level 16, State 1, Server DESKTOP-BOF7AOF\LOCALDB#B10938FE, Line 6
Invalid column name 'UpdatedDate'.
Msg 207, Level 16, State 1, Server DESKTOP-BOF7AOF\LOCALDB#B10938FE, Line 6
Invalid column name 'UpdatedBy'.
Msg 207, Level 16, State 1, Server DESKTOP-BOF7AOF\LOCALDB#B10938FE, Line 6
Invalid column name 'CertificationNumber'.
Msg 207, Level 16, State 1, Server DESKTOP-BOF7AOF\LOCALDB#B10938FE, Line 6
Invalid column name 'ExpiryDate'.
Msg 207, Level 16, State 1, Server DESKTOP-BOF7AOF\LOCALDB#B10938FE, Line 6
Invalid column name 'Comments'.
Msg 207, Level 16, State 1, Server DESKTOP-BOF7AOF\LOCALDB#B10938FE, Line 6
Invalid column name 'UpdatedDate'.
Msg 207, Level 16, State 1, Server DESKTOP-BOF7AOF\LOCALDB#B10938FE, Line 6
Invalid column name 'UpdatedBy'.
Msg 207, Level 16, State 1, Server DESKTOP-BOF7AOF\LOCALDB#B10938FE, Line 127
Invalid column name 'CompanyId'.
Msg 207, Level 16, State 1, Server DESKTOP-BOF7AOF\LOCALDB#B10938FE, Line 117
Invalid column name 'CompanyId'.
Msg 207, Level 16, State 1, Server DESKTOP-BOF7AOF\LOCALDB#B10938FE, Line 139
Invalid column name 'CompanyId'.
Msg 207, Level 16, State 1, Server DESKTOP-BOF7AOF\LOCALDB#B10938FE, Line 168
Invalid column name 'CompanyId'.
Msg 207, Level 16, State 1, Server DESKTOP-BOF7AOF\LOCALDB#B10938FE, Line 166
Invalid column name 'Comments'.
Msg 207, Level 16, State 1, Server DESKTOP-BOF7AOF\LOCALDB#B10938FE, Line 189
Invalid column name 'CompanyId'.
Msg 207, Level 16, State 1, Server DESKTOP-BOF7AOF\LOCALDB#B10938FE, Line 192
Invalid column name 'ExpiryDate'.
Msg 207, Level 16, State 1, Server DESKTOP-BOF7AOF\LOCALDB#B10938FE, Line 179
Invalid column name 'CertificationNumber'.
Msg 207, Level 16, State 1, Server DESKTOP-BOF7AOF\LOCALDB#B10938FE, Line 180
Invalid column name 'ExpiryDate'.
Msg 207, Level 16, State 1, Server DESKTOP-BOF7AOF\LOCALDB#B10938FE, Line 181
Invalid column name 'ExpiryDate'.
Msg 207, Level 16, State 1, Server DESKTOP-BOF7AOF\LOCALDB#B10938FE, Line 183
Invalid column name 'ExpiryDate'.
Msg 207, Level 16, State 1, Server DESKTOP-BOF7AOF\LOCALDB#B10938FE, Line 184
Invalid column name 'ExpiryDate'.
Msg 207, Level 16, State 1, Server DESKTOP-BOF7AOF\LOCALDB#B10938FE, Line 185
Invalid column name 'ExpiryDate'.
Msg 207, Level 16, State 1, Server DESKTOP-BOF7AOF\LOCALDB#B10938FE, Line 193
Invalid column name 'ExpiryDate'.
[Pass 3] FAIL AuditLogs_insert.sql: Msg 207, Level 16, State 1, Server DESKTOP-BOF7AOF\LOCALDB#B10938FE, Line 6
Invalid column name 'TableName'.
Msg 207, Level 16, State 1, Server DESKTOP-BOF7AOF\LOCALDB#B10938FE, Line 6
Invalid column name 'Operation'.
Msg 207, Level 16, State 1, Server DESKTOP-BOF7AOF\LOCALDB#B10938FE, Line 6
Invalid column name 'RecordId'.
Msg 207, Level 16, State 1, Server DESKTOP-BOF7AOF\LOCALDB#B10938FE, Line 6
Invalid column name 'Timestamp'.
Msg 207, Level 16, State 1, Server DESKTOP-BOF7AOF\LOCALDB#B10938FE, Line 6
Invalid column name 'ReasonCode'.
Msg 207, Level 16, State 1, Server DESKTOP-BOF7AOF\LOCALDB#B10938FE, Line 6
Invalid column name 'Comments'.
Msg 207, Level 16, State 1, Server DESKTOP-BOF7AOF\LOCALDB#B10938FE, Line 6
Invalid column name 'TableName'.
Msg 207, Level 16, State 1, Server DESKTOP-BOF7AOF\LOCALDB#B10938FE, Line 6
Invalid column name 'Operation'.
Msg 207, Level 16, State 1, Server DESKTOP-BOF7AOF\LOCALDB#B10938FE, Line 6
Invalid column name 'RecordId'.
Msg 207, Level 16, State 1, Server DESKTOP-BOF7AOF\LOCALDB#B10938FE, Line 6
Invalid column name 'Timestamp'.
Msg 207, Level 16, State 1, Server DESKTOP-BOF7AOF\LOCALDB#B10938FE, Line 6
Invalid column name 'ReasonCode'.
Msg 207, Level 16, State 1, Server DESKTOP-BOF7AOF\LOCALDB#B10938FE, Line 6
Invalid column name 'Comments'.
Msg 207, Level 16, State 1, Server DESKTOP-BOF7AOF\LOCALDB#B10938FE, Line 122
Invalid column name 'Operation'.
Msg 207, Level 16, State 1, Server DESKTOP-BOF7AOF\LOCALDB#B10938FE, Line 116
Invalid column name 'Operation'.
Msg 207, Level 16, State 1, Server DESKTOP-BOF7AOF\LOCALDB#B10938FE, Line 119
Invalid column name 'Timestamp'.
Msg 207, Level 16, State 1, Server DESKTOP-BOF7AOF\LOCALDB#B10938FE, Line 120
Invalid column name 'Timestamp'.
Msg 207, Level 16, State 1, Server DESKTOP-BOF7AOF\LOCALDB#B10938FE, Line 132
Invalid column name 'TableName'.
Msg 207, Level 16, State 1, Server DESKTOP-BOF7AOF\LOCALDB#B10938FE, Line 133
Invalid column name 'TableName'.
Msg 207, Level 16, State 1, Server DESKTOP-BOF7AOF\LOCALDB#B10938FE, Line 127
Invalid column name 'TableName'.
Msg 207, Level 16, State 1, Server DESKTOP-BOF7AOF\LOCALDB#B10938FE, Line 129
Invalid column name 'Operation'.
Msg 207, Level 16, State 1, Server DESKTOP-BOF7AOF\LOCALDB#B10938FE, Line 143
Invalid column name 'Timestamp'.
Msg 207, Level 16, State 1, Server DESKTOP-BOF7AOF\LOCALDB#B10938FE, Line 144
Invalid column name 'Timestamp'.
Msg 207, Level 16, State 1, Server DESKTOP-BOF7AOF\LOCALDB#B10938FE, Line 138
Invalid column name 'Timestamp'.
Msg 207, Level 16, State 1, Server DESKTOP-BOF7AOF\LOCALDB#B10938FE, Line 141
Invalid column name 'Operation'.
Msg 207, Level 16, State 1, Server DESKTOP-BOF7AOF\LOCALDB#B10938FE, Line 151
Invalid column name 'Operation'.
Msg 207, Level 16, State 1, Server DESKTOP-BOF7AOF\LOCALDB#B10938FE, Line 152
Invalid column name 'TableName'.
Msg 207, Level 16, State 1, Server DESKTOP-BOF7AOF\LOCALDB#B10938FE, Line 153
Invalid column name 'Timestamp'.
Msg 207, Level 16, State 1, Server DESKTOP-BOF7AOF\LOCALDB#B10938FE, Line 154
Invalid column name 'Timestamp'.
Msg 207, Level 16, State 1, Server DESKTOP-BOF7AOF\LOCALDB#B10938FE, Line 174
Invalid column name 'Operation'.
Msg 207, Level 16, State 1, Server DESKTOP-BOF7AOF\LOCALDB#B10938FE, Line 174
Invalid column name 'Operation'.
Msg 207, Level 16, State 1, Server DESKTOP-BOF7AOF\LOCALDB#B10938FE, Line 174
Invalid column name 'Operation'.
Msg 207, Level 16, State 1, Server DESKTOP-BOF7AOF\LOCALDB#B10938FE, Line 174
Invalid column name 'Operation'.
Msg 207, Level 16, State 1, Server DESKTOP-BOF7AOF\LOCALDB#B10938FE, Line 175
Invalid column name 'ReasonCode'.
Msg 207, Level 16, State 1, Server DESKTOP-BOF7AOF\LOCALDB#B10938FE, Line 175
Invalid column name 'ReasonCode'.
Msg 207, Level 16, State 1, Server DESKTOP-BOF7AOF\LOCALDB#B10938FE, Line 175
Invalid column name 'ReasonCode'.
Msg 207, Level 16, State 1, Server DESKTOP-BOF7AOF\LOCALDB#B10938FE, Line 162
Invalid column name 'Operation'.
Msg 207, Level 16, State 1, Server DESKTOP-BOF7AOF\LOCALDB#B10938FE, Line 165
Invalid column name 'Timestamp'.
Msg 207, Level 16, State 1, Server DESKTOP-BOF7AOF\LOCALDB#B10938FE, Line 166
Invalid column name 'Comments'.
Msg 207, Level 16, State 1, Server DESKTOP-BOF7AOF\LOCALDB#B10938FE, Line 168
Invalid column name 'Operation'.
Msg 207, Level 16, State 1, Server DESKTOP-BOF7AOF\LOCALDB#B10938FE, Line 169
Invalid column name 'Operation'.
Msg 207, Level 16, State 1, Server DESKTOP-BOF7AOF\LOCALDB#B10938FE, Line 170
Invalid column name 'Operation'.
Msg 207, Level 16, State 1, Server DESKTOP-BOF7AOF\LOCALDB#B10938FE, Line 186
Invalid column name 'Operation'.
Msg 207, Level 16, State 1, Server DESKTOP-BOF7AOF\LOCALDB#B10938FE, Line 186
Invalid column name 'Operation'.
Msg 207, Level 16, State 1, Server DESKTOP-BOF7AOF\LOCALDB#B10938FE, Line 186
Invalid column name 'Operation'.
Msg 207, Level 16, State 1, Server DESKTOP-BOF7AOF\LOCALDB#B10938FE, Line 187
Invalid column name 'TableName'.
Msg 207, Level 16, State 1, Server DESKTOP-BOF7AOF\LOCALDB#B10938FE, Line 187
Invalid column name 'Operation'.
Msg 207, Level 16, State 1, Server DESKTOP-BOF7AOF\LOCALDB#B10938FE, Line 180
Invalid column name 'TableName'.
Msg 207, Level 16, State 1, Server DESKTOP-BOF7AOF\LOCALDB#B10938FE, Line 181
Invalid column name 'Operation'.
Msg 207, Level 16, State 1, Server DESKTOP-BOF7AOF\LOCALDB#B10938FE, Line 184
Invalid column name 'Timestamp'.
[Pass 3] FAIL Audits_insert.sql: Msg 2627, Level 14, State 1, Server DESKTOP-BOF7AOF\LOCALDB#B10938FE, Line 1
Violation of PRIMARY KEY constraint 'PK__Audits__43D17399821F4DC3'. Cannot insert duplicate key in object 'dbo.Audits'. The duplicate key value is (1392092).
The statement has been terminated.
[Pass 3] FAIL AuditServices_insert.sql: Msg 207, Level 16, State 1, Server DESKTOP-BOF7AOF\LOCALDB#B10938FE, Line 4
Invalid column name 'AuditTypeId'.
Msg 207, Level 16, State 1, Server DESKTOP-BOF7AOF\LOCALDB#B10938FE, Line 4
Invalid column name 'IsDefault'.
Msg 207, Level 16, State 1, Server DESKTOP-BOF7AOF\LOCALDB#B10938FE, Line 4
Invalid column name 'AuditTypeId'.
Msg 207, Level 16, State 1, Server DESKTOP-BOF7AOF\LOCALDB#B10938FE, Line 4
Invalid column name 'IsDefault'.
Msg 207, Level 16, State 1, Server DESKTOP-BOF7AOF\LOCALDB#B10938FE, Line 122
Invalid column name 'AuditTypeId'.
Msg 207, Level 16, State 1, Server DESKTOP-BOF7AOF\LOCALDB#B10938FE, Line 123
Invalid column name 'TypeName'.
Msg 207, Level 16, State 1, Server DESKTOP-BOF7AOF\LOCALDB#B10938FE, Line 118
Invalid column name 'TypeName'.
Msg 207, Level 16, State 1, Server DESKTOP-BOF7AOF\LOCALDB#B10938FE, Line 120
Invalid column name 'IsDefault'.
Msg 207, Level 16, State 1, Server DESKTOP-BOF7AOF\LOCALDB#B10938FE, Line 133
Invalid column name 'AuditTypeId'.
Msg 207, Level 16, State 1, Server DESKTOP-BOF7AOF\LOCALDB#B10938FE, Line 135
Invalid column name 'AuditTypeId'.
Msg 207, Level 16, State 1, Server DESKTOP-BOF7AOF\LOCALDB#B10938FE, Line 129
Invalid column name 'AuditTypeId'.
Msg 207, Level 16, State 1, Server DESKTOP-BOF7AOF\LOCALDB#B10938FE, Line 130
Invalid column name 'TypeName'.
[Pass 3] FAIL AuditSiteAudits_insert.sql: Msg 207, Level 16, State 1, Server DESKTOP-BOF7AOF\LOCALDB#B10938FE, Line 4
Invalid column name 'AuditDate'.
Msg 207, Level 16, State 1, Server DESKTOP-BOF7AOF\LOCALDB#B10938FE, Line 4
Invalid column name 'AuditorId'.
Msg 207, Level 16, State 1, Server DESKTOP-BOF7AOF\LOCALDB#B10938FE, Line 4
Invalid column name 'AuditDate'.
Msg 207, Level 16, State 1, Server DESKTOP-BOF7AOF\LOCALDB#B10938FE, Line 4
Invalid column name 'AuditorId'.
Msg 207, Level 16, State 1, Server DESKTOP-BOF7AOF\LOCALDB#B10938FE, Line 133
Invalid column name 'AuditTitle'.
Msg 207, Level 16, State 1, Server DESKTOP-BOF7AOF\LOCALDB#B10938FE, Line 127
Invalid column name 'AuditTitle'.
Msg 207, Level 16, State 1, Server DESKTOP-BOF7AOF\LOCALDB#B10938FE, Line 142
Invalid column name 'AuditorId'.
Msg 207, Level 16, State 1, Server DESKTOP-BOF7AOF\LOCALDB#B10938FE, Line 143
Invalid column name 'AuditorId'.
[Pass 3] FAIL AuditSites_insert.sql: Msg 207, Level 16, State 1, Server DESKTOP-BOF7AOF\LOCALDB#B10938FE, Line 4
Invalid column name 'ServiceId'.
Msg 207, Level 16, State 1, Server DESKTOP-BOF7AOF\LOCALDB#B10938FE, Line 4
Invalid column name 'IsMainSite'.
Msg 207, Level 16, State 1, Server DESKTOP-BOF7AOF\LOCALDB#B10938FE, Line 4
Invalid column name 'ServiceId'.
Msg 207, Level 16, State 1, Server DESKTOP-BOF7AOF\LOCALDB#B10938FE, Line 4
Invalid column name 'IsMainSite'.
Msg 207, Level 16, State 1, Server DESKTOP-BOF7AOF\LOCALDB#B10938FE, Line 127
Invalid column name 'ServiceId'.
Msg 207, Level 16, State 1, Server DESKTOP-BOF7AOF\LOCALDB#B10938FE, Line 125
Invalid column name 'IsMainSite'.
Msg 207, Level 16, State 1, Server DESKTOP-BOF7AOF\LOCALDB#B10938FE, Line 141
Invalid column name 'ServiceId'.
Msg 207, Level 16, State 1, Server DESKTOP-BOF7AOF\LOCALDB#B10938FE, Line 136
Invalid column name 'ServiceId'.
Msg 207, Level 16, State 1, Server DESKTOP-BOF7AOF\LOCALDB#B10938FE, Line 151
Invalid column name 'IsMainSite'.
Msg 207, Level 16, State 1, Server DESKTOP-BOF7AOF\LOCALDB#B10938FE, Line 157
Invalid column name 'IsMainSite'.
[Pass 3] FAIL AuditTeamMembers_insert.sql: Msg 206, Level 16, State 2, Server DESKTOP-BOF7AOF\LOCALDB#B10938FE, Line 4
Operand type clash: uniqueidentifier is incompatible with int
Msg 207, Level 16, State 1, Server DESKTOP-BOF7AOF\LOCALDB#B10938FE, Line 135
Invalid column name 'AuditTitle'.
Msg 207, Level 16, State 1, Server DESKTOP-BOF7AOF\LOCALDB#B10938FE, Line 126
Invalid column name 'AuditTitle'.
[Pass 3] FAIL AuditTypes_insert.sql: Msg 207, Level 16, State 1, Server DESKTOP-BOF7AOF\LOCALDB#B10938FE, Line 6
Invalid column name 'TypeName'.
Msg 207, Level 16, State 1, Server DESKTOP-BOF7AOF\LOCALDB#B10938FE, Line 6
Invalid column name 'TypeCode'.
Msg 207, Level 16, State 1, Server DESKTOP-BOF7AOF\LOCALDB#B10938FE, Line 6
Invalid column name 'StandardDuration'.
Msg 207, Level 16, State 1, Server DESKTOP-BOF7AOF\LOCALDB#B10938FE, Line 6
Invalid column name 'TypeName'.
Msg 207, Level 16, State 1, Server DESKTOP-BOF7AOF\LOCALDB#B10938FE, Line 6
Invalid column name 'TypeCode'.
Msg 207, Level 16, State 1, Server DESKTOP-BOF7AOF\LOCALDB#B10938FE, Line 6
Invalid column name 'StandardDuration'.
[Pass 3] FAIL Certificates_insert.sql: Msg 207, Level 16, State 1, Server DESKTOP-BOF7AOF\LOCALDB#B10938FE, Line 6
Invalid column name 'CertificateTitle'.
Msg 207, Level 16, State 1, Server DESKTOP-BOF7AOF\LOCALDB#B10938FE, Line 6
Invalid column name 'Sites'.
Msg 207, Level 16, State 1, Server DESKTOP-BOF7AOF\LOCALDB#B10938FE, Line 6
Invalid column name 'ValidatedBy'.
Msg 207, Level 16, State 1, Server DESKTOP-BOF7AOF\LOCALDB#B10938FE, Line 6
Invalid column name 'CertificateTitle'.
Msg 207, Level 16, State 1, Server DESKTOP-BOF7AOF\LOCALDB#B10938FE, Line 6
Invalid column name 'Sites'.
Msg 207, Level 16, State 1, Server DESKTOP-BOF7AOF\LOCALDB#B10938FE, Line 6
Invalid column name 'ValidatedBy'.
Msg 207, Level 16, State 1, Server DESKTOP-BOF7AOF\LOCALDB#B10938FE, Line 82
Invalid column name 'CertificateTitle'.
[Pass 3] FAIL Cities_insert.sql: Msg 2627, Level 14, State 1, Server DESKTOP-BOF7AOF\LOCALDB#B10938FE, Line 6
Violation of PRIMARY KEY constraint 'PK_Cities'. Cannot insert duplicate key in object 'dbo.Cities'. The duplicate key value is (1).
The statement has been terminated.
TotalCities
-----------
         50

(1 rows affected)
CityName                                                                                             CountryName                                                                                          StateProvince                                                                                       
---------------------------------------------------------------------------------------------------- ---------------------------------------------------------------------------------------------------- ----------------------------------------------------------------------------------------------------
Sydney                                                                                               Australia                                                                                            New South Wales                                                                                     
Calgary                                                                                              Canada                                                                                               Alberta                                                                                             
Montreal                                                                                             Canada                                                                                               Quebec                                                                                              
Ottawa                                                                                               Canada                                                                                               Ontario                                                                                             
Toronto                                                                                              Canada                                                                                               Ontario                                                                                             
Vancouver                                                                                            Canada                                                                                               British Columbia                                                                                    
Shanghai                                                                                             China                                                                                                Shanghai                                                                                            
Lyon                                                                                                 France                                                                                               Auvergne-Rhône-Alpes                                                                               
Marseille                                                                                            France                                                                                               Provence-Alpes-Côte d'Azur                                                                         
Nice                                                                                                 France                                                                                               Provence-Alpes-Côte d'Azur                                                                         
Paris                                                                                                France                                                                                               �Zle-de-France                                                                                      
Toulouse                                                                                             France                                                                                               Occitanie                                                                                           
Berlin                                                                                               Germany                                                                                              Berlin                                                                                              
Cologne                                                                                              Germany                                                                                              North Rhine-Westphalia                                                                              
Frankfurt                                                                                            Germany                                                                                              Hesse                                                                                               
Hamburg                                                                                              Germany                                                                                              Hamburg                                                                                             
Munich                                                                                               Germany                                                                                              Bavaria                                                                                             
Florence                                                                                             Italy                                                                                                Tuscany                                                                                             
Milan                                                                                                Italy                                                                                                Lombardy                                                                                            
Naples                                                                                               Italy                                                                                                Campania                                                                                            
Rome                                                                                                 Italy                                                                                                Lazio                                                                                               
Turin                                                                                                Italy                                                                                                Piedmont                                                                                            
Tokyo                                                                                                Japan                                                                                                Tokyo                                                                                               
Amsterdam                                                                                            Netherlands                                                                                          North Holland                                                                                       
Eindhoven                                                                                            Netherlands                                                                                          North Brabant                                                                                       
Rotterdam                                                                                            Netherlands                                                                                          South Holland                                                                                       
The Hague                                                                                            Netherlands                                                                                          South Holland                                                                                       
Utrecht                                                                                              Netherlands                                                                                          Utrecht                                                                                             
Bergen                                                                                               Norway                                                                                               Vestland                                                                                            
Drammen                                                                                              Norway                                                                                               Viken                                                                                               
Oslo                                                                                                 Norway                                                                                               Oslo                                                                                                
Stavanger                                                                                            Norway                                                                                               Rogaland                                                                                            
Trondheim                                                                                            Norway                                                                                               Trøndelag                                                                                          
Singapore                                                                                            Singapore                                                                                            NULL                                                                                                
Seoul                                                                                                South Korea                                                                                          Seoul                                                                                               
Barcelona                                                                                            Spain                                                                                                Catalonia                                                                                           
Bilbao                                                                                               Spain                                                                                                Basque Country                                                                                      
Madrid                                                                                               Spain                                                                                                Community of Madrid                                                                                 
Seville                                                                                              Spain                                                                                                Andalusia                                                                                           
Valencia                                                                                             Spain                                                                                                Valencian Community                                                                                 
Birmingham                                                                                           United Kingdom                                                                                       England                                                                                             
Edinburgh                                                                                            United Kingdom                                                                                       Scotland                                                                                            
Glasgow                                                                                              United Kingdom                                                                                       Scotland                                                                                            
London                                                                                               United Kingdom                                                                                       England                                                                                             
Manchester                                                                                           United Kingdom                                                                                       England                                                                                             
Chicago                                                                                              United States                                                                                        Illinois                                                                                            
Houston                                                                                              United States                                                                                        Texas                                                                                               
Los Angeles                                                                                          United States                                                                                        California                                                                                          
New York                                                                                             United States                                                                                        New York                                                                                            
Philadelphia                                                                                         United States                                                                                        Pennsylvania                                                                                        

(50 rows affected)
[Pass 3] FAIL Companies_insert.sql: Msg 102, Level 15, State 1, Server DESKTOP-BOF7AOF\LOCALDB#B10938FE, Line 25
Incorrect syntax near 'Industria'.
Msg 132, Level 15, State 1, Server DESKTOP-BOF7AOF\LOCALDB#B10938FE, Line 28
The label 'https' has already been declared. Label names must be unique within a query batch or stored procedure.
Msg 132, Level 15, State 1, Server DESKTOP-BOF7AOF\LOCALDB#B10938FE, Line 31
The label 'https' has already been declared. Label names must be unique within a query batch or stored procedure.
Msg 132, Level 15, State 1, Server DESKTOP-BOF7AOF\LOCALDB#B10938FE, Line 34
The label 'https' has already been declared. Label names must be unique within a query batch or stored procedure.
Msg 132, Level 15, State 1, Server DESKTOP-BOF7AOF\LOCALDB#B10938FE, Line 37
The label 'https' has already been declared. Label names must be unique within a query batch or stored procedure.
Msg 132, Level 15, State 1, Server DESKTOP-BOF7AOF\LOCALDB#B10938FE, Line 40
The label 'https' has already been declared. Label names must be unique within a query batch or stored procedure.
Msg 132, Level 15, State 1, Server DESKTOP-BOF7AOF\LOCALDB#B10938FE, Line 43
The label 'https' has already been declared. Label names must be unique within a query batch or stored procedure.
Msg 132, Level 15, State 1, Server DESKTOP-BOF7AOF\LOCALDB#B10938FE, Line 46
The label 'https' has already been declared. Label names must be unique within a query batch or stored procedure.
Msg 132, Level 15, State 1, Server DESKTOP-BOF7AOF\LOCALDB#B10938FE, Line 49
The label 'https' has already been declared. Label names must be unique within a query batch or stored procedure.
Msg 132, Level 15, State 1, Server DESKTOP-BOF7AOF\LOCALDB#B10938FE, Line 52
The label 'https' has already been declared. Label names must be unique within a query batch or stored procedure.
Msg 132, Level 15, State 1, Server DESKTOP-BOF7AOF\LOCALDB#B10938FE, Line 55
The label 'https' has already been declared. Label names must be unique within a query batch or stored procedure.
Msg 319, Level 15, State 1, Server DESKTOP-BOF7AOF\LOCALDB#B10938FE, Line 58
Incorrect syntax near the keyword 'with'. If this statement is a common table expression, an xmlnamespaces clause or a change tracking context clause, the previous statement must be terminated with a semicolon.
Msg 132, Level 15, State 1, Server DESKTOP-BOF7AOF\LOCALDB#B10938FE, Line 58
The label 'https' has already been declared. Label names must be unique within a query batch or stored procedure.
Msg 132, Level 15, State 1, Server DESKTOP-BOF7AOF\LOCALDB#B10938FE, Line 60
The label 'https' has already been declared. Label names must be unique within a query batch or stored procedure.
Msg 132, Level 15, State 1, Server DESKTOP-BOF7AOF\LOCALDB#B10938FE, Line 63
The label 'https' has already been declared. Label names must be unique within a query batch or stored procedure.
Msg 132, Level 15, State 1, Server DESKTOP-BOF7AOF\LOCALDB#B10938FE, Line 65
The label 'https' has already been declared. Label names must be unique within a query batch or stored procedure.
Msg 105, Level 15, State 1, Server DESKTOP-BOF7AOF\LOCALDB#B10938FE, Line 65
Unclosed quotation mark after the character string ', 1, GETDATE(), GETDATE(), 1, 1);

SET IDENTITY_INSERT [dbo].[Companies] OFF;

-- Verify the insert
SELECT COUNT(*) as TotalCompanies FROM [dbo].[Companies];
SELECT Industry, COUNT(*) as Count FROM [dbo].[Companies] GROUP BY Industry ORDER BY Count DESC;
SELECT c.CompanyName, co.CountryName, ci.CityName, c.EmployeeCount 
FROM [dbo].[Companies] c 
LEFT JOIN [dbo].[Countries] co ON c.CountryId = co.CountryId 
LEFT JOIN [dbo].[Cities] ci ON c.CityId = ci.CityId 
ORDER BY c.EmployeeCount DESC;
'.
[Pass 3] FAIL Countries_insert.sql: Msg 2627, Level 14, State 1, Server DESKTOP-BOF7AOF\LOCALDB#B10938FE, Line 6
Violation of PRIMARY KEY constraint 'PK_Countries'. Cannot insert duplicate key in object 'dbo.Countries'. The duplicate key value is (1).
The statement has been terminated.
TotalCountries
--------------
            30

(1 rows affected)
CountryId   CountryName                                                                                          CountryCode CountryCodeAlpha2 IsActive CreatedDate             ModifiedDate            CreatedBy   ModifiedBy  Region                                                                                               Continent                                          Currency DisplayOrder
----------- ---------------------------------------------------------------------------------------------------- ----------- ----------------- -------- ----------------------- ----------------------- ----------- ----------- ---------------------------------------------------------------------------------------------------- -------------------------------------------------- -------- ------------
          1 United States                                                                                        USA         US                       1 2026-05-01 19:46:15.810 2026-05-01 19:46:15.810        NULL        NULL North America                                                                                        North America                                      USD                 1
          2 United Kingdom                                                                                       GBR         GB                       1 2026-05-01 19:46:15.810 2026-05-01 19:46:15.810        NULL        NULL Western Europe                                                                                       Europe                                             GBP                 2
          3 Germany                                                                                              DEU         DE                       1 2026-05-01 19:46:15.810 2026-05-01 19:46:15.810        NULL        NULL Western Europe                                                                                       Europe                                             EUR                 3
          4 France                                                                                               FRA         FR                       1 2026-05-01 19:46:15.810 2026-05-01 19:46:15.810        NULL        NULL Western Europe                                                                                       Europe                                             EUR                 4
          5 Italy                                                                                                ITA         IT                       1 2026-05-01 19:46:15.810 2026-05-01 19:46:15.810        NULL        NULL Southern Europe                                                                                      Europe                                             EUR                 5

(5 rows affected)
[Pass 3] FAIL FindingCategories_insert.sql: Msg 207, Level 16, State 1, Server DESKTOP-BOF7AOF\LOCALDB#B10938FE, Line 6
Invalid column name 'CategoryId'.
Msg 207, Level 16, State 1, Server DESKTOP-BOF7AOF\LOCALDB#B10938FE, Line 6
Invalid column name 'CategoryDescription'.
Msg 207, Level 16, State 1, Server DESKTOP-BOF7AOF\LOCALDB#B10938FE, Line 6
Invalid column name 'Severity'.
Msg 207, Level 16, State 1, Server DESKTOP-BOF7AOF\LOCALDB#B10938FE, Line 6
Invalid column name 'CategoryId'.
Msg 207, Level 16, State 1, Server DESKTOP-BOF7AOF\LOCALDB#B10938FE, Line 6
Invalid column name 'CategoryDescription'.
Msg 207, Level 16, State 1, Server DESKTOP-BOF7AOF\LOCALDB#B10938FE, Line 6
Invalid column name 'Severity'.
Msg 207, Level 16, State 1, Server DESKTOP-BOF7AOF\LOCALDB#B10938FE, Line 23
Invalid column name 'CategoryId'.
[Pass 3] FAIL Findings_insert.sql: Msg 207, Level 16, State 1, Server DESKTOP-BOF7AOF\LOCALDB#B10938FE, Line 6
Invalid column name 'FindingTitle'.
Msg 207, Level 16, State 1, Server DESKTOP-BOF7AOF\LOCALDB#B10938FE, Line 6
Invalid column name 'FindingDescription'.
Msg 207, Level 16, State 1, Server DESKTOP-BOF7AOF\LOCALDB#B10938FE, Line 6
Invalid column name 'CategoryId'.
Msg 207, Level 16, State 1, Server DESKTOP-BOF7AOF\LOCALDB#B10938FE, Line 6
Invalid column name 'StatusId'.
Msg 207, Level 16, State 1, Server DESKTOP-BOF7AOF\LOCALDB#B10938FE, Line 6
Invalid column name 'ClauseReference'.
Msg 207, Level 16, State 1, Server DESKTOP-BOF7AOF\LOCALDB#B10938FE, Line 6
Invalid column name 'RaisedDate'.
Msg 207, Level 16, State 1, Server DESKTOP-BOF7AOF\LOCALDB#B10938FE, Line 6
Invalid column name 'RaisedBy'.
Msg 207, Level 16, State 1, Server DESKTOP-BOF7AOF\LOCALDB#B10938FE, Line 6
Invalid column name 'FindingTitle'.
Msg 207, Level 16, State 1, Server DESKTOP-BOF7AOF\LOCALDB#B10938FE, Line 6
Invalid column name 'FindingDescription'.
Msg 207, Level 16, State 1, Server DESKTOP-BOF7AOF\LOCALDB#B10938FE, Line 6
Invalid column name 'CategoryId'.
Msg 207, Level 16, State 1, Server DESKTOP-BOF7AOF\LOCALDB#B10938FE, Line 6
Invalid column name 'StatusId'.
Msg 207, Level 16, State 1, Server DESKTOP-BOF7AOF\LOCALDB#B10938FE, Line 6
Invalid column name 'ClauseReference'.
Msg 207, Level 16, State 1, Server DESKTOP-BOF7AOF\LOCALDB#B10938FE, Line 6
Invalid column name 'RaisedDate'.
Msg 207, Level 16, State 1, Server DESKTOP-BOF7AOF\LOCALDB#B10938FE, Line 6
Invalid column name 'RaisedBy'.
Msg 207, Level 16, State 1, Server DESKTOP-BOF7AOF\LOCALDB#B10938FE, Line 63
Invalid column name 'StatusId'.
Msg 207, Level 16, State 1, Server DESKTOP-BOF7AOF\LOCALDB#B10938FE, Line 63
Invalid column name 'StatusId'.
Msg 207, Level 16, State 1, Server DESKTOP-BOF7AOF\LOCALDB#B10938FE, Line 64
Invalid column name 'StatusId'.
Msg 207, Level 16, State 1, Server DESKTOP-BOF7AOF\LOCALDB#B10938FE, Line 64
Invalid column name 'SortOrder'.
Msg 207, Level 16, State 1, Server DESKTOP-BOF7AOF\LOCALDB#B10938FE, Line 65
Invalid column name 'SortOrder'.
Msg 207, Level 16, State 1, Server DESKTOP-BOF7AOF\LOCALDB#B10938FE, Line 86
Invalid column name 'StatusId'.
Msg 207, Level 16, State 1, Server DESKTOP-BOF7AOF\LOCALDB#B10938FE, Line 87
Invalid column name 'StatusId'.
Msg 207, Level 16, State 1, Server DESKTOP-BOF7AOF\LOCALDB#B10938FE, Line 87
Invalid column name 'StatusId'.
Msg 207, Level 16, State 1, Server DESKTOP-BOF7AOF\LOCALDB#B10938FE, Line 87
Invalid column name 'StatusId'.
Msg 207, Level 16, State 1, Server DESKTOP-BOF7AOF\LOCALDB#B10938FE, Line 88
Invalid column name 'StatusId'.
Msg 207, Level 16, State 1, Server DESKTOP-BOF7AOF\LOCALDB#B10938FE, Line 109
Invalid column name 'StatusId'.
Msg 207, Level 16, State 1, Server DESKTOP-BOF7AOF\LOCALDB#B10938FE, Line 109
Invalid column name 'StatusId'.
Msg 207, Level 16, State 1, Server DESKTOP-BOF7AOF\LOCALDB#B10938FE, Line 99
Invalid column name 'FindingTitle'.
Msg 207, Level 16, State 1, Server DESKTOP-BOF7AOF\LOCALDB#B10938FE, Line 118
Invalid column name 'CategoryId'.
Msg 207, Level 16, State 1, Server DESKTOP-BOF7AOF\LOCALDB#B10938FE, Line 118
Invalid column name 'CategoryId'.
Msg 207, Level 16, State 1, Server DESKTOP-BOF7AOF\LOCALDB#B10938FE, Line 119
Invalid column name 'CategoryId'.
Msg 207, Level 16, State 1, Server DESKTOP-BOF7AOF\LOCALDB#B10938FE, Line 119
Invalid column name 'Severity'.
Msg 207, Level 16, State 1, Server DESKTOP-BOF7AOF\LOCALDB#B10938FE, Line 115
Invalid column name 'Severity'.
[Pass 3] FAIL FindingStatuses_insert.sql: Msg 207, Level 16, State 1, Server DESKTOP-BOF7AOF\LOCALDB#B10938FE, Line 6
Invalid column name 'StatusId'.
Msg 207, Level 16, State 1, Server DESKTOP-BOF7AOF\LOCALDB#B10938FE, Line 6
Invalid column name 'StatusDescription'.
Msg 207, Level 16, State 1, Server DESKTOP-BOF7AOF\LOCALDB#B10938FE, Line 6
Invalid column name 'SortOrder'.
Msg 207, Level 16, State 1, Server DESKTOP-BOF7AOF\LOCALDB#B10938FE, Line 6
Invalid column name 'StatusId'.
Msg 207, Level 16, State 1, Server DESKTOP-BOF7AOF\LOCALDB#B10938FE, Line 6
Invalid column name 'StatusDescription'.
Msg 207, Level 16, State 1, Server DESKTOP-BOF7AOF\LOCALDB#B10938FE, Line 6
Invalid column name 'SortOrder'.
Msg 207, Level 16, State 1, Server DESKTOP-BOF7AOF\LOCALDB#B10938FE, Line 21
Invalid column name 'SortOrder'.
[Pass 3] FAIL Invoices_insert.sql: Msg 207, Level 16, State 1, Server DESKTOP-BOF7AOF\LOCALDB#B10938FE, Line 6
Invalid column name 'AuditId'.
Msg 207, Level 16, State 1, Server DESKTOP-BOF7AOF\LOCALDB#B10938FE, Line 6
Invalid column name 'ServiceId'.
Msg 207, Level 16, State 1, Server DESKTOP-BOF7AOF\LOCALDB#B10938FE, Line 6
Invalid column name 'PaymentDate'.
Msg 207, Level 16, State 1, Server DESKTOP-BOF7AOF\LOCALDB#B10938FE, Line 6
Invalid column name 'BillingAddress'.
Msg 207, Level 16, State 1, Server DESKTOP-BOF7AOF\LOCALDB#B10938FE, Line 6
Invalid column name 'AuditId'.
Msg 207, Level 16, State 1, Server DESKTOP-BOF7AOF\LOCALDB#B10938FE, Line 6
Invalid column name 'ServiceId'.
Msg 207, Level 16, State 1, Server DESKTOP-BOF7AOF\LOCALDB#B10938FE, Line 6
Invalid column name 'PaymentDate'.
Msg 207, Level 16, State 1, Server DESKTOP-BOF7AOF\LOCALDB#B10938FE, Line 6
Invalid column name 'BillingAddress'.
[Pass 3] FAIL NotificationCategories_insert.sql: Msg 207, Level 16, State 1, Server DESKTOP-BOF7AOF\LOCALDB#B10938FE, Line 6
Invalid column name 'CategoryDescription'.
Msg 207, Level 16, State 1, Server DESKTOP-BOF7AOF\LOCALDB#B10938FE, Line 6
Invalid column name 'CategoryDescription'.
[Pass 3] FAIL Notifications_insert.sql: Msg 207, Level 16, State 1, Server DESKTOP-BOF7AOF\LOCALDB#B10938FE, Line 6
Invalid column name 'UserId'.
Msg 207, Level 16, State 1, Server DESKTOP-BOF7AOF\LOCALDB#B10938FE, Line 6
Invalid column name 'IsRead'.
Msg 207, Level 16, State 1, Server DESKTOP-BOF7AOF\LOCALDB#B10938FE, Line 6
Invalid column name 'ReadDate'.
Msg 207, Level 16, State 1, Server DESKTOP-BOF7AOF\LOCALDB#B10938FE, Line 6
Invalid column name 'UserId'.
Msg 207, Level 16, State 1, Server DESKTOP-BOF7AOF\LOCALDB#B10938FE, Line 6
Invalid column name 'IsRead'.
Msg 207, Level 16, State 1, Server DESKTOP-BOF7AOF\LOCALDB#B10938FE, Line 6
Invalid column name 'ReadDate'.
Msg 207, Level 16, State 1, Server DESKTOP-BOF7AOF\LOCALDB#B10938FE, Line 83
Invalid column name 'IsRead'.
Msg 207, Level 16, State 1, Server DESKTOP-BOF7AOF\LOCALDB#B10938FE, Line 84
Invalid column name 'IsRead'.
Msg 207, Level 16, State 1, Server DESKTOP-BOF7AOF\LOCALDB#B10938FE, Line 94
Invalid column name 'IsRead'.
Msg 207, Level 16, State 1, Server DESKTOP-BOF7AOF\LOCALDB#B10938FE, Line 112
Invalid column name 'CompanyId'.
Msg 207, Level 16, State 1, Server DESKTOP-BOF7AOF\LOCALDB#B10938FE, Line 113
Invalid column name 'UserId'.
Msg 207, Level 16, State 1, Server DESKTOP-BOF7AOF\LOCALDB#B10938FE, Line 113
Invalid column name 'IsRead'.
Msg 207, Level 16, State 1, Server DESKTOP-BOF7AOF\LOCALDB#B10938FE, Line 127
Invalid column name 'UserId'.
Msg 207, Level 16, State 1, Server DESKTOP-BOF7AOF\LOCALDB#B10938FE, Line 129
Invalid column name 'IsRead'.
Msg 207, Level 16, State 1, Server DESKTOP-BOF7AOF\LOCALDB#B10938FE, Line 136
Invalid column name 'IsRead'.
Msg 4104, Level 16, State 1, Server DESKTOP-BOF7AOF\LOCALDB#B10938FE, Line 114
The multi-part identifier "c.CompanyName" could not be bound.
Msg 4104, Level 16, State 1, Server DESKTOP-BOF7AOF\LOCALDB#B10938FE, Line 108
The multi-part identifier "c.CompanyName" could not be bound.
[Pass 3] FAIL Roles_insert.sql: Msg 207, Level 16, State 1, Server DESKTOP-BOF7AOF\LOCALDB#B10938FE, Line 6
Invalid column name 'RoleDescription'.
Msg 207, Level 16, State 1, Server DESKTOP-BOF7AOF\LOCALDB#B10938FE, Line 6
Invalid column name 'RoleDescription'.
Msg 207, Level 16, State 1, Server DESKTOP-BOF7AOF\LOCALDB#B10938FE, Line 52
Invalid column name 'RoleDescription'.
[Pass 3] FAIL Services_insert.sql: Msg 2627, Level 14, State 1, Server DESKTOP-BOF7AOF\LOCALDB#B10938FE, Line 6
Violation of PRIMARY KEY constraint 'PK_Services'. Cannot insert duplicate key in object 'dbo.Services'. The duplicate key value is (1).
The statement has been terminated.
TotalServices
-------------
           30

(1 rows affected)
ServiceType                                                                                          Count      
---------------------------------------------------------------------------------------------------- -----------
Certification                                                                                                 16
Assessment                                                                                                     7
Training                                                                                                       5
Consulting                                                                                                     1

(4 rows affected)
ServiceName                                                                                                                                                                                              ServiceCode                                        Category                                                                                             Cost        
-------------------------------------------------------------------------------------------------------------------------------------------------------------------------------------------------------- -------------------------------------------------- ---------------------------------------------------------------------------------------------------- ------------
ISO 9001 Quality Management System                                                                                                                                                                       ISO9001                                            Quality Management                                                                                       15000.00
ISO 14001 Environmental Management System                                                                                                                                                                ISO14001                                           Environmental Management                                                                                 12000.00
ISO 45001 Occupational Health and Safety                                                                                                                                                                 ISO45001                                           Health & Safety                                                                                          13000.00
ISO 27001 Information Security Management                                                                                                                                                                ISO27001                                           Information Security                                                                                     18000.00
ISO 50001 Energy Management System                                                                                                                                                                       ISO50001                                           Energy Management                                                                                        10000.00
ISO 22000 Food Safety Management                                                                                                                                                                         ISO22000                                           Food Safety                                                                                              14000.00
HACCP Hazard Analysis                                                                                                                                                                                    HACCP                                              Food Safety                                                                                               8000.00
BRC Global Standard for Food Safety                                                                                                                                                                      BRC                                                Food Safety                                                                                              12000.00
FSSC 22000 Food Safety System                                                                                                                                                                            FSSC22000                                          Food Safety                                                                                              16000.00
ISO/TS 16949 Automotive Quality                                                                                                                                                                          IATF16949                                          Automotive                                                                                               20000.00

(10 rows affected)
[Pass 3] FAIL Sites_insert.sql: Msg 547, Level 16, State 1, Server DESKTOP-BOF7AOF\LOCALDB#B10938FE, Line 6
The INSERT statement conflicted with the FOREIGN KEY constraint "FK_Sites_CompanyId". The conflict occurred in database "ERPAuditDB", table "dbo.Companies", column 'CompanyId'.
The statement has been terminated.
TotalSites 
-----------
          0

(1 rows affected)
SiteType                                                                                             Count      
---------------------------------------------------------------------------------------------------- -----------

(0 rows affected)
SiteName                                                                                                                                                                                                 CompanyName                                                                                                                                                                                              CountryName                                                                                          SiteType                                                                                             EmployeeCount
-------------------------------------------------------------------------------------------------------------------------------------------------------------------------------------------------------- -------------------------------------------------------------------------------------------------------------------------------------------------------------------------------------------------------- ---------------------------------------------------------------------------------------------------- ---------------------------------------------------------------------------------------------------- -------------

(0 rows affected)
[Pass 3] FAIL Trainings_insert.sql: Msg 207, Level 16, State 1, Server DESKTOP-BOF7AOF\LOCALDB#B10938FE, Line 6
Invalid column name 'DeliveryMethod'.
Msg 207, Level 16, State 1, Server DESKTOP-BOF7AOF\LOCALDB#B10938FE, Line 6
Invalid column name 'UpdatedDate'.
Msg 207, Level 16, State 1, Server DESKTOP-BOF7AOF\LOCALDB#B10938FE, Line 6
Invalid column name 'UpdatedBy'.
Msg 207, Level 16, State 1, Server DESKTOP-BOF7AOF\LOCALDB#B10938FE, Line 6
Invalid column name 'DeliveryMethod'.
Msg 207, Level 16, State 1, Server DESKTOP-BOF7AOF\LOCALDB#B10938FE, Line 6
Invalid column name 'UpdatedDate'.
Msg 207, Level 16, State 1, Server DESKTOP-BOF7AOF\LOCALDB#B10938FE, Line 6
Invalid column name 'UpdatedBy'.
Msg 207, Level 16, State 1, Server DESKTOP-BOF7AOF\LOCALDB#B10938FE, Line 91
Invalid column name 'DeliveryMethod'.
Msg 207, Level 16, State 1, Server DESKTOP-BOF7AOF\LOCALDB#B10938FE, Line 92
Invalid column name 'DeliveryMethod'.
Msg 207, Level 16, State 1, Server DESKTOP-BOF7AOF\LOCALDB#B10938FE, Line 93
Invalid column name 'DeliveryMethod'.
Msg 207, Level 16, State 1, Server DESKTOP-BOF7AOF\LOCALDB#B10938FE, Line 108
Invalid column name 'DeliveryMethod'.
Msg 207, Level 16, State 1, Server DESKTOP-BOF7AOF\LOCALDB#B10938FE, Line 101
Invalid column name 'DeliveryMethod'.
[Pass 3] FAIL UserCompanyAccess_insert.sql: Msg 547, Level 16, State 1, Server DESKTOP-BOF7AOF\LOCALDB#B10938FE, Line 4
The INSERT statement conflicted with the CHECK constraint "CK_UserCompanyAccess_AccessLevel". The conflict occurred in database "ERPAuditDB", table "dbo.UserCompanyAccess", column 'AccessLevel'.
The statement has been terminated.
TotalCompanyAccessRecords
-------------------------
                        0

(1 rows affected)
CompanyName                                                                                                                                                                                              UsersWithAccess AccessLevels                                                                                                                                                                                                                                                                                                                                                                                                                                                                                                                                                                                                                                                                                                                                                                                                                                                                                                                                                                                                                                                                                                                                                                                                                                                                                                                                                                                                                                                                                                                                                                                                                                                                                                                                                                                                                                                                                                                                                                                                                                                                                                                                                                                                                                                                                                                                                                                                                                                                                                                                                                                                                                                                                                                                                                                                                                                                                                                                                                                                                                                                                                                                                                                                                                                                                                                                                                                                                                                                                                                                                                                                                                                                                                                                                                                                                                                                                                                                                                                                                                                                                                                                                    
-------------------------------------------------------------------------------------------------------------------------------------------------------------------------------------------------------- --------------- ----------------------------------------------------------------------------------------------------------------------------------------------------------------------------------------------------------------------------------------------------------------------------------------------------------------------------------------------------------------------------------------------------------------------------------------------------------------------------------------------------------------------------------------------------------------------------------------------------------------------------------------------------------------------------------------------------------------------------------------------------------------------------------------------------------------------------------------------------------------------------------------------------------------------------------------------------------------------------------------------------------------------------------------------------------------------------------------------------------------------------------------------------------------------------------------------------------------------------------------------------------------------------------------------------------------------------------------------------------------------------------------------------------------------------------------------------------------------------------------------------------------------------------------------------------------------------------------------------------------------------------------------------------------------------------------------------------------------------------------------------------------------------------------------------------------------------------------------------------------------------------------------------------------------------------------------------------------------------------------------------------------------------------------------------------------------------------------------------------------------------------------------------------------------------------------------------------------------------------------------------------------------------------------------------------------------------------------------------------------------------------------------------------------------------------------------------------------------------------------------------------------------------------------------------------------------------------------------------------------------------------------------------------------------------------------------------------------------------------------------------------------------------------------------------------------------------------------------------------------------------------------------------------------------------------------------------------------------------------------------------------------------------------------------------------------------------------------------------------------------------------------------------------------------------------------------------------------------------------------------------------------------------------------------------------------------------------------------------------------------------------------------------------------------------------------------------------------------------------------------------------------------------------------------------------------------------------------------------------------------------------------------------------------------------------------------------------------------------------------------------------------------------------------------------------------------------------------------------------------------------------------------------------------------------------------------------------------------------------------------------------------------------------------------------------------------------------------------------------------------------------------------------------------

(0 rows affected)
AccessLevel                                        Count      
-------------------------------------------------- -----------

(0 rows affected)
[Pass 3] FAIL UserPreferences_insert.sql: Msg 207, Level 16, State 1, Server DESKTOP-BOF7AOF\LOCALDB#B10938FE, Line 7
Invalid column name 'PreferenceId'.
Msg 207, Level 16, State 1, Server DESKTOP-BOF7AOF\LOCALDB#B10938FE, Line 7
Invalid column name 'PreferenceName'.
Msg 207, Level 16, State 1, Server DESKTOP-BOF7AOF\LOCALDB#B10938FE, Line 7
Invalid column name 'DataType'.
Msg 207, Level 16, State 1, Server DESKTOP-BOF7AOF\LOCALDB#B10938FE, Line 7
Invalid column name 'IsEditable'.
Msg 207, Level 16, State 1, Server DESKTOP-BOF7AOF\LOCALDB#B10938FE, Line 7
Invalid column name 'UpdatedDate'.
Msg 207, Level 16, State 1, Server DESKTOP-BOF7AOF\LOCALDB#B10938FE, Line 7
Invalid column name 'UpdatedBy'.
Msg 207, Level 16, State 1, Server DESKTOP-BOF7AOF\LOCALDB#B10938FE, Line 7
Invalid column name 'PreferenceId'.
Msg 207, Level 16, State 1, Server DESKTOP-BOF7AOF\LOCALDB#B10938FE, Line 7
Invalid column name 'PreferenceName'.
Msg 207, Level 16, State 1, Server DESKTOP-BOF7AOF\LOCALDB#B10938FE, Line 7
Invalid column name 'DataType'.
Msg 207, Level 16, State 1, Server DESKTOP-BOF7AOF\LOCALDB#B10938FE, Line 7
Invalid column name 'IsEditable'.
Msg 207, Level 16, State 1, Server DESKTOP-BOF7AOF\LOCALDB#B10938FE, Line 7
Invalid column name 'UpdatedDate'.
Msg 207, Level 16, State 1, Server DESKTOP-BOF7AOF\LOCALDB#B10938FE, Line 7
Invalid column name 'UpdatedBy'.
Msg 207, Level 16, State 1, Server DESKTOP-BOF7AOF\LOCALDB#B10938FE, Line 187
Invalid column name 'CompanyId'.
Msg 207, Level 16, State 1, Server DESKTOP-BOF7AOF\LOCALDB#B10938FE, Line 190
Invalid column name 'PreferenceId'.
Msg 207, Level 16, State 1, Server DESKTOP-BOF7AOF\LOCALDB#B10938FE, Line 182
Invalid column name 'PreferenceId'.
Msg 207, Level 16, State 1, Server DESKTOP-BOF7AOF\LOCALDB#B10938FE, Line 184
Invalid column name 'PreferenceName'.
Msg 207, Level 16, State 1, Server DESKTOP-BOF7AOF\LOCALDB#B10938FE, Line 185
Invalid column name 'PreferenceName'.
Msg 207, Level 16, State 1, Server DESKTOP-BOF7AOF\LOCALDB#B10938FE, Line 199
Invalid column name 'PreferenceName'.
Msg 207, Level 16, State 1, Server DESKTOP-BOF7AOF\LOCALDB#B10938FE, Line 199
Invalid column name 'PreferenceName'.
Msg 207, Level 16, State 1, Server DESKTOP-BOF7AOF\LOCALDB#B10938FE, Line 201
Invalid column name 'PreferenceName'.
Msg 207, Level 16, State 1, Server DESKTOP-BOF7AOF\LOCALDB#B10938FE, Line 195
Invalid column name 'PreferenceName'.
Msg 207, Level 16, State 1, Server DESKTOP-BOF7AOF\LOCALDB#B10938FE, Line 196
Invalid column name 'PreferenceName'.
Msg 207, Level 16, State 1, Server DESKTOP-BOF7AOF\LOCALDB#B10938FE, Line 211
Invalid column name 'CompanyId'.
Msg 207, Level 16, State 1, Server DESKTOP-BOF7AOF\LOCALDB#B10938FE, Line 213
Invalid column name 'PreferenceName'.
Msg 207, Level 16, State 1, Server DESKTOP-BOF7AOF\LOCALDB#B10938FE, Line 209
Invalid column name 'UpdatedDate'.
[Pass 3] FAIL UserRoles_insert.sql: Msg 207, Level 16, State 1, Server DESKTOP-BOF7AOF\LOCALDB#B10938FE, Line 106
Invalid column name 'CompanyId'.
Msg 207, Level 16, State 1, Server DESKTOP-BOF7AOF\LOCALDB#B10938FE, Line 99
Invalid column name 'CompanyId'.
Msg 207, Level 16, State 1, Server DESKTOP-BOF7AOF\LOCALDB#B10938FE, Line 107
Invalid column name 'CompanyId'.
[Pass 3] FAIL Users_insert.sql: Msg 2627, Level 14, State 1, Server DESKTOP-BOF7AOF\LOCALDB#B10938FE, Line 6
Violation of PRIMARY KEY constraint 'PK_Users'. Cannot insert duplicate key in object 'dbo.Users'. The duplicate key value is (1).
The statement has been terminated.
TotalUsers 
-----------
         30

(1 rows affected)
Position                                                                                             Count      
---------------------------------------------------------------------------------------------------- -----------
Senior Auditor                                                                                                 3
Technical Expert                                                                                               3
Lead Auditor                                                                                                   2
Quality Director                                                                                               2
Quality Manager                                                                                                1
Safety Manager                                                                                                 1
Safety Officer                                                                                                 1
Management Representative                                                                                      1
Manufacturing Manager                                                                                          1
Operations Manager                                                                                             1
Principal Auditor                                                                                              1
Production Manager                                                                                             1
Quality Assurance Manager                                                                                      1
Compliance Manager                                                                                             1
Energy Manager                                                                                                 1
Environmental Coordinator                                                                                      1
Environmental Manager                                                                                          1
Environmental Specialist                                                                                       1
Fleet Manager                                                                                                  1
Food Safety Manager                                                                                            1
Health & Safety Coordinator                                                                                    1
Information Security Manager                                                                                   1
Technical Manager                                                                                              1
System Administrator                                                                                           1

(24 rows affected)
Username                                                                                             FirstName                                                                                            LastName                                                                                             Email                                                                                                                                                                                                                                                           Position                                                                                             Department                                                                                          
---------------------------------------------------------------------------------------------------- ---------------------------------------------------------------------------------------------------- ---------------------------------------------------------------------------------------------------- --------------------------------------------------------------------------------------------------------------------------------------------------------------------------------------------------------------------------------------------------------------- ---------------------------------------------------------------------------------------------------- ----------------------------------------------------------------------------------------------------
admin                                                                                                System                                                                                               Administrator                                                                                        admin@dnv.com                                                                                                                                                                                                                                                   System Administrator                                                                                 IT                                                                                                  
j.smith                                                                                              John                                                                                                 Smith                                                                                                john.smith@dnv.com                                                                                                                                                                                                                                              Lead Auditor                                                                                         Certification                                                                                       
a.johnson                                                                                            Anna                                                                                                 Johnson                                                                                              anna.johnson@dnv.com                                                                                                                                                                                                                                            Senior Auditor                                                                                       Certification                                                                                       
m.brown                                                                                              Michael                                                                                              Brown                                                                                                michael.brown@dnv.com                                                                                                                                                                                                                                           Lead Auditor                                                                                         Certification                                                                                       
s.wilson                                                                                             Sarah                                                                                                Wilson                                                                                               sarah.wilson@dnv.com                                                                                                                                                                                                                                            Principal Auditor                                                                                    Certification                                                                                       
l.garcia                                                                                             Luis                                                                                                 Garcia                                                                                               luis.garcia@dnv.com                                                                                                                                                                                                                                             Senior Auditor                                                                                       Certification                                                                                       
r.anderson                                                                                           Robert                                                                                               Anderson                                                                                             robert.anderson@dnv.com                                                                                                                                                                                                                                         Technical Expert                                                                                     Maritime                                                                                            
e.martinez                                                                                           Elena                                                                                                Martinez                                                                                             elena.martinez@dnv.com                                                                                                                                                                                                                                          Technical Expert                                                                                     Oil & Gas                                                                                           
h.tanaka                                                                                             Hiroshi                                                                                              Tanaka                                                                                               hiroshi.tanaka@dnv.com                                                                                                                                                                                                                                          Technical Expert                                                                                     Energy                                                                                              
k.lee                                                                                                Kevin                                                                                                Lee                                                                                                  kevin.lee@dnv.com                                                                                                                                                                                                                                               Senior Auditor                                                                                       Certification                                                                                       

(10 rows affected)
[Pass 3] FAIL UserServiceAccess_insert.sql: Msg 547, Level 16, State 1, Server DESKTOP-BOF7AOF\LOCALDB#B10938FE, Line 4
The INSERT statement conflicted with the CHECK constraint "CK_UserServiceAccess_AccessLevel". The conflict occurred in database "ERPAuditDB", table "dbo.UserServiceAccess", column 'AccessLevel'.
The statement has been terminated.
TotalServiceAccessRecords
-------------------------
                        0

(1 rows affected)
ServiceName                                                                                                                                                                                              UsersWithAccess AccessLevels                                                                                                                                                                                                                                                                                                                                                                                                                                                                                                                                                                                                                                                                                                                                                                                                                                                                                                                                                                                                                                                                                                                                                                                                                                                                                                                                                                                                                                                                                                                                                                                                                                                                                                                                                                                                                                                                                                                                                                                                                                                                                                                                                                                                                                                                                                                                                                                                                                                                                                                                                                                                                                                                                                                                                                                                                                                                                                                                                                                                                                                                                                                                                                                                                                                                                                                                                                                                                                                                                                                                                                                                                                                                                                                                                                                                                                                                                                                                                                                                                                                                                                                                                    
-------------------------------------------------------------------------------------------------------------------------------------------------------------------------------------------------------- --------------- ----------------------------------------------------------------------------------------------------------------------------------------------------------------------------------------------------------------------------------------------------------------------------------------------------------------------------------------------------------------------------------------------------------------------------------------------------------------------------------------------------------------------------------------------------------------------------------------------------------------------------------------------------------------------------------------------------------------------------------------------------------------------------------------------------------------------------------------------------------------------------------------------------------------------------------------------------------------------------------------------------------------------------------------------------------------------------------------------------------------------------------------------------------------------------------------------------------------------------------------------------------------------------------------------------------------------------------------------------------------------------------------------------------------------------------------------------------------------------------------------------------------------------------------------------------------------------------------------------------------------------------------------------------------------------------------------------------------------------------------------------------------------------------------------------------------------------------------------------------------------------------------------------------------------------------------------------------------------------------------------------------------------------------------------------------------------------------------------------------------------------------------------------------------------------------------------------------------------------------------------------------------------------------------------------------------------------------------------------------------------------------------------------------------------------------------------------------------------------------------------------------------------------------------------------------------------------------------------------------------------------------------------------------------------------------------------------------------------------------------------------------------------------------------------------------------------------------------------------------------------------------------------------------------------------------------------------------------------------------------------------------------------------------------------------------------------------------------------------------------------------------------------------------------------------------------------------------------------------------------------------------------------------------------------------------------------------------------------------------------------------------------------------------------------------------------------------------------------------------------------------------------------------------------------------------------------------------------------------------------------------------------------------------------------------------------------------------------------------------------------------------------------------------------------------------------------------------------------------------------------------------------------------------------------------------------------------------------------------------------------------------------------------------------------------------------------------------------------------------------------------------------------------------------
AS9100 Aerospace Quality Management                                                                                                                                                                                    0 NULL                                                                                                                                                                                                                                                                                                                                                                                                                                                                                                                                                                                                                                                                                                                                                                                                                                                                                                                                                                                                                                                                                                                                                                                                                                                                                                                                                                                                                                                                                                                                                                                                                                                                                                                                                                                                                                                                                                                                                                                                                                                                                                                                                                                                                                                                                                                                                                                                                                                                                                                                                                                                                                                                                                                                                                                                                                                                                                                                                                                                                                                                                                                                                                                                                                                                                                                                                                                                                                                                                                                                                                                                                                                                                                                                                                                                                                                                                                                                                                                                                                                                                                                                                            
BRC Global Standard for Food Safety                                                                                                                                                                                    0 NULL                                                                                                                                                                                                                                                                                                                                                                                                                                                                                                                                                                                                                                                                                                                                                                                                                                                                                                                                                                                                                                                                                                                                                                                                                                                                                                                                                                                                                                                                                                                                                                                                                                                                                                                                                                                                                                                                                                                                                                                                                                                                                                                                                                                                                                                                                                                                                                                                                                                                                                                                                                                                                                                                                                                                                                                                                                                                                                                                                                                                                                                                                                                                                                                                                                                                                                                                                                                                                                                                                                                                                                                                                                                                                                                                                                                                                                                                                                                                                                                                                                                                                                                                                            
FSSC 22000 Food Safety System                                                                                                                                                                                          0 NULL                                                                                                                                                                                                                                                                                                                                                                                                                                                                                                                                                                                                                                                                                                                                                                                                                                                                                                                                                                                                                                                                                                                                                                                                                                                                                                                                                                                                                                                                                                                                                                                                                                                                                                                                                                                                                                                                                                                                                                                                                                                                                                                                                                                                                                                                                                                                                                                                                                                                                                                                                                                                                                                                                                                                                                                                                                                                                                                                                                                                                                                                                                                                                                                                                                                                                                                                                                                                                                                                                                                                                                                                                                                                                                                                                                                                                                                                                                                                                                                                                                                                                                                                                            
Gap Analysis Assessment                                                                                                                                                                                                0 NULL                                                                                                                                                                                                                                                                                                                                                                                                                                                                                                                                                                                                                                                                                                                                                                                                                                                                                                                                                                                                                                                                                                                                                                                                                                                                                                                                                                                                                                                                                                                                                                                                                                                                                                                                                                                                                                                                                                                                                                                                                                                                                                                                                                                                                                                                                                                                                                                                                                                                                                                                                                                                                                                                                                                                                                                                                                                                                                                                                                                                                                                                                                                                                                                                                                                                                                                                                                                                                                                                                                                                                                                                                                                                                                                                                                                                                                                                                                                                                                                                                                                                                                                                                            
HACCP Hazard Analysis                                                                                                                                                                                                  0 NULL                                                                                                                                                                                                                                                                                                                                                                                                                                                                                                                                                                                                                                                                                                                                                                                                                                                                                                                                                                                                                                                                                                                                                                                                                                                                                                                                                                                                                                                                                                                                                                                                                                                                                                                                                                                                                                                                                                                                                                                                                                                                                                                                                                                                                                                                                                                                                                                                                                                                                                                                                                                                                                                                                                                                                                                                                                                                                                                                                                                                                                                                                                                                                                                                                                                                                                                                                                                                                                                                                                                                                                                                                                                                                                                                                                                                                                                                                                                                                                                                                                                                                                                                                            
Internal Auditor Training - QMS                                                                                                                                                                                        0 NULL                                                                                                                                                                                                                                                                                                                                                                                                                                                                                                                                                                                                                                                                                                                                                                                                                                                                                                                                                                                                                                                                                                                                                                                                                                                                                                                                                                                                                                                                                                                                                                                                                                                                                                                                                                                                                                                                                                                                                                                                                                                                                                                                                                                                                                                                                                                                                                                                                                                                                                                                                                                                                                                                                                                                                                                                                                                                                                                                                                                                                                                                                                                                                                                                                                                                                                                                                                                                                                                                                                                                                                                                                                                                                                                                                                                                                                                                                                                                                                                                                                                                                                                                                            
ISM International Safety Management                                                                                                                                                                                    0 NULL                                                                                                                                                                                                                                                                                                                                                                                                                                                                                                                                                                                                                                                                                                                                                                                                                                                                                                                                                                                                                                                                                                                                                                                                                                                                                                                                                                                                                                                                                                                                                                                                                                                                                                                                                                                                                                                                                                                                                                                                                                                                                                                                                                                                                                                                                                                                                                                                                                                                                                                                                                                                                                                                                                                                                                                                                                                                                                                                                                                                                                                                                                                                                                                                                                                                                                                                                                                                                                                                                                                                                                                                                                                                                                                                                                                                                                                                                                                                                                                                                                                                                                                                                            
ISO 13485 Medical Devices Quality                                                                                                                                                                                      0 NULL                                                                                                                                                                                                                                                                                                                                                                                                                                                                                                                                                                                                                                                                                                                                                                                                                                                                                                                                                                                                                                                                                                                                                                                                                                                                                                                                                                                                                                                                                                                                                                                                                                                                                                                                                                                                                                                                                                                                                                                                                                                                                                                                                                                                                                                                                                                                                                                                                                                                                                                                                                                                                                                                                                                                                                                                                                                                                                                                                                                                                                                                                                                                                                                                                                                                                                                                                                                                                                                                                                                                                                                                                                                                                                                                                                                                                                                                                                                                                                                                                                                                                                                                                            
ISO 14001 Environmental Management System                                                                                                                                                                              0 NULL                                                                                                                                                                                                                                                                                                                                                                                                                                                                                                                                                                                                                                                                                                                                                                                                                                                                                                                                                                                                                                                                                                                                                                                                                                                                                                                                                                                                                                                                                                                                                                                                                                                                                                                                                                                                                                                                                                                                                                                                                                                                                                                                                                                                                                                                                                                                                                                                                                                                                                                                                                                                                                                                                                                                                                                                                                                                                                                                                                                                                                                                                                                                                                                                                                                                                                                                                                                                                                                                                                                                                                                                                                                                                                                                                                                                                                                                                                                                                                                                                                                                                                                                                            
ISO 14001 Lead Auditor Training                                                                                                                                                                                        0 NULL                                                                                                                                                                                                                                                                                                                                                                                                                                                                                                                                                                                                                                                                                                                                                                                                                                                                                                                                                                                                                                                                                                                                                                                                                                                                                                                                                                                                                                                                                                                                                                                                                                                                                                                                                                                                                                                                                                                                                                                                                                                                                                                                                                                                                                                                                                                                                                                                                                                                                                                                                                                                                                                                                                                                                                                                                                                                                                                                                                                                                                                                                                                                                                                                                                                                                                                                                                                                                                                                                                                                                                                                                                                                                                                                                                                                                                                                                                                                                                                                                                                                                                                                                            
ISO 22000 Food Safety Management                                                                                                                                                                                       0 NULL                                                                                                                                                                                                                                                                                                                                                                                                                                                                                                                                                                                                                                                                                                                                                                                                                                                                                                                                                                                                                                                                                                                                                                                                                                                                                                                                                                                                                                                                                                                                                                                                                                                                                                                                                                                                                                                                                                                                                                                                                                                                                                                                                                                                                                                                                                                                                                                                                                                                                                                                                                                                                                                                                                                                                                                                                                                                                                                                                                                                                                                                                                                                                                                                                                                                                                                                                                                                                                                                                                                                                                                                                                                                                                                                                                                                                                                                                                                                                                                                                                                                                                                                                            
ISO 22301 Business Continuity Management                                                                                                                                                                               0 NULL                                                                                                                                                                                                                                                                                                                                                                                                                                                                                                                                                                                                                                                                                                                                                                                                                                                                                                                                                                                                                                                                                                                                                                                                                                                                                                                                                                                                                                                                                                                                                                                                                                                                                                                                                                                                                                                                                                                                                                                                                                                                                                                                                                                                                                                                                                                                                                                                                                                                                                                                                                                                                                                                                                                                                                                                                                                                                                                                                                                                                                                                                                                                                                                                                                                                                                                                                                                                                                                                                                                                                                                                                                                                                                                                                                                                                                                                                                                                                                                                                                                                                                                                                            
ISO 26000 Social Responsibility                                                                                                                                                                                        0 NULL                                                                                                                                                                                                                                                                                                                                                                                                                                                                                                                                                                                                                                                                                                                                                                                                                                                                                                                                                                                                                                                                                                                                                                                                                                                                                                                                                                                                                                                                                                                                                                                                                                                                                                                                                                                                                                                                                                                                                                                                                                                                                                                                                                                                                                                                                                                                                                                                                                                                                                                                                                                                                                                                                                                                                                                                                                                                                                                                                                                                                                                                                                                                                                                                                                                                                                                                                                                                                                                                                                                                                                                                                                                                                                                                                                                                                                                                                                                                                                                                                                                                                                                                                            
ISO 27001 Information Security Management                                                                                                                                                                              0 NULL                                                                                                                                                                                                                                                                                                                                                                                                                                                                                                                                                                                                                                                                                                                                                                                                                                                                                                                                                                                                                                                                                                                                                                                                                                                                                                                                                                                                                                                                                                                                                                                                                                                                                                                                                                                                                                                                                                                                                                                                                                                                                                                                                                                                                                                                                                                                                                                                                                                                                                                                                                                                                                                                                                                                                                                                                                                                                                                                                                                                                                                                                                                                                                                                                                                                                                                                                                                                                                                                                                                                                                                                                                                                                                                                                                                                                                                                                                                                                                                                                                                                                                                                                            
ISO 29001 Oil and Gas Quality                                                                                                                                                                                          0 NULL                                                                                                                                                                                                                                                                                                                                                                                                                                                                                                                                                                                                                                                                                                                                                                                                                                                                                                                                                                                                                                                                                                                                                                                                                                                                                                                                                                                                                                                                                                                                                                                                                                                                                                                                                                                                                                                                                                                                                                                                                                                                                                                                                                                                                                                                                                                                                                                                                                                                                                                                                                                                                                                                                                                                                                                                                                                                                                                                                                                                                                                                                                                                                                                                                                                                                                                                                                                                                                                                                                                                                                                                                                                                                                                                                                                                                                                                                                                                                                                                                                                                                                                                                            
ISO 31000 Risk Management                                                                                                                                                                                              0 NULL                                                                                                                                                                                                                                                                                                                                                                                                                                                                                                                                                                                                                                                                                                                                                                                                                                                                                                                                                                                                                                                                                                                                                                                                                                                                                                                                                                                                                                                                                                                                                                                                                                                                                                                                                                                                                                                                                                                                                                                                                                                                                                                                                                                                                                                                                                                                                                                                                                                                                                                                                                                                                                                                                                                                                                                                                                                                                                                                                                                                                                                                                                                                                                                                                                                                                                                                                                                                                                                                                                                                                                                                                                                                                                                                                                                                                                                                                                                                                                                                                                                                                                                                                            
ISO 45001 Lead Auditor Training                                                                                                                                                                                        0 NULL                                                                                                                                                                                                                                                                                                                                                                                                                                                                                                                                                                                                                                                                                                                                                                                                                                                                                                                                                                                                                                                                                                                                                                                                                                                                                                                                                                                                                                                                                                                                                                                                                                                                                                                                                                                                                                                                                                                                                                                                                                                                                                                                                                                                                                                                                                                                                                                                                                                                                                                                                                                                                                                                                                                                                                                                                                                                                                                                                                                                                                                                                                                                                                                                                                                                                                                                                                                                                                                                                                                                                                                                                                                                                                                                                                                                                                                                                                                                                                                                                                                                                                                                                            
ISO 45001 Occupational Health and Safety                                                                                                                                                                               0 NULL                                                                                                                                                                                                                                                                                                                                                                                                                                                                                                                                                                                                                                                                                                                                                                                                                                                                                                                                                                                                                                                                                                                                                                                                                                                                                                                                                                                                                                                                                                                                                                                                                                                                                                                                                                                                                                                                                                                                                                                                                                                                                                                                                                                                                                                                                                                                                                                                                                                                                                                                                                                                                                                                                                                                                                                                                                                                                                                                                                                                                                                                                                                                                                                                                                                                                                                                                                                                                                                                                                                                                                                                                                                                                                                                                                                                                                                                                                                                                                                                                                                                                                                                                            
ISO 50001 Energy Management System                                                                                                                                                                                     0 NULL                                                                                                                                                                                                                                                                                                                                                                                                                                                                                                                                                                                                                                                                                                                                                                                                                                                                                                                                                                                                                                                                                                                                                                                                                                                                                                                                                                                                                                                                                                                                                                                                                                                                                                                                                                                                                                                                                                                                                                                                                                                                                                                                                                                                                                                                                                                                                                                                                                                                                                                                                                                                                                                                                                                                                                                                                                                                                                                                                                                                                                                                                                                                                                                                                                                                                                                                                                                                                                                                                                                                                                                                                                                                                                                                                                                                                                                                                                                                                                                                                                                                                                                                                            
ISO 9001 Lead Auditor Training                                                                                                                                                                                         0 NULL                                                                                                                                                                                                                                                                                                                                                                                                                                                                                                                                                                                                                                                                                                                                                                                                                                                                                                                                                                                                                                                                                                                                                                                                                                                                                                                                                                                                                                                                                                                                                                                                                                                                                                                                                                                                                                                                                                                                                                                                                                                                                                                                                                                                                                                                                                                                                                                                                                                                                                                                                                                                                                                                                                                                                                                                                                                                                                                                                                                                                                                                                                                                                                                                                                                                                                                                                                                                                                                                                                                                                                                                                                                                                                                                                                                                                                                                                                                                                                                                                                                                                                                                                            
ISO 9001 Quality Management System                                                                                                                                                                                     0 NULL                                                                                                                                                                                                                                                                                                                                                                                                                                                                                                                                                                                                                                                                                                                                                                                                                                                                                                                                                                                                                                                                                                                                                                                                                                                                                                                                                                                                                                                                                                                                                                                                                                                                                                                                                                                                                                                                                                                                                                                                                                                                                                                                                                                                                                                                                                                                                                                                                                                                                                                                                                                                                                                                                                                                                                                                                                                                                                                                                                                                                                                                                                                                                                                                                                                                                                                                                                                                                                                                                                                                                                                                                                                                                                                                                                                                                                                                                                                                                                                                                                                                                                                                                            
ISO Implementation Consulting                                                                                                                                                                                          0 NULL                                                                                                                                                                                                                                                                                                                                                                                                                                                                                                                                                                                                                                                                                                                                                                                                                                                                                                                                                                                                                                                                                                                                                                                                                                                                                                                                                                                                                                                                                                                                                                                                                                                                                                                                                                                                                                                                                                                                                                                                                                                                                                                                                                                                                                                                                                                                                                                                                                                                                                                                                                                                                                                                                                                                                                                                                                                                                                                                                                                                                                                                                                                                                                                                                                                                                                                                                                                                                                                                                                                                                                                                                                                                                                                                                                                                                                                                                                                                                                                                                                                                                                                                                            
ISO/TS 16949 Automotive Quality                                                                                                                                                                                        0 NULL                                                                                                                                                                                                                                                                                                                                                                                                                                                                                                                                                                                                                                                                                                                                                                                                                                                                                                                                                                                                                                                                                                                                                                                                                                                                                                                                                                                                                                                                                                                                                                                                                                                                                                                                                                                                                                                                                                                                                                                                                                                                                                                                                                                                                                                                                                                                                                                                                                                                                                                                                                                                                                                                                                                                                                                                                                                                                                                                                                                                                                                                                                                                                                                                                                                                                                                                                                                                                                                                                                                                                                                                                                                                                                                                                                                                                                                                                                                                                                                                                                                                                                                                                            
Management System Review                                                                                                                                                                                               0 NULL                                                                                                                                                                                                                                                                                                                                                                                                                                                                                                                                                                                                                                                                                                                                                                                                                                                                                                                                                                                                                                                                                                                                                                                                                                                                                                                                                                                                                                                                                                                                                                                                                                                                                                                                                                                                                                                                                                                                                                                                                                                                                                                                                                                                                                                                                                                                                                                                                                                                                                                                                                                                                                                                                                                                                                                                                                                                                                                                                                                                                                                                                                                                                                                                                                                                                                                                                                                                                                                                                                                                                                                                                                                                                                                                                                                                                                                                                                                                                                                                                                                                                                                                                            
MLC Maritime Labour Convention                                                                                                                                                                                         0 NULL                                                                                                                                                                                                                                                                                                                                                                                                                                                                                                                                                                                                                                                                                                                                                                                                                                                                                                                                                                                                                                                                                                                                                                                                                                                                                                                                                                                                                                                                                                                                                                                                                                                                                                                                                                                                                                                                                                                                                                                                                                                                                                                                                                                                                                                                                                                                                                                                                                                                                                                                                                                                                                                                                                                                                                                                                                                                                                                                                                                                                                                                                                                                                                                                                                                                                                                                                                                                                                                                                                                                                                                                                                                                                                                                                                                                                                                                                                                                                                                                                                                                                                                                                            
OHSAS 18001 Health and Safety (Legacy)                                                                                                                                                                                 0 NULL                                                                                                                                                                                                                                                                                                                                                                                                                                                                                                                                                                                                                                                                                                                                                                                                                                                                                                                                                                                                                                                                                                                                                                                                                                                                                                                                                                                                                                                                                                                                                                                                                                                                                                                                                                                                                                                                                                                                                                                                                                                                                                                                                                                                                                                                                                                                                                                                                                                                                                                                                                                                                                                                                                                                                                                                                                                                                                                                                                                                                                                                                                                                                                                                                                                                                                                                                                                                                                                                                                                                                                                                                                                                                                                                                                                                                                                                                                                                                                                                                                                                                                                                                            
Pre-Assessment Audit                                                                                                                                                                                                   0 NULL                                                                                                                                                                                                                                                                                                                                                                                                                                                                                                                                                                                                                                                                                                                                                                                                                                                                                                                                                                                                                                                                                                                                                                                                                                                                                                                                                                                                                                                                                                                                                                                                                                                                                                                                                                                                                                                                                                                                                                                                                                                                                                                                                                                                                                                                                                                                                                                                                                                                                                                                                                                                                                                                                                                                                                                                                                                                                                                                                                                                                                                                                                                                                                                                                                                                                                                                                                                                                                                                                                                                                                                                                                                                                                                                                                                                                                                                                                                                                                                                                                                                                                                                                            
Recertification Audit                                                                                                                                                                                                  0 NULL                                                                                                                                                                                                                                                                                                                                                                                                                                                                                                                                                                                                                                                                                                                                                                                                                                                                                                                                                                                                                                                                                                                                                                                                                                                                                                                                                                                                                                                                                                                                                                                                                                                                                                                                                                                                                                                                                                                                                                                                                                                                                                                                                                                                                                                                                                                                                                                                                                                                                                                                                                                                                                                                                                                                                                                                                                                                                                                                                                                                                                                                                                                                                                                                                                                                                                                                                                                                                                                                                                                                                                                                                                                                                                                                                                                                                                                                                                                                                                                                                                                                                                                                                            
Root Cause Analysis Training                                                                                                                                                                                           0 NULL                                                                                                                                                                                                                                                                                                                                                                                                                                                                                                                                                                                                                                                                                                                                                                                                                                                                                                                                                                                                                                                                                                                                                                                                                                                                                                                                                                                                                                                                                                                                                                                                                                                                                                                                                                                                                                                                                                                                                                                                                                                                                                                                                                                                                                                                                                                                                                                                                                                                                                                                                                                                                                                                                                                                                                                                                                                                                                                                                                                                                                                                                                                                                                                                                                                                                                                                                                                                                                                                                                                                                                                                                                                                                                                                                                                                                                                                                                                                                                                                                                                                                                                                                            
Surveillance Audit                                                                                                                                                                                                     0 NULL                                                                                                                                                                                                                                                                                                                                                                                                                                                                                                                                                                                                                                                                                                                                                                                                                                                                                                                                                                                                                                                                                                                                                                                                                                                                                                                                                                                                                                                                                                                                                                                                                                                                                                                                                                                                                                                                                                                                                                                                                                                                                                                                                                                                                                                                                                                                                                                                                                                                                                                                                                                                                                                                                                                                                                                                                                                                                                                                                                                                                                                                                                                                                                                                                                                                                                                                                                                                                                                                                                                                                                                                                                                                                                                                                                                                                                                                                                                                                                                                                                                                                                                                                            

(30 rows affected)
AccessLevel                                        Count      
-------------------------------------------------- -----------

(0 rows affected)
ServiceCategory        ServicesCount TotalUserAccess
---------------------- ------------- ---------------
Environmental                      2               0
Food Safety                        1               0
Health & Safety                    7               0
Information Security               1               0
Maritime & Energy                  1               0
Other Specialized                 11               0
Quality Management                 6               0
Renewable Energy                   1               0

(8 rows affected)
[Pass 3] FAIL UserSiteAccess_insert.sql: Msg 547, Level 16, State 1, Server DESKTOP-BOF7AOF\LOCALDB#B10938FE, Line 4
The INSERT statement conflicted with the CHECK constraint "CK_UserSiteAccess_AccessLevel". The conflict occurred in database "ERPAuditDB", table "dbo.UserSiteAccess", column 'AccessLevel'.
The statement has been terminated.
TotalSiteAccessRecords
----------------------
                     0

(1 rows affected)
SiteName                                                                                                                                                                                                 CompanyName                                                                                                                                                                                              UsersWithAccess AccessLevels                                                                                                                                                                                                                                                                                                                                                                                                                                                                                                                                                                                                                                                                                                                                                                                                                                                                                                                                                                                                                                                                                                                                                                                                                                                                                                                                                                                                                                                                                                                                                                                                                                                                                                                                                                                                                                                                                                                                                                                                                                                                                                                                                                                                                                                                                                                                                                                                                                                                                                                                                                                                                                                                                                                                                                                                                                                                                                                                                                                                                                                                                                                                                                                                                                                                                                                                                                                                                                                                                                                                                                                                                                                                                                                                                                                                                                                                                                                                                                                                                                                                                                                                                    
-------------------------------------------------------------------------------------------------------------------------------------------------------------------------------------------------------- -------------------------------------------------------------------------------------------------------------------------------------------------------------------------------------------------------- --------------- ----------------------------------------------------------------------------------------------------------------------------------------------------------------------------------------------------------------------------------------------------------------------------------------------------------------------------------------------------------------------------------------------------------------------------------------------------------------------------------------------------------------------------------------------------------------------------------------------------------------------------------------------------------------------------------------------------------------------------------------------------------------------------------------------------------------------------------------------------------------------------------------------------------------------------------------------------------------------------------------------------------------------------------------------------------------------------------------------------------------------------------------------------------------------------------------------------------------------------------------------------------------------------------------------------------------------------------------------------------------------------------------------------------------------------------------------------------------------------------------------------------------------------------------------------------------------------------------------------------------------------------------------------------------------------------------------------------------------------------------------------------------------------------------------------------------------------------------------------------------------------------------------------------------------------------------------------------------------------------------------------------------------------------------------------------------------------------------------------------------------------------------------------------------------------------------------------------------------------------------------------------------------------------------------------------------------------------------------------------------------------------------------------------------------------------------------------------------------------------------------------------------------------------------------------------------------------------------------------------------------------------------------------------------------------------------------------------------------------------------------------------------------------------------------------------------------------------------------------------------------------------------------------------------------------------------------------------------------------------------------------------------------------------------------------------------------------------------------------------------------------------------------------------------------------------------------------------------------------------------------------------------------------------------------------------------------------------------------------------------------------------------------------------------------------------------------------------------------------------------------------------------------------------------------------------------------------------------------------------------------------------------------------------------------------------------------------------------------------------------------------------------------------------------------------------------------------------------------------------------------------------------------------------------------------------------------------------------------------------------------------------------------------------------------------------------------------------------------------------------------------------------------------------------

(0 rows affected)
SiteType                                                                                             AccessLevel                                        Count      
---------------------------------------------------------------------------------------------------- -------------------------------------------------- -----------

(0 rows affected)
[Pass 3] FAIL UserTrainings_insert.sql: Msg 207, Level 16, State 1, Server DESKTOP-BOF7AOF\LOCALDB#B10938FE, Line 6
Invalid column name 'CertificationNumber'.
Msg 207, Level 16, State 1, Server DESKTOP-BOF7AOF\LOCALDB#B10938FE, Line 6
Invalid column name 'ExpiryDate'.
Msg 207, Level 16, State 1, Server DESKTOP-BOF7AOF\LOCALDB#B10938FE, Line 6
Invalid column name 'Comments'.
Msg 207, Level 16, State 1, Server DESKTOP-BOF7AOF\LOCALDB#B10938FE, Line 6
Invalid column name 'UpdatedDate'.
Msg 207, Level 16, State 1, Server DESKTOP-BOF7AOF\LOCALDB#B10938FE, Line 6
Invalid column name 'UpdatedBy'.
Msg 207, Level 16, State 1, Server DESKTOP-BOF7AOF\LOCALDB#B10938FE, Line 6
Invalid column name 'CertificationNumber'.
Msg 207, Level 16, State 1, Server DESKTOP-BOF7AOF\LOCALDB#B10938FE, Line 6
Invalid column name 'ExpiryDate'.
Msg 207, Level 16, State 1, Server DESKTOP-BOF7AOF\LOCALDB#B10938FE, Line 6
Invalid column name 'Comments'.
Msg 207, Level 16, State 1, Server DESKTOP-BOF7AOF\LOCALDB#B10938FE, Line 6
Invalid column name 'UpdatedDate'.
Msg 207, Level 16, State 1, Server DESKTOP-BOF7AOF\LOCALDB#B10938FE, Line 6
Invalid column name 'UpdatedBy'.
Msg 207, Level 16, State 1, Server DESKTOP-BOF7AOF\LOCALDB#B10938FE, Line 127
Invalid column name 'CompanyId'.
Msg 207, Level 16, State 1, Server DESKTOP-BOF7AOF\LOCALDB#B10938FE, Line 117
Invalid column name 'CompanyId'.
Msg 207, Level 16, State 1, Server DESKTOP-BOF7AOF\LOCALDB#B10938FE, Line 139
Invalid column name 'CompanyId'.
Msg 207, Level 16, State 1, Server DESKTOP-BOF7AOF\LOCALDB#B10938FE, Line 168
Invalid column name 'CompanyId'.
Msg 207, Level 16, State 1, Server DESKTOP-BOF7AOF\LOCALDB#B10938FE, Line 166
Invalid column name 'Comments'.
Msg 207, Level 16, State 1, Server DESKTOP-BOF7AOF\LOCALDB#B10938FE, Line 189
Invalid column name 'CompanyId'.
Msg 207, Level 16, State 1, Server DESKTOP-BOF7AOF\LOCALDB#B10938FE, Line 192
Invalid column name 'ExpiryDate'.
Msg 207, Level 16, State 1, Server DESKTOP-BOF7AOF\LOCALDB#B10938FE, Line 179
Invalid column name 'CertificationNumber'.
Msg 207, Level 16, State 1, Server DESKTOP-BOF7AOF\LOCALDB#B10938FE, Line 180
Invalid column name 'ExpiryDate'.
Msg 207, Level 16, State 1, Server DESKTOP-BOF7AOF\LOCALDB#B10938FE, Line 181
Invalid column name 'ExpiryDate'.
Msg 207, Level 16, State 1, Server DESKTOP-BOF7AOF\LOCALDB#B10938FE, Line 183
Invalid column name 'ExpiryDate'.
Msg 207, Level 16, State 1, Server DESKTOP-BOF7AOF\LOCALDB#B10938FE, Line 184
Invalid column name 'ExpiryDate'.
Msg 207, Level 16, State 1, Server DESKTOP-BOF7AOF\LOCALDB#B10938FE, Line 185
Invalid column name 'ExpiryDate'.
Msg 207, Level 16, State 1, Server DESKTOP-BOF7AOF\LOCALDB#B10938FE, Line 193
Invalid column name 'ExpiryDate'.
[Pass 1] FAIL Sp_ActionFilterCategories.sql: Msg 2714, Level 16, State 3, Server DESKTOP-BOF7AOF\LOCALDB#B10938FE, Procedure Sp_ActionFilterCategories, Line 1
There is already an object named 'Sp_ActionFilterCategories' in the database.
[Pass 1] FAIL Sp_ActionFilterCompanies.sql: Msg 319, Level 15, State 1, Server DESKTOP-BOF7AOF\LOCALDB#B10938FE, Procedure Sp_ActionFilterCompanies, Line 38
Incorrect syntax near the keyword 'with'. If this statement is a common table expression, an xmlnamespaces clause or a change tracking context clause, the previous statement must be terminated with a semicolon.
Msg 102, Level 15, State 1, Server DESKTOP-BOF7AOF\LOCALDB#B10938FE, Procedure Sp_ActionFilterCompanies, Line 41
Incorrect syntax near ','.
[Pass 1] FAIL Sp_ActionFilterServices.sql: Msg 319, Level 15, State 1, Server DESKTOP-BOF7AOF\LOCALDB#B10938FE, Procedure Sp_ActionFilterServices, Line 36
Incorrect syntax near the keyword 'with'. If this statement is a common table expression, an xmlnamespaces clause or a change tracking context clause, the previous statement must be terminated with a semicolon.
Msg 102, Level 15, State 1, Server DESKTOP-BOF7AOF\LOCALDB#B10938FE, Procedure Sp_ActionFilterServices, Line 39
Incorrect syntax near ','.
[Pass 1] FAIL Sp_ActionFilterSites.sql: Msg 2714, Level 16, State 3, Server DESKTOP-BOF7AOF\LOCALDB#B10938FE, Procedure Sp_ActionFilterSites, Line 1
There is already an object named 'Sp_ActionFilterSites' in the database.
[Pass 1] FAIL Sp_GetActions.sql: Msg 2714, Level 16, State 3, Server DESKTOP-BOF7AOF\LOCALDB#B10938FE, Procedure Sp_GetActions, Line 1
There is already an object named 'Sp_GetActions' in the database.
[Pass 1] FAIL Sp_InsertAction.sql: Msg 2714, Level 16, State 3, Server DESKTOP-BOF7AOF\LOCALDB#B10938FE, Procedure Sp_InsertAction, Line 1
There is already an object named 'Sp_InsertAction' in the database.
[Pass 1] FAIL Sp_GetAuditDaysByMonthAndService.sql: Msg 319, Level 15, State 1, Server DESKTOP-BOF7AOF\LOCALDB#B10938FE, Procedure Sp_GetAuditDaysByMonthAndService, Line 50
Incorrect syntax near the keyword 'with'. If this statement is a common table expression, an xmlnamespaces clause or a change tracking context clause, the previous statement must be terminated with a semicolon.
Msg 156, Level 15, State 1, Server DESKTOP-BOF7AOF\LOCALDB#B10938FE, Procedure Sp_GetAuditDaysByMonthAndService, Line 71
Incorrect syntax near the keyword 'SELECT'.
Msg 102, Level 15, State 1, Server DESKTOP-BOF7AOF\LOCALDB#B10938FE, Procedure Sp_GetAuditDaysByMonthAndService, Line 71
Incorrect syntax near ')'.
Msg 102, Level 15, State 1, Server DESKTOP-BOF7AOF\LOCALDB#B10938FE, Procedure Sp_GetAuditDaysByMonthAndService, Line 75
Incorrect syntax near '='.
Msg 156, Level 15, State 1, Server DESKTOP-BOF7AOF\LOCALDB#B10938FE, Procedure Sp_GetAuditDaysByMonthAndService, Line 78
Incorrect syntax near the keyword 'SELECT'.
Msg 102, Level 15, State 1, Server DESKTOP-BOF7AOF\LOCALDB#B10938FE, Procedure Sp_GetAuditDaysByMonthAndService, Line 78
Incorrect syntax near ')'.
Msg 156, Level 15, State 1, Server DESKTOP-BOF7AOF\LOCALDB#B10938FE, Procedure Sp_GetAuditDaysByMonthAndService, Line 97
Incorrect syntax near the keyword 'SELECT'.
Msg 102, Level 15, State 1, Server DESKTOP-BOF7AOF\LOCALDB#B10938FE, Procedure Sp_GetAuditDaysByMonthAndService, Line 97
Incorrect syntax near ')'.
Msg 102, Level 15, State 1, Server DESKTOP-BOF7AOF\LOCALDB#B10938FE, Procedure Sp_GetAuditDaysByMonthAndService, Line 107
Incorrect syntax near ')'.
Msg 102, Level 15, State 1, Server DESKTOP-BOF7AOF\LOCALDB#B10938FE, Procedure Sp_GetAuditDaysByMonthAndService, Line 114
Incorrect syntax near ')'.
Msg 156, Level 15, State 1, Server DESKTOP-BOF7AOF\LOCALDB#B10938FE, Procedure Sp_GetAuditDaysByMonthAndService, Line 119
Incorrect syntax near the keyword 'SELECT'.
Msg 102, Level 15, State 1, Server DESKTOP-BOF7AOF\LOCALDB#B10938FE, Procedure Sp_GetAuditDaysByMonthAndService, Line 124
Incorrect syntax near ')'.
[Pass 1] FAIL Sp_GetAuditDaysByService.sql: Msg 319, Level 15, State 1, Server DESKTOP-BOF7AOF\LOCALDB#B10938FE, Procedure Sp_GetAuditDaysByService, Line 50
Incorrect syntax near the keyword 'with'. If this statement is a common table expression, an xmlnamespaces clause or a change tracking context clause, the previous statement must be terminated with a semicolon.
Msg 156, Level 15, State 1, Server DESKTOP-BOF7AOF\LOCALDB#B10938FE, Procedure Sp_GetAuditDaysByService, Line 68
Incorrect syntax near the keyword 'SELECT'.
Msg 102, Level 15, State 1, Server DESKTOP-BOF7AOF\LOCALDB#B10938FE, Procedure Sp_GetAuditDaysByService, Line 68
Incorrect syntax near ')'.
Msg 102, Level 15, State 1, Server DESKTOP-BOF7AOF\LOCALDB#B10938FE, Procedure Sp_GetAuditDaysByService, Line 72
Incorrect syntax near '='.
Msg 156, Level 15, State 1, Server DESKTOP-BOF7AOF\LOCALDB#B10938FE, Procedure Sp_GetAuditDaysByService, Line 75
Incorrect syntax near the keyword 'SELECT'.
Msg 102, Level 15, State 1, Server DESKTOP-BOF7AOF\LOCALDB#B10938FE, Procedure Sp_GetAuditDaysByService, Line 75
Incorrect syntax near ')'.
Msg 156, Level 15, State 1, Server DESKTOP-BOF7AOF\LOCALDB#B10938FE, Procedure Sp_GetAuditDaysByService, Line 89
Incorrect syntax near the keyword 'SELECT'.
Msg 102, Level 15, State 1, Server DESKTOP-BOF7AOF\LOCALDB#B10938FE, Procedure Sp_GetAuditDaysByService, Line 89
Incorrect syntax near ')'.
Msg 102, Level 15, State 1, Server DESKTOP-BOF7AOF\LOCALDB#B10938FE, Procedure Sp_GetAuditDaysByService, Line 98
Incorrect syntax near ')'.
Msg 102, Level 15, State 1, Server DESKTOP-BOF7AOF\LOCALDB#B10938FE, Procedure Sp_GetAuditDaysByService, Line 102
Incorrect syntax near ')'.
Msg 102, Level 15, State 1, Server DESKTOP-BOF7AOF\LOCALDB#B10938FE, Procedure Sp_GetAuditDaysByService, Line 116
Incorrect syntax near ')'.
[Pass 1] FAIL Sp_GetAuditDaysGrid.sql: Msg 319, Level 15, State 1, Server DESKTOP-BOF7AOF\LOCALDB#B10938FE, Procedure Sp_GetAuditDaysGrid, Line 51
Incorrect syntax near the keyword 'with'. If this statement is a common table expression, an xmlnamespaces clause or a change tracking context clause, the previous statement must be terminated with a semicolon.
Msg 156, Level 15, State 1, Server DESKTOP-BOF7AOF\LOCALDB#B10938FE, Procedure Sp_GetAuditDaysGrid, Line 77
Incorrect syntax near the keyword 'SELECT'.
Msg 102, Level 15, State 1, Server DESKTOP-BOF7AOF\LOCALDB#B10938FE, Procedure Sp_GetAuditDaysGrid, Line 77
Incorrect syntax near ')'.
Msg 102, Level 15, State 1, Server DESKTOP-BOF7AOF\LOCALDB#B10938FE, Procedure Sp_GetAuditDaysGrid, Line 81
Incorrect syntax near '='.
Msg 102, Level 15, State 1, Server DESKTOP-BOF7AOF\LOCALDB#B10938FE, Procedure Sp_GetAuditDaysGrid, Line 82
Incorrect syntax near ')'.
Msg 102, Level 15, State 1, Server DESKTOP-BOF7AOF\LOCALDB#B10938FE, Procedure Sp_GetAuditDaysGrid, Line 86
Incorrect syntax near '='.
Msg 102, Level 15, State 1, Server DESKTOP-BOF7AOF\LOCALDB#B10938FE, Procedure Sp_GetAuditDaysGrid, Line 87
Incorrect syntax near ')'.
Msg 102, Level 15, State 1, Server DESKTOP-BOF7AOF\LOCALDB#B10938FE, Procedure Sp_GetAuditDaysGrid, Line 119
Incorrect syntax near ')'.
Msg 102, Level 15, State 1, Server DESKTOP-BOF7AOF\LOCALDB#B10938FE, Procedure Sp_GetAuditDaysGrid, Line 128
Incorrect syntax near ')'.
Msg 102, Level 15, State 1, Server DESKTOP-BOF7AOF\LOCALDB#B10938FE, Procedure Sp_GetAuditDaysGrid, Line 136
Incorrect syntax near ')'.
Msg 156, Level 15, State 1, Server DESKTOP-BOF7AOF\LOCALDB#B10938FE, Procedure Sp_GetAuditDaysGrid, Line 143
Incorrect syntax near the keyword 'SELECT'.
Msg 102, Level 15, State 1, Server DESKTOP-BOF7AOF\LOCALDB#B10938FE, Procedure Sp_GetAuditDaysGrid, Line 154
Incorrect syntax near ')'.
[Pass 1] FAIL Sp_GetAuditDetails.sql: Msg 156, Level 15, State 1, Server DESKTOP-BOF7AOF\LOCALDB#B10938FE, Procedure Sp_GetAuditDetails, Line 19
Incorrect syntax near the keyword 'SELECT'.
Msg 102, Level 15, State 1, Server DESKTOP-BOF7AOF\LOCALDB#B10938FE, Procedure Sp_GetAuditDetails, Line 19
Incorrect syntax near ')'.
[Pass 1] FAIL Sp_GetAuditFindingList.sql: Msg 102, Level 15, State 1, Server DESKTOP-BOF7AOF\LOCALDB#B10938FE, Procedure Sp_GetAuditFindingList, Line 15
Incorrect syntax near ')'.
Msg 102, Level 15, State 1, Server DESKTOP-BOF7AOF\LOCALDB#B10938FE, Procedure Sp_GetAuditFindingList, Line 48
Incorrect syntax near ')'.
Msg 102, Level 15, State 1, Server DESKTOP-BOF7AOF\LOCALDB#B10938FE, Procedure Sp_GetAuditFindingList, Line 65
Incorrect syntax near 'CATCH'.
[Pass 1] FAIL Sp_GetAuditSchedules.sql: Msg 156, Level 15, State 1, Server DESKTOP-BOF7AOF\LOCALDB#B10938FE, Procedure Sp_GetAuditSchedules, Line 38
Incorrect syntax near the keyword 'SELECT'.
Msg 102, Level 15, State 1, Server DESKTOP-BOF7AOF\LOCALDB#B10938FE, Procedure Sp_GetAuditSchedules, Line 38
Incorrect syntax near ')'.
Msg 156, Level 15, State 1, Server DESKTOP-BOF7AOF\LOCALDB#B10938FE, Procedure Sp_GetAuditSchedules, Line 62
Incorrect syntax near the keyword 'SELECT'.
Msg 156, Level 15, State 1, Server DESKTOP-BOF7AOF\LOCALDB#B10938FE, Procedure Sp_GetAuditSchedules, Line 72
Incorrect syntax near the keyword 'SELECT'.
Msg 102, Level 15, State 1, Server DESKTOP-BOF7AOF\LOCALDB#B10938FE, Procedure Sp_GetAuditSchedules, Line 77
Incorrect syntax near ')'.
Msg 102, Level 15, State 1, Server DESKTOP-BOF7AOF\LOCALDB#B10938FE, Procedure Sp_GetAuditSchedules, Line 86
Incorrect syntax near ')'.
Msg 102, Level 15, State 1, Server DESKTOP-BOF7AOF\LOCALDB#B10938FE, Procedure Sp_GetAuditSchedules, Line 105
Incorrect syntax near ')'.
Msg 102, Level 15, State 1, Server DESKTOP-BOF7AOF\LOCALDB#B10938FE, Procedure Sp_GetAuditSchedules, Line 111
Incorrect syntax near ')'.
Msg 102, Level 15, State 1, Server DESKTOP-BOF7AOF\LOCALDB#B10938FE, Procedure Sp_GetAuditSchedules, Line 117
Incorrect syntax near ')'.
Msg 102, Level 15, State 1, Server DESKTOP-BOF7AOF\LOCALDB#B10938FE, Procedure Sp_GetAuditSchedules, Line 125
Incorrect syntax near ')'.
Msg 102, Level 15, State 1, Server DESKTOP-BOF7AOF\LOCALDB#B10938FE, Procedure Sp_GetAuditSchedules, Line 131
Incorrect syntax near ')'.
Msg 156, Level 15, State 1, Server DESKTOP-BOF7AOF\LOCALDB#B10938FE, Procedure Sp_GetAuditSchedules, Line 155
Incorrect syntax near the keyword 'SELECT'.
Msg 102, Level 15, State 1, Server DESKTOP-BOF7AOF\LOCALDB#B10938FE, Procedure Sp_GetAuditSchedules, Line 156
Incorrect syntax near ')'.
Msg 102, Level 15, State 1, Server DESKTOP-BOF7AOF\LOCALDB#B10938FE, Procedure Sp_GetAuditSchedules, Line 189
Incorrect syntax near 'CAST'.
Msg 102, Level 15, State 1, Server DESKTOP-BOF7AOF\LOCALDB#B10938FE, Procedure Sp_GetAuditSchedules, Line 211
Incorrect syntax near 'CAST'.
[Pass 1] FAIL Sp_GetAuditSites.sql: Msg 102, Level 15, State 1, Server DESKTOP-BOF7AOF\LOCALDB#B10938FE, Procedure Sp_GetAuditSites, Line 15
Incorrect syntax near ')'.
Msg 102, Level 15, State 1, Server DESKTOP-BOF7AOF\LOCALDB#B10938FE, Procedure Sp_GetAuditSites, Line 27
Incorrect syntax near 'CATCH'.
[Pass 1] FAIL Sp_GetScheduleCalendarInvite.sql: Msg 156, Level 15, State 1, Server DESKTOP-BOF7AOF\LOCALDB#B10938FE, Procedure Sp_GetScheduleCalendarInvite, Line 44
Incorrect syntax near the keyword 'SELECT'.
Msg 102, Level 15, State 1, Server DESKTOP-BOF7AOF\LOCALDB#B10938FE, Procedure Sp_GetScheduleCalendarInvite, Line 44
Incorrect syntax near ')'.
Msg 156, Level 15, State 1, Server DESKTOP-BOF7AOF\LOCALDB#B10938FE, Procedure Sp_GetScheduleCalendarInvite, Line 52
Incorrect syntax near the keyword 'SELECT'.
Msg 156, Level 15, State 1, Server DESKTOP-BOF7AOF\LOCALDB#B10938FE, Procedure Sp_GetScheduleCalendarInvite, Line 57
Incorrect syntax near the keyword 'SELECT'.
Msg 102, Level 15, State 1, Server DESKTOP-BOF7AOF\LOCALDB#B10938FE, Procedure Sp_GetScheduleCalendarInvite, Line 61
Incorrect syntax near ')'.
Msg 156, Level 15, State 1, Server DESKTOP-BOF7AOF\LOCALDB#B10938FE, Procedure Sp_GetScheduleCalendarInvite, Line 167
Incorrect syntax near the keyword 'SELECT'.
Msg 102, Level 15, State 1, Server DESKTOP-BOF7AOF\LOCALDB#B10938FE, Procedure Sp_GetScheduleCalendarInvite, Line 180
Incorrect syntax near ')'.
Msg 156, Level 15, State 1, Server DESKTOP-BOF7AOF\LOCALDB#B10938FE, Procedure Sp_GetScheduleCalendarInvite, Line 184
Incorrect syntax near the keyword 'SELECT'.
Msg 102, Level 15, State 1, Server DESKTOP-BOF7AOF\LOCALDB#B10938FE, Procedure Sp_GetScheduleCalendarInvite, Line 185
Incorrect syntax near ')'.
Msg 156, Level 15, State 1, Server DESKTOP-BOF7AOF\LOCALDB#B10938FE, Procedure Sp_GetScheduleCalendarInvite, Line 189
Incorrect syntax near the keyword 'SELECT'.
Msg 102, Level 15, State 1, Server DESKTOP-BOF7AOF\LOCALDB#B10938FE, Procedure Sp_GetScheduleCalendarInvite, Line 189
Incorrect syntax near ')'.
Msg 156, Level 15, State 1, Server DESKTOP-BOF7AOF\LOCALDB#B10938FE, Procedure Sp_GetScheduleCalendarInvite, Line 223
Incorrect syntax near the keyword 'SELECT'.
Msg 102, Level 15, State 1, Server DESKTOP-BOF7AOF\LOCALDB#B10938FE, Procedure Sp_GetScheduleCalendarInvite, Line 230
Incorrect syntax near ')'.
Msg 156, Level 15, State 1, Server DESKTOP-BOF7AOF\LOCALDB#B10938FE, Procedure Sp_GetScheduleCalendarInvite, Line 233
Incorrect syntax near the keyword 'SELECT'.
Msg 102, Level 15, State 1, Server DESKTOP-BOF7AOF\LOCALDB#B10938FE, Procedure Sp_GetScheduleCalendarInvite, Line 234
Incorrect syntax near ')'.
Msg 102, Level 15, State 1, Server DESKTOP-BOF7AOF\LOCALDB#B10938FE, Procedure Sp_GetScheduleCalendarInvite, Line 239
Incorrect syntax near ')'.
Msg 156, Level 15, State 1, Server DESKTOP-BOF7AOF\LOCALDB#B10938FE, Procedure Sp_GetScheduleCalendarInvite, Line 259
Incorrect syntax near the keyword 'SELECT'.
Msg 102, Level 15, State 1, Server DESKTOP-BOF7AOF\LOCALDB#B10938FE, Procedure Sp_GetScheduleCalendarInvite, Line 266
Incorrect syntax near ')'.
Msg 156, Level 15, State 1, Server DESKTOP-BOF7AOF\LOCALDB#B10938FE, Procedure Sp_GetScheduleCalendarInvite, Line 269
Incorrect syntax near the keyword 'SELECT'.
Msg 102, Level 15, State 1, Server DESKTOP-BOF7AOF\LOCALDB#B10938FE, Procedure Sp_GetScheduleCalendarInvite, Line 270
Incorrect syntax near ')'.
Msg 102, Level 15, State 1, Server DESKTOP-BOF7AOF\LOCALDB#B10938FE, Procedure Sp_GetScheduleCalendarInvite, Line 275
Incorrect syntax near ')'.
[Pass 1] FAIL Sp_GetSubAudits.sql: Msg 156, Level 15, State 1, Server DESKTOP-BOF7AOF\LOCALDB#B10938FE, Procedure Sp_GetSubAudits, Line 16
Incorrect syntax near the keyword 'SELECT'.
Msg 102, Level 15, State 1, Server DESKTOP-BOF7AOF\LOCALDB#B10938FE, Procedure Sp_GetSubAudits, Line 19
Incorrect syntax near ')'.
Msg 102, Level 15, State 1, Server DESKTOP-BOF7AOF\LOCALDB#B10938FE, Procedure Sp_GetSubAudits, Line 35
Incorrect syntax near ')'.
Msg 102, Level 15, State 1, Server DESKTOP-BOF7AOF\LOCALDB#B10938FE, Procedure Sp_GetSubAudits, Line 42
Incorrect syntax near 'CATCH'.
[Pass 1] FAIL Sp_GetCertificateDetails.sql: Msg 156, Level 15, State 1, Server DESKTOP-BOF7AOF\LOCALDB#B10938FE, Procedure Sp_GetCertificateDetails, Line 15
Incorrect syntax near the keyword 'RETURN'.
Msg 156, Level 15, State 1, Server DESKTOP-BOF7AOF\LOCALDB#B10938FE, Procedure Sp_GetCertificateDetails, Line 19
Incorrect syntax near the keyword 'SELECT'.
Msg 102, Level 15, State 1, Server DESKTOP-BOF7AOF\LOCALDB#B10938FE, Procedure Sp_GetCertificateDetails, Line 19
Incorrect syntax near ')'.
Msg 156, Level 15, State 1, Server DESKTOP-BOF7AOF\LOCALDB#B10938FE, Procedure Sp_GetCertificateDetails, Line 25
Incorrect syntax near the keyword 'RETURN'.
Msg 102, Level 15, State 1, Server DESKTOP-BOF7AOF\LOCALDB#B10938FE, Procedure Sp_GetCertificateDetails, Line 30
Incorrect syntax near ';'.
[Pass 1] FAIL Sp_GetCertificateList.sql: Msg 207, Level 16, State 1, Server DESKTOP-BOF7AOF\LOCALDB#B10938FE, Procedure Sp_GetCertificateList, Line 21
Invalid column name 'IssuedDate'.
Msg 207, Level 16, State 1, Server DESKTOP-BOF7AOF\LOCALDB#B10938FE, Procedure Sp_GetCertificateList, Line 22
Invalid column name 'IssuedDate'.
Msg 207, Level 16, State 1, Server DESKTOP-BOF7AOF\LOCALDB#B10938FE, Procedure Sp_GetCertificateList, Line 26
Invalid column name 'ValidUntilDate'.
Msg 207, Level 16, State 1, Server DESKTOP-BOF7AOF\LOCALDB#B10938FE, Procedure Sp_GetCertificateList, Line 27
Invalid column name 'ValidUntilDate'.
[Pass 1] FAIL Sp_GetCertificateSites.sql: Msg 102, Level 15, State 1, Server DESKTOP-BOF7AOF\LOCALDB#B10938FE, Procedure Sp_GetCertificateSites, Line 27
Incorrect syntax near '1'.
Msg 102, Level 15, State 1, Server DESKTOP-BOF7AOF\LOCALDB#B10938FE, Procedure Sp_GetCertificateSites, Line 32
Incorrect syntax near 'CATCH'.
[Pass 1] FAIL Sp_GetContractList.sql: Msg 156, Level 15, State 1, Server DESKTOP-BOF7AOF\LOCALDB#B10938FE, Procedure Sp_GetContractList, Line 29
Incorrect syntax near the keyword 'SELECT'.
Msg 102, Level 15, State 1, Server DESKTOP-BOF7AOF\LOCALDB#B10938FE, Procedure Sp_GetContractList, Line 34
Incorrect syntax near ')'.
Msg 156, Level 15, State 1, Server DESKTOP-BOF7AOF\LOCALDB#B10938FE, Procedure Sp_GetContractList, Line 42
Incorrect syntax near the keyword 'FOR'.
Msg 153, Level 15, State 2, Server DESKTOP-BOF7AOF\LOCALDB#B10938FE, Procedure Sp_GetContractList, Line 60
Invalid usage of the option NEXT in the FETCH statement.
[Pass 1] FAIL Sp_DownloadInvoice.sql: Msg 156, Level 15, State 1, Server DESKTOP-BOF7AOF\LOCALDB#B10938FE, Procedure Sp_DownloadInvoice, Line 42
Incorrect syntax near the keyword 'SELECT'.
Msg 102, Level 15, State 1, Server DESKTOP-BOF7AOF\LOCALDB#B10938FE, Procedure Sp_DownloadInvoice, Line 42
Incorrect syntax near ')'.
Msg 156, Level 15, State 1, Server DESKTOP-BOF7AOF\LOCALDB#B10938FE, Procedure Sp_DownloadInvoice, Line 84
Incorrect syntax near the keyword 'SELECT'.
Msg 102, Level 15, State 1, Server DESKTOP-BOF7AOF\LOCALDB#B10938FE, Procedure Sp_DownloadInvoice, Line 84
Incorrect syntax near ')'.
Msg 156, Level 15, State 1, Server DESKTOP-BOF7AOF\LOCALDB#B10938FE, Procedure Sp_DownloadInvoice, Line 92
Incorrect syntax near the keyword 'SELECT'.
Msg 102, Level 15, State 1, Server DESKTOP-BOF7AOF\LOCALDB#B10938FE, Procedure Sp_DownloadInvoice, Line 92
Incorrect syntax near ')'.
Msg 137, Level 15, State 2, Server DESKTOP-BOF7AOF\LOCALDB#B10938FE, Procedure Sp_DownloadInvoice, Line 95
Must declare the scalar variable "@InvoiceCount".
Msg 156, Level 15, State 1, Server DESKTOP-BOF7AOF\LOCALDB#B10938FE, Procedure Sp_DownloadInvoice, Line 98
Incorrect syntax near the keyword 'SELECT'.
Msg 156, Level 15, State 1, Server DESKTOP-BOF7AOF\LOCALDB#B10938FE, Procedure Sp_DownloadInvoice, Line 100
Incorrect syntax near the keyword 'SELECT'.
Msg 102, Level 15, State 1, Server DESKTOP-BOF7AOF\LOCALDB#B10938FE, Procedure Sp_DownloadInvoice, Line 103
Incorrect syntax near ')'.
Msg 156, Level 15, State 1, Server DESKTOP-BOF7AOF\LOCALDB#B10938FE, Procedure Sp_DownloadInvoice, Line 119
Incorrect syntax near the keyword 'SELECT'.
Msg 156, Level 15, State 1, Server DESKTOP-BOF7AOF\LOCALDB#B10938FE, Procedure Sp_DownloadInvoice, Line 121
Incorrect syntax near the keyword 'SELECT'.
Msg 102, Level 15, State 1, Server DESKTOP-BOF7AOF\LOCALDB#B10938FE, Procedure Sp_DownloadInvoice, Line 122
Incorrect syntax near ')'.
Msg 137, Level 15, State 2, Server DESKTOP-BOF7AOF\LOCALDB#B10938FE, Procedure Sp_DownloadInvoice, Line 147
Must declare the scalar variable "@InvoiceCount".
Msg 102, Level 15, State 1, Server DESKTOP-BOF7AOF\LOCALDB#B10938FE, Procedure Sp_DownloadInvoice, Line 159
Incorrect syntax near '@ErrorCode'.
Msg 102, Level 15, State 1, Server DESKTOP-BOF7AOF\LOCALDB#B10938FE, Procedure Sp_DownloadInvoice, Line 181
Incorrect syntax near 'SERVER_ERROR'.
[Pass 1] FAIL Sp_GetInvoiceList.sql: Msg 102, Level 15, State 1, Server DESKTOP-BOF7AOF\LOCALDB#B10938FE, Procedure Sp_GetInvoiceList, Line 70
Incorrect syntax near 'Successfully retrieved invoice list.'.
[Pass 1] FAIL Sp_GetOverviewFinancialStatus.sql: Msg 156, Level 15, State 1, Server DESKTOP-BOF7AOF\LOCALDB#B10938FE, Procedure Sp_GetOverviewFinancialStatus, Line 8
Incorrect syntax near the keyword 'SELECT'.
Msg 102, Level 15, State 1, Server DESKTOP-BOF7AOF\LOCALDB#B10938FE, Procedure Sp_GetOverviewFinancialStatus, Line 19
Incorrect syntax near ')'.
Msg 102, Level 15, State 1, Server DESKTOP-BOF7AOF\LOCALDB#B10938FE, Procedure Sp_GetOverviewFinancialStatus, Line 22
Incorrect syntax near ')'.
Msg 156, Level 15, State 1, Server DESKTOP-BOF7AOF\LOCALDB#B10938FE, Procedure Sp_GetOverviewFinancialStatus, Line 26
Incorrect syntax near the keyword 'SELECT'.
Msg 156, Level 15, State 1, Server DESKTOP-BOF7AOF\LOCALDB#B10938FE, Procedure Sp_GetOverviewFinancialStatus, Line 32
Incorrect syntax near the keyword 'SELECT'.
Msg 102, Level 15, State 1, Server DESKTOP-BOF7AOF\LOCALDB#B10938FE, Procedure Sp_GetOverviewFinancialStatus, Line 39
Incorrect syntax near ')'.
Msg 156, Level 15, State 1, Server DESKTOP-BOF7AOF\LOCALDB#B10938FE, Procedure Sp_GetOverviewFinancialStatus, Line 50
Incorrect syntax near the keyword 'END'.
[Pass 1] FAIL Sp_UpdatePlannedPaymentDate.sql: Msg 102, Level 15, State 1, Server DESKTOP-BOF7AOF\LOCALDB#B10938FE, Procedure Sp_UpdatePlannedPaymentDate, Line 13
Incorrect syntax near 'INVALID_PARAMETERS'.
Msg 102, Level 15, State 1, Server DESKTOP-BOF7AOF\LOCALDB#B10938FE, Procedure Sp_UpdatePlannedPaymentDate, Line 22
Incorrect syntax near 'INVALID_PARAMETERS'.
Msg 102, Level 15, State 1, Server DESKTOP-BOF7AOF\LOCALDB#B10938FE, Procedure Sp_UpdatePlannedPaymentDate, Line 37
Incorrect syntax near '1'.
Msg 102, Level 15, State 1, Server DESKTOP-BOF7AOF\LOCALDB#B10938FE, Procedure Sp_UpdatePlannedPaymentDate, Line 40
Incorrect syntax near 'NO_INVOICES_PROVIDED'.
Msg 102, Level 15, State 1, Server DESKTOP-BOF7AOF\LOCALDB#B10938FE, Procedure Sp_UpdatePlannedPaymentDate, Line 54
Incorrect syntax near '1'.
Msg 102, Level 15, State 1, Server DESKTOP-BOF7AOF\LOCALDB#B10938FE, Procedure Sp_UpdatePlannedPaymentDate, Line 61
Incorrect syntax near 'INVOICE_NOT_FOUND'.
Msg 102, Level 15, State 1, Server DESKTOP-BOF7AOF\LOCALDB#B10938FE, Procedure Sp_UpdatePlannedPaymentDate, Line 103
Incorrect syntax near ''.
Msg 102, Level 15, State 1, Server DESKTOP-BOF7AOF\LOCALDB#B10938FE, Procedure Sp_UpdatePlannedPaymentDate, Line 112
Incorrect syntax near 'DATABASE_ERROR'.
[Pass 1] FAIL Sp_GetFindingDetails.sql: Msg 156, Level 15, State 1, Server DESKTOP-BOF7AOF\LOCALDB#B10938FE, Procedure Sp_GetFindingDetails, Line 42
Incorrect syntax near the keyword 'SELECT'.
Msg 102, Level 15, State 1, Server DESKTOP-BOF7AOF\LOCALDB#B10938FE, Procedure Sp_GetFindingDetails, Line 42
Incorrect syntax near ')'.
Msg 156, Level 15, State 1, Server DESKTOP-BOF7AOF\LOCALDB#B10938FE, Procedure Sp_GetFindingDetails, Line 71
Incorrect syntax near the keyword 'SELECT'.
Msg 102, Level 15, State 1, Server DESKTOP-BOF7AOF\LOCALDB#B10938FE, Procedure Sp_GetFindingDetails, Line 73
Incorrect syntax near ')'.
Msg 156, Level 15, State 1, Server DESKTOP-BOF7AOF\LOCALDB#B10938FE, Procedure Sp_GetFindingDetails, Line 83
Incorrect syntax near the keyword 'SELECT'.
Msg 156, Level 15, State 1, Server DESKTOP-BOF7AOF\LOCALDB#B10938FE, Procedure Sp_GetFindingDetails, Line 84
Incorrect syntax near the keyword 'SELECT'.
Msg 156, Level 15, State 1, Server DESKTOP-BOF7AOF\LOCALDB#B10938FE, Procedure Sp_GetFindingDetails, Line 90
Incorrect syntax near the keyword 'SELECT'.
Msg 102, Level 15, State 1, Server DESKTOP-BOF7AOF\LOCALDB#B10938FE, Procedure Sp_GetFindingDetails, Line 97
Incorrect syntax near ')'.
Msg 102, Level 15, State 1, Server DESKTOP-BOF7AOF\LOCALDB#B10938FE, Procedure Sp_GetFindingDetails, Line 119
Incorrect syntax near ')'.
Msg 102, Level 15, State 1, Server DESKTOP-BOF7AOF\LOCALDB#B10938FE, Procedure Sp_GetFindingDetails, Line 132
Incorrect syntax near ')'.
Msg 102, Level 15, State 1, Server DESKTOP-BOF7AOF\LOCALDB#B10938FE, Procedure Sp_GetFindingDetails, Line 169
Incorrect syntax near '@ErrorCode'.
Msg 102, Level 15, State 1, Server DESKTOP-BOF7AOF\LOCALDB#B10938FE, Procedure Sp_GetFindingDetails, Line 191
Incorrect syntax near 'SERVER_ERROR'.
[Pass 1] FAIL Sp_GetFindingList.sql: Msg 156, Level 15, State 1, Server DESKTOP-BOF7AOF\LOCALDB#B10938FE, Procedure Sp_GetFindingList, Line 50
Incorrect syntax near the keyword 'SELECT'.
Msg 102, Level 15, State 1, Server DESKTOP-BOF7AOF\LOCALDB#B10938FE, Procedure Sp_GetFindingList, Line 50
Incorrect syntax near ')'.
Msg 156, Level 15, State 1, Server DESKTOP-BOF7AOF\LOCALDB#B10938FE, Procedure Sp_GetFindingList, Line 91
Incorrect syntax near the keyword 'SELECT'.
Msg 102, Level 15, State 1, Server DESKTOP-BOF7AOF\LOCALDB#B10938FE, Procedure Sp_GetFindingList, Line 91
Incorrect syntax near ')'.
Msg 156, Level 15, State 1, Server DESKTOP-BOF7AOF\LOCALDB#B10938FE, Procedure Sp_GetFindingList, Line 115
Incorrect syntax near the keyword 'SELECT'.
Msg 156, Level 15, State 1, Server DESKTOP-BOF7AOF\LOCALDB#B10938FE, Procedure Sp_GetFindingList, Line 142
Incorrect syntax near the keyword 'SELECT'.
Msg 102, Level 15, State 1, Server DESKTOP-BOF7AOF\LOCALDB#B10938FE, Procedure Sp_GetFindingList, Line 146
Incorrect syntax near ')'.
Msg 102, Level 15, State 1, Server DESKTOP-BOF7AOF\LOCALDB#B10938FE, Procedure Sp_GetFindingList, Line 151
Incorrect syntax near ')'.
Msg 102, Level 15, State 1, Server DESKTOP-BOF7AOF\LOCALDB#B10938FE, Procedure Sp_GetFindingList, Line 160
Incorrect syntax near ')'.
Msg 156, Level 15, State 1, Server DESKTOP-BOF7AOF\LOCALDB#B10938FE, Procedure Sp_GetFindingList, Line 175
Incorrect syntax near the keyword 'SELECT'.
Msg 102, Level 15, State 1, Server DESKTOP-BOF7AOF\LOCALDB#B10938FE, Procedure Sp_GetFindingList, Line 175
Incorrect syntax near ')'.
Msg 102, Level 15, State 1, Server DESKTOP-BOF7AOF\LOCALDB#B10938FE, Procedure Sp_GetFindingList, Line 205
Incorrect syntax near 'CAST'.
Msg 102, Level 15, State 1, Server DESKTOP-BOF7AOF\LOCALDB#B10938FE, Procedure Sp_GetFindingList, Line 227
Incorrect syntax near 'CAST'.
[Pass 1] FAIL Sp_GetFindingResponseHistory.sql: Msg 156, Level 15, State 1, Server DESKTOP-BOF7AOF\LOCALDB#B10938FE, Procedure Sp_GetFindingResponseHistory, Line 42
Incorrect syntax near the keyword 'SELECT'.
Msg 102, Level 15, State 1, Server DESKTOP-BOF7AOF\LOCALDB#B10938FE, Procedure Sp_GetFindingResponseHistory, Line 42
Incorrect syntax near ')'.
Msg 156, Level 15, State 1, Server DESKTOP-BOF7AOF\LOCALDB#B10938FE, Procedure Sp_GetFindingResponseHistory, Line 71
Incorrect syntax near the keyword 'SELECT'.
Msg 102, Level 15, State 1, Server DESKTOP-BOF7AOF\LOCALDB#B10938FE, Procedure Sp_GetFindingResponseHistory, Line 73
Incorrect syntax near ')'.
Msg 156, Level 15, State 1, Server DESKTOP-BOF7AOF\LOCALDB#B10938FE, Procedure Sp_GetFindingResponseHistory, Line 84
Incorrect syntax near the keyword 'SELECT'.
Msg 102, Level 15, State 1, Server DESKTOP-BOF7AOF\LOCALDB#B10938FE, Procedure Sp_GetFindingResponseHistory, Line 93
Incorrect syntax near ')'.
Msg 102, Level 15, State 1, Server DESKTOP-BOF7AOF\LOCALDB#B10938FE, Procedure Sp_GetFindingResponseHistory, Line 108
Incorrect syntax near ')'.
Msg 156, Level 15, State 1, Server DESKTOP-BOF7AOF\LOCALDB#B10938FE, Procedure Sp_GetFindingResponseHistory, Line 118
Incorrect syntax near the keyword 'SELECT'.
Msg 102, Level 15, State 1, Server DESKTOP-BOF7AOF\LOCALDB#B10938FE, Procedure Sp_GetFindingResponseHistory, Line 150
Incorrect syntax near '@ErrorCode'.
Msg 102, Level 15, State 1, Server DESKTOP-BOF7AOF\LOCALDB#B10938FE, Procedure Sp_GetFindingResponseHistory, Line 172
Incorrect syntax near 'SERVER_ERROR'.
[Pass 1] FAIL Sp_GetFindingsByClauseList.sql: Msg 156, Level 15, State 1, Server DESKTOP-BOF7AOF\LOCALDB#B10938FE, Procedure Sp_GetFindingsByClauseList, Line 42
Incorrect syntax near the keyword 'SELECT'.
Msg 102, Level 15, State 1, Server DESKTOP-BOF7AOF\LOCALDB#B10938FE, Procedure Sp_GetFindingsByClauseList, Line 42
Incorrect syntax near ')'.
Msg 319, Level 15, State 1, Server DESKTOP-BOF7AOF\LOCALDB#B10938FE, Procedure Sp_GetFindingsByClauseList, Line 73
Incorrect syntax near the keyword 'with'. If this statement is a common table expression, an xmlnamespaces clause or a change tracking context clause, the previous statement must be terminated with a semicolon.
Msg 156, Level 15, State 1, Server DESKTOP-BOF7AOF\LOCALDB#B10938FE, Procedure Sp_GetFindingsByClauseList, Line 95
Incorrect syntax near the keyword 'SELECT'.
Msg 102, Level 15, State 1, Server DESKTOP-BOF7AOF\LOCALDB#B10938FE, Procedure Sp_GetFindingsByClauseList, Line 95
Incorrect syntax near ')'.
Msg 102, Level 15, State 1, Server DESKTOP-BOF7AOF\LOCALDB#B10938FE, Procedure Sp_GetFindingsByClauseList, Line 95
Incorrect syntax near ')'.
Msg 102, Level 15, State 1, Server DESKTOP-BOF7AOF\LOCALDB#B10938FE, Procedure Sp_GetFindingsByClauseList, Line 97
Incorrect syntax near ')'.
Msg 102, Level 15, State 1, Server DESKTOP-BOF7AOF\LOCALDB#B10938FE, Procedure Sp_GetFindingsByClauseList, Line 100
Incorrect syntax near ')'.
Msg 102, Level 15, State 1, Server DESKTOP-BOF7AOF\LOCALDB#B10938FE, Procedure Sp_GetFindingsByClauseList, Line 102
Incorrect syntax near ')'.
Msg 102, Level 15, State 1, Server DESKTOP-BOF7AOF\LOCALDB#B10938FE, Procedure Sp_GetFindingsByClauseList, Line 105
Incorrect syntax near ')'.
Msg 102, Level 15, State 1, Server DESKTOP-BOF7AOF\LOCALDB#B10938FE, Procedure Sp_GetFindingsByClauseList, Line 109
Incorrect syntax near ')'.
Msg 102, Level 15, State 1, Server DESKTOP-BOF7AOF\LOCALDB#B10938FE, Procedure Sp_GetFindingsByClauseList, Line 118
Incorrect syntax near ')'.
Msg 102, Level 15, State 1, Server DESKTOP-BOF7AOF\LOCALDB#B10938FE, Procedure Sp_GetFindingsByClauseList, Line 127
Incorrect syntax near ')'.
Msg 102, Level 15, State 1, Server DESKTOP-BOF7AOF\LOCALDB#B10938FE, Procedure Sp_GetFindingsByClauseList, Line 137
Incorrect syntax near ')'.
Msg 156, Level 15, State 1, Server DESKTOP-BOF7AOF\LOCALDB#B10938FE, Procedure Sp_GetFindingsByClauseList, Line 142
Incorrect syntax near the keyword 'SELECT'.
Msg 156, Level 15, State 1, Server DESKTOP-BOF7AOF\LOCALDB#B10938FE, Procedure Sp_GetFindingsByClauseList, Line 144
Incorrect syntax near the keyword 'SELECT'.
Msg 102, Level 15, State 1, Server DESKTOP-BOF7AOF\LOCALDB#B10938FE, Procedure Sp_GetFindingsByClauseList, Line 148
Incorrect syntax near ')'.
Msg 156, Level 15, State 1, Server DESKTOP-BOF7AOF\LOCALDB#B10938FE, Procedure Sp_GetFindingsByClauseList, Line 153
Incorrect syntax near the keyword 'SELECT'.
Msg 102, Level 15, State 1, Server DESKTOP-BOF7AOF\LOCALDB#B10938FE, Procedure Sp_GetFindingsByClauseList, Line 158
Incorrect syntax near ')'.
Msg 156, Level 15, State 1, Server DESKTOP-BOF7AOF\LOCALDB#B10938FE, Procedure Sp_GetFindingsByClauseList, Line 164
Incorrect syntax near the keyword 'SELECT'.
Msg 102, Level 15, State 1, Server DESKTOP-BOF7AOF\LOCALDB#B10938FE, Procedure Sp_GetFindingsByClauseList, Line 170
Incorrect syntax near ')'.
Msg 102, Level 15, State 1, Server DESKTOP-BOF7AOF\LOCALDB#B10938FE, Procedure Sp_GetFindingsByClauseList, Line 178
Incorrect syntax near ')'.
Msg 102, Level 15, State 1, Server DESKTOP-BOF7AOF\LOCALDB#B10938FE, Procedure Sp_GetFindingsByClauseList, Line 182
Incorrect syntax near ')'.
Msg 102, Level 15, State 1, Server DESKTOP-BOF7AOF\LOCALDB#B10938FE, Procedure Sp_GetFindingsByClauseList, Line 185
Incorrect syntax near ')'.
Msg 156, Level 15, State 1, Server DESKTOP-BOF7AOF\LOCALDB#B10938FE, Procedure Sp_GetFindingsByClauseList, Line 194
Incorrect syntax near the keyword 'SELECT'.
Msg 102, Level 15, State 1, Server DESKTOP-BOF7AOF\LOCALDB#B10938FE, Procedure Sp_GetFindingsByClauseList, Line 194
Incorrect syntax near ')'.
Msg 102, Level 15, State 1, Server DESKTOP-BOF7AOF\LOCALDB#B10938FE, Procedure Sp_GetFindingsByClauseList, Line 224
Incorrect syntax near 'CAST'.
Msg 102, Level 15, State 1, Server DESKTOP-BOF7AOF\LOCALDB#B10938FE, Procedure Sp_GetFindingsByClauseList, Line 246
Incorrect syntax near 'CAST'.
[Pass 1] FAIL Sp_GetFindingsTrendsGraphData.sql: Msg 156, Level 15, State 1, Server DESKTOP-BOF7AOF\LOCALDB#B10938FE, Procedure Sp_GetFindingsTrendsGraphData, Line 38
Incorrect syntax near the keyword 'SELECT'.
Msg 102, Level 15, State 1, Server DESKTOP-BOF7AOF\LOCALDB#B10938FE, Procedure Sp_GetFindingsTrendsGraphData, Line 38
Incorrect syntax near ')'.
Msg 319, Level 15, State 1, Server DESKTOP-BOF7AOF\LOCALDB#B10938FE, Procedure Sp_GetFindingsTrendsGraphData, Line 69
Incorrect syntax near the keyword 'with'. If this statement is a common table expression, an xmlnamespaces clause or a change tracking context clause, the previous statement must be terminated with a semicolon.
Msg 156, Level 15, State 1, Server DESKTOP-BOF7AOF\LOCALDB#B10938FE, Procedure Sp_GetFindingsTrendsGraphData, Line 79
Incorrect syntax near the keyword 'SELECT'.
Msg 102, Level 15, State 1, Server DESKTOP-BOF7AOF\LOCALDB#B10938FE, Procedure Sp_GetFindingsTrendsGraphData, Line 79
Incorrect syntax near ')'.
Msg 102, Level 15, State 1, Server DESKTOP-BOF7AOF\LOCALDB#B10938FE, Procedure Sp_GetFindingsTrendsGraphData, Line 79
Incorrect syntax near ')'.
Msg 102, Level 15, State 1, Server DESKTOP-BOF7AOF\LOCALDB#B10938FE, Procedure Sp_GetFindingsTrendsGraphData, Line 81
Incorrect syntax near ')'.
Msg 102, Level 15, State 1, Server DESKTOP-BOF7AOF\LOCALDB#B10938FE, Procedure Sp_GetFindingsTrendsGraphData, Line 84
Incorrect syntax near ')'.
Msg 102, Level 15, State 1, Server DESKTOP-BOF7AOF\LOCALDB#B10938FE, Procedure Sp_GetFindingsTrendsGraphData, Line 86
Incorrect syntax near ')'.
Msg 102, Level 15, State 1, Server DESKTOP-BOF7AOF\LOCALDB#B10938FE, Procedure Sp_GetFindingsTrendsGraphData, Line 89
Incorrect syntax near ')'.
Msg 102, Level 15, State 1, Server DESKTOP-BOF7AOF\LOCALDB#B10938FE, Procedure Sp_GetFindingsTrendsGraphData, Line 93
Incorrect syntax near ')'.
Msg 102, Level 15, State 1, Server DESKTOP-BOF7AOF\LOCALDB#B10938FE, Procedure Sp_GetFindingsTrendsGraphData, Line 99
Incorrect syntax near ')'.
Msg 102, Level 15, State 1, Server DESKTOP-BOF7AOF\LOCALDB#B10938FE, Procedure Sp_GetFindingsTrendsGraphData, Line 101
Incorrect syntax near ')'.
Msg 102, Level 15, State 1, Server DESKTOP-BOF7AOF\LOCALDB#B10938FE, Procedure Sp_GetFindingsTrendsGraphData, Line 106
Incorrect syntax near ')'.
Msg 102, Level 15, State 1, Server DESKTOP-BOF7AOF\LOCALDB#B10938FE, Procedure Sp_GetFindingsTrendsGraphData, Line 113
Incorrect syntax near ')'.
Msg 156, Level 15, State 1, Server DESKTOP-BOF7AOF\LOCALDB#B10938FE, Procedure Sp_GetFindingsTrendsGraphData, Line 118
Incorrect syntax near the keyword 'SELECT'.
Msg 156, Level 15, State 1, Server DESKTOP-BOF7AOF\LOCALDB#B10938FE, Procedure Sp_GetFindingsTrendsGraphData, Line 119
Incorrect syntax near the keyword 'SELECT'.
Msg 102, Level 15, State 1, Server DESKTOP-BOF7AOF\LOCALDB#B10938FE, Procedure Sp_GetFindingsTrendsGraphData, Line 123
Incorrect syntax near ')'.
Msg 156, Level 15, State 1, Server DESKTOP-BOF7AOF\LOCALDB#B10938FE, Procedure Sp_GetFindingsTrendsGraphData, Line 133
Incorrect syntax near the keyword 'SELECT'.
Msg 102, Level 15, State 1, Server DESKTOP-BOF7AOF\LOCALDB#B10938FE, Procedure Sp_GetFindingsTrendsGraphData, Line 136
Incorrect syntax near ')'.
Msg 102, Level 15, State 1, Server DESKTOP-BOF7AOF\LOCALDB#B10938FE, Procedure Sp_GetFindingsTrendsGraphData, Line 169
Incorrect syntax near ')'.
Msg 102, Level 15, State 1, Server DESKTOP-BOF7AOF\LOCALDB#B10938FE, Procedure Sp_GetFindingsTrendsGraphData, Line 192
Incorrect syntax near ')'.
[Pass 1] FAIL Sp_GetFindingTrendsList.sql: Msg 156, Level 15, State 1, Server DESKTOP-BOF7AOF\LOCALDB#B10938FE, Procedure Sp_GetFindingTrendsList, Line 39
Incorrect syntax near the keyword 'SELECT'.
Msg 102, Level 15, State 1, Server DESKTOP-BOF7AOF\LOCALDB#B10938FE, Procedure Sp_GetFindingTrendsList, Line 39
Incorrect syntax near ')'.
Msg 319, Level 15, State 1, Server DESKTOP-BOF7AOF\LOCALDB#B10938FE, Procedure Sp_GetFindingTrendsList, Line 70
Incorrect syntax near the keyword 'with'. If this statement is a common table expression, an xmlnamespaces clause or a change tracking context clause, the previous statement must be terminated with a semicolon.
Msg 156, Level 15, State 1, Server DESKTOP-BOF7AOF\LOCALDB#B10938FE, Procedure Sp_GetFindingTrendsList, Line 83
Incorrect syntax near the keyword 'SELECT'.
Msg 102, Level 15, State 1, Server DESKTOP-BOF7AOF\LOCALDB#B10938FE, Procedure Sp_GetFindingTrendsList, Line 83
Incorrect syntax near ')'.
Msg 102, Level 15, State 1, Server DESKTOP-BOF7AOF\LOCALDB#B10938FE, Procedure Sp_GetFindingTrendsList, Line 83
Incorrect syntax near ')'.
Msg 102, Level 15, State 1, Server DESKTOP-BOF7AOF\LOCALDB#B10938FE, Procedure Sp_GetFindingTrendsList, Line 85
Incorrect syntax near ')'.
Msg 102, Level 15, State 1, Server DESKTOP-BOF7AOF\LOCALDB#B10938FE, Procedure Sp_GetFindingTrendsList, Line 88
Incorrect syntax near ')'.
Msg 102, Level 15, State 1, Server DESKTOP-BOF7AOF\LOCALDB#B10938FE, Procedure Sp_GetFindingTrendsList, Line 90
Incorrect syntax near ')'.
Msg 102, Level 15, State 1, Server DESKTOP-BOF7AOF\LOCALDB#B10938FE, Procedure Sp_GetFindingTrendsList, Line 90
Incorrect syntax near ')'.
Msg 102, Level 15, State 1, Server DESKTOP-BOF7AOF\LOCALDB#B10938FE, Procedure Sp_GetFindingTrendsList, Line 94
Incorrect syntax near ')'.
Msg 102, Level 15, State 1, Server DESKTOP-BOF7AOF\LOCALDB#B10938FE, Procedure Sp_GetFindingTrendsList, Line 107
Incorrect syntax near ')'.
Msg 102, Level 15, State 1, Server DESKTOP-BOF7AOF\LOCALDB#B10938FE, Procedure Sp_GetFindingTrendsList, Line 117
Incorrect syntax near ')'.
Msg 102, Level 15, State 1, Server DESKTOP-BOF7AOF\LOCALDB#B10938FE, Procedure Sp_GetFindingTrendsList, Line 126
Incorrect syntax near ')'.
Msg 156, Level 15, State 1, Server DESKTOP-BOF7AOF\LOCALDB#B10938FE, Procedure Sp_GetFindingTrendsList, Line 131
Incorrect syntax near the keyword 'SELECT'.
Msg 156, Level 15, State 1, Server DESKTOP-BOF7AOF\LOCALDB#B10938FE, Procedure Sp_GetFindingTrendsList, Line 151
Incorrect syntax near the keyword 'FROM'.
Msg 102, Level 15, State 1, Server DESKTOP-BOF7AOF\LOCALDB#B10938FE, Procedure Sp_GetFindingTrendsList, Line 155
Incorrect syntax near ')'.
Msg 102, Level 15, State 1, Server DESKTOP-BOF7AOF\LOCALDB#B10938FE, Procedure Sp_GetFindingTrendsList, Line 159
Incorrect syntax near ')'.
Msg 102, Level 15, State 1, Server DESKTOP-BOF7AOF\LOCALDB#B10938FE, Procedure Sp_GetFindingTrendsList, Line 162
Incorrect syntax near ')'.
Msg 156, Level 15, State 1, Server DESKTOP-BOF7AOF\LOCALDB#B10938FE, Procedure Sp_GetFindingTrendsList, Line 171
Incorrect syntax near the keyword 'SELECT'.
Msg 102, Level 15, State 1, Server DESKTOP-BOF7AOF\LOCALDB#B10938FE, Procedure Sp_GetFindingTrendsList, Line 172
Incorrect syntax near ')'.
Msg 102, Level 15, State 1, Server DESKTOP-BOF7AOF\LOCALDB#B10938FE, Procedure Sp_GetFindingTrendsList, Line 202
Incorrect syntax near 'CAST'.
Msg 102, Level 15, State 1, Server DESKTOP-BOF7AOF\LOCALDB#B10938FE, Procedure Sp_GetFindingTrendsList, Line 224
Incorrect syntax near 'CAST'.
[Pass 1] FAIL Sp_GetLatestFindingResponse.sql: Msg 156, Level 15, State 1, Server DESKTOP-BOF7AOF\LOCALDB#B10938FE, Procedure Sp_GetLatestFindingResponse, Line 42
Incorrect syntax near the keyword 'SELECT'.
Msg 102, Level 15, State 1, Server DESKTOP-BOF7AOF\LOCALDB#B10938FE, Procedure Sp_GetLatestFindingResponse, Line 42
Incorrect syntax near ')'.
Msg 156, Level 15, State 1, Server DESKTOP-BOF7AOF\LOCALDB#B10938FE, Procedure Sp_GetLatestFindingResponse, Line 70
Incorrect syntax near the keyword 'SELECT'.
Msg 102, Level 15, State 1, Server DESKTOP-BOF7AOF\LOCALDB#B10938FE, Procedure Sp_GetLatestFindingResponse, Line 72
Incorrect syntax near ')'.
Msg 156, Level 15, State 1, Server DESKTOP-BOF7AOF\LOCALDB#B10938FE, Procedure Sp_GetLatestFindingResponse, Line 82
Incorrect syntax near the keyword 'SELECT'.
Msg 102, Level 15, State 1, Server DESKTOP-BOF7AOF\LOCALDB#B10938FE, Procedure Sp_GetLatestFindingResponse, Line 96
Incorrect syntax near ')'.
Msg 156, Level 15, State 1, Server DESKTOP-BOF7AOF\LOCALDB#B10938FE, Procedure Sp_GetLatestFindingResponse, Line 101
Incorrect syntax near the keyword 'SELECT'.
Msg 102, Level 15, State 1, Server DESKTOP-BOF7AOF\LOCALDB#B10938FE, Procedure Sp_GetLatestFindingResponse, Line 107
Incorrect syntax near ')'.
Msg 156, Level 15, State 1, Server DESKTOP-BOF7AOF\LOCALDB#B10938FE, Procedure Sp_GetLatestFindingResponse, Line 112
Incorrect syntax near the keyword 'SELECT'.
Msg 102, Level 15, State 1, Server DESKTOP-BOF7AOF\LOCALDB#B10938FE, Procedure Sp_GetLatestFindingResponse, Line 113
Incorrect syntax near ')'.
Msg 156, Level 15, State 1, Server DESKTOP-BOF7AOF\LOCALDB#B10938FE, Procedure Sp_GetLatestFindingResponse, Line 143
Incorrect syntax near the keyword 'SELECT'.
Msg 102, Level 15, State 1, Server DESKTOP-BOF7AOF\LOCALDB#B10938FE, Procedure Sp_GetLatestFindingResponse, Line 149
Incorrect syntax near ')'.
Msg 102, Level 15, State 1, Server DESKTOP-BOF7AOF\LOCALDB#B10938FE, Procedure Sp_GetLatestFindingResponse, Line 154
Incorrect syntax near ')'.
Msg 156, Level 15, State 1, Server DESKTOP-BOF7AOF\LOCALDB#B10938FE, Procedure Sp_GetLatestFindingResponse, Line 174
Incorrect syntax near the keyword 'SELECT'.
Msg 102, Level 15, State 1, Server DESKTOP-BOF7AOF\LOCALDB#B10938FE, Procedure Sp_GetLatestFindingResponse, Line 180
Incorrect syntax near ')'.
Msg 102, Level 15, State 1, Server DESKTOP-BOF7AOF\LOCALDB#B10938FE, Procedure Sp_GetLatestFindingResponse, Line 185
Incorrect syntax near ')'.
[Pass 1] FAIL Sp_GetManageFindingDetails.sql: Msg 156, Level 15, State 1, Server DESKTOP-BOF7AOF\LOCALDB#B10938FE, Procedure Sp_GetManageFindingDetails, Line 42
Incorrect syntax near the keyword 'SELECT'.
Msg 102, Level 15, State 1, Server DESKTOP-BOF7AOF\LOCALDB#B10938FE, Procedure Sp_GetManageFindingDetails, Line 42
Incorrect syntax near ')'.
Msg 156, Level 15, State 1, Server DESKTOP-BOF7AOF\LOCALDB#B10938FE, Procedure Sp_GetManageFindingDetails, Line 85
Incorrect syntax near the keyword 'SELECT'.
Msg 102, Level 15, State 1, Server DESKTOP-BOF7AOF\LOCALDB#B10938FE, Procedure Sp_GetManageFindingDetails, Line 87
Incorrect syntax near ')'.
Msg 156, Level 15, State 1, Server DESKTOP-BOF7AOF\LOCALDB#B10938FE, Procedure Sp_GetManageFindingDetails, Line 96
Incorrect syntax near the keyword 'SELECT'.
Msg 102, Level 15, State 1, Server DESKTOP-BOF7AOF\LOCALDB#B10938FE, Procedure Sp_GetManageFindingDetails, Line 106
Incorrect syntax near ')'.
Msg 156, Level 15, State 1, Server DESKTOP-BOF7AOF\LOCALDB#B10938FE, Procedure Sp_GetManageFindingDetails, Line 114
Incorrect syntax near the keyword 'SELECT'.
Msg 102, Level 15, State 1, Server DESKTOP-BOF7AOF\LOCALDB#B10938FE, Procedure Sp_GetManageFindingDetails, Line 121
Incorrect syntax near ')'.
Msg 156, Level 15, State 1, Server DESKTOP-BOF7AOF\LOCALDB#B10938FE, Procedure Sp_GetManageFindingDetails, Line 129
Incorrect syntax near the keyword 'SELECT'.
Msg 102, Level 15, State 1, Server DESKTOP-BOF7AOF\LOCALDB#B10938FE, Procedure Sp_GetManageFindingDetails, Line 137
Incorrect syntax near ')'.
Msg 156, Level 15, State 1, Server DESKTOP-BOF7AOF\LOCALDB#B10938FE, Procedure Sp_GetManageFindingDetails, Line 141
Incorrect syntax near the keyword 'SELECT'.
Msg 102, Level 15, State 1, Server DESKTOP-BOF7AOF\LOCALDB#B10938FE, Procedure Sp_GetManageFindingDetails, Line 141
Incorrect syntax near ')'.
Msg 102, Level 15, State 1, Server DESKTOP-BOF7AOF\LOCALDB#B10938FE, Procedure Sp_GetManageFindingDetails, Line 182
Incorrect syntax near ')'.
Msg 102, Level 15, State 1, Server DESKTOP-BOF7AOF\LOCALDB#B10938FE, Procedure Sp_GetManageFindingDetails, Line 213
Incorrect syntax near ')'.
[Pass 1] FAIL Sp_PostLatestFindingResponse.sql: Msg 156, Level 15, State 1, Server DESKTOP-BOF7AOF\LOCALDB#B10938FE, Procedure Sp_PostLatestFindingResponse, Line 57
Incorrect syntax near the keyword 'SELECT'.
Msg 102, Level 15, State 1, Server DESKTOP-BOF7AOF\LOCALDB#B10938FE, Procedure Sp_PostLatestFindingResponse, Line 57
Incorrect syntax near ')'.
Msg 156, Level 15, State 1, Server DESKTOP-BOF7AOF\LOCALDB#B10938FE, Procedure Sp_PostLatestFindingResponse, Line 85
Incorrect syntax near the keyword 'SELECT'.
Msg 102, Level 15, State 1, Server DESKTOP-BOF7AOF\LOCALDB#B10938FE, Procedure Sp_PostLatestFindingResponse, Line 87
Incorrect syntax near ')'.
Msg 156, Level 15, State 1, Server DESKTOP-BOF7AOF\LOCALDB#B10938FE, Procedure Sp_PostLatestFindingResponse, Line 119
Incorrect syntax near the keyword 'SELECT'.
Msg 102, Level 15, State 1, Server DESKTOP-BOF7AOF\LOCALDB#B10938FE, Procedure Sp_PostLatestFindingResponse, Line 123
Incorrect syntax near ')'.
Msg 156, Level 15, State 1, Server DESKTOP-BOF7AOF\LOCALDB#B10938FE, Procedure Sp_PostLatestFindingResponse, Line 211
Incorrect syntax near the keyword 'SELECT'.
Msg 102, Level 15, State 1, Server DESKTOP-BOF7AOF\LOCALDB#B10938FE, Procedure Sp_PostLatestFindingResponse, Line 212
Incorrect syntax near ')'.
Msg 102, Level 15, State 1, Server DESKTOP-BOF7AOF\LOCALDB#B10938FE, Procedure Sp_PostLatestFindingResponse, Line 228
Incorrect syntax near ')'.
Msg 102, Level 15, State 1, Server DESKTOP-BOF7AOF\LOCALDB#B10938FE, Procedure Sp_PostLatestFindingResponse, Line 252
Incorrect syntax near ')'.
[Pass 1] FAIL Sp_GetCountryList.sql: Msg 156, Level 15, State 1, Server DESKTOP-BOF7AOF\LOCALDB#B10938FE, Procedure Sp_GetCountryList, Line 20
Incorrect syntax near the keyword 'SELECT'.
Msg 102, Level 15, State 1, Server DESKTOP-BOF7AOF\LOCALDB#B10938FE, Procedure Sp_GetCountryList, Line 26
Incorrect syntax near ')'.
Msg 156, Level 15, State 1, Server DESKTOP-BOF7AOF\LOCALDB#B10938FE, Procedure Sp_GetCountryList, Line 34
Incorrect syntax near the keyword 'SELECT'.
Msg 102, Level 15, State 1, Server DESKTOP-BOF7AOF\LOCALDB#B10938FE, Procedure Sp_GetCountryList, Line 34
Incorrect syntax near ')'.
Msg 102, Level 15, State 1, Server DESKTOP-BOF7AOF\LOCALDB#B10938FE, Procedure Sp_GetCountryList, Line 46
Incorrect syntax near 'CAST'.
Msg 102, Level 15, State 1, Server DESKTOP-BOF7AOF\LOCALDB#B10938FE, Procedure Sp_GetCountryList, Line 68
Incorrect syntax near 'CAST'.
[Pass 1] FAIL Sp_GetMasterSiteList.sql: Msg 156, Level 15, State 1, Server DESKTOP-BOF7AOF\LOCALDB#B10938FE, Procedure Sp_GetMasterSiteList, Line 11
Incorrect syntax near the keyword 'SELECT'.
Msg 156, Level 15, State 1, Server DESKTOP-BOF7AOF\LOCALDB#B10938FE, Procedure Sp_GetMasterSiteList, Line 44
Incorrect syntax near the keyword 'END'.
[Pass 1] FAIL Sp_GetServiceList.sql: Msg 207, Level 16, State 1, Server DESKTOP-BOF7AOF\LOCALDB#B10938FE, Procedure Sp_GetServiceList, Line 10
Invalid column name 'Service'.
Msg 207, Level 16, State 1, Server DESKTOP-BOF7AOF\LOCALDB#B10938FE, Procedure Sp_GetServiceList, Line 10
Invalid column name 'Service'.
[Pass 1] FAIL Sp_NotificationFilterCategories.sql: Msg 156, Level 15, State 1, Server DESKTOP-BOF7AOF\LOCALDB#B10938FE, Procedure Sp_NotificationFilterCategories, Line 43
Incorrect syntax near the keyword 'SELECT'.
Msg 102, Level 15, State 1, Server DESKTOP-BOF7AOF\LOCALDB#B10938FE, Procedure Sp_NotificationFilterCategories, Line 43
Incorrect syntax near ')'.
Msg 156, Level 15, State 1, Server DESKTOP-BOF7AOF\LOCALDB#B10938FE, Procedure Sp_NotificationFilterCategories, Line 53
Incorrect syntax near the keyword 'SELECT'.
Msg 156, Level 15, State 1, Server DESKTOP-BOF7AOF\LOCALDB#B10938FE, Procedure Sp_NotificationFilterCategories, Line 61
Incorrect syntax near the keyword 'SELECT'.
Msg 102, Level 15, State 1, Server DESKTOP-BOF7AOF\LOCALDB#B10938FE, Procedure Sp_NotificationFilterCategories, Line 65
Incorrect syntax near ')'.
Msg 102, Level 15, State 1, Server DESKTOP-BOF7AOF\LOCALDB#B10938FE, Procedure Sp_NotificationFilterCategories, Line 71
Incorrect syntax near ')'.
Msg 102, Level 15, State 1, Server DESKTOP-BOF7AOF\LOCALDB#B10938FE, Procedure Sp_NotificationFilterCategories, Line 77
Incorrect syntax near ')'.
Msg 102, Level 15, State 1, Server DESKTOP-BOF7AOF\LOCALDB#B10938FE, Procedure Sp_NotificationFilterCategories, Line 83
Incorrect syntax near ')'.
Msg 156, Level 15, State 1, Server DESKTOP-BOF7AOF\LOCALDB#B10938FE, Procedure Sp_NotificationFilterCategories, Line 94
Incorrect syntax near the keyword 'SELECT'.
Msg 102, Level 15, State 1, Server DESKTOP-BOF7AOF\LOCALDB#B10938FE, Procedure Sp_NotificationFilterCategories, Line 95
Incorrect syntax near ')'.
Msg 102, Level 15, State 1, Server DESKTOP-BOF7AOF\LOCALDB#B10938FE, Procedure Sp_NotificationFilterCategories, Line 107
Incorrect syntax near 'CAST'.
Msg 102, Level 15, State 1, Server DESKTOP-BOF7AOF\LOCALDB#B10938FE, Procedure Sp_NotificationFilterCategories, Line 129
Incorrect syntax near 'CAST'.
[Pass 1] FAIL Sp_NotificationFilterCompanies.sql: Msg 156, Level 15, State 1, Server DESKTOP-BOF7AOF\LOCALDB#B10938FE, Procedure Sp_NotificationFilterCompanies, Line 43
Incorrect syntax near the keyword 'SELECT'.
Msg 102, Level 15, State 1, Server DESKTOP-BOF7AOF\LOCALDB#B10938FE, Procedure Sp_NotificationFilterCompanies, Line 43
Incorrect syntax near ')'.
Msg 156, Level 15, State 1, Server DESKTOP-BOF7AOF\LOCALDB#B10938FE, Procedure Sp_NotificationFilterCompanies, Line 53
Incorrect syntax near the keyword 'SELECT'.
Msg 156, Level 15, State 1, Server DESKTOP-BOF7AOF\LOCALDB#B10938FE, Procedure Sp_NotificationFilterCompanies, Line 61
Incorrect syntax near the keyword 'SELECT'.
Msg 102, Level 15, State 1, Server DESKTOP-BOF7AOF\LOCALDB#B10938FE, Procedure Sp_NotificationFilterCompanies, Line 65
Incorrect syntax near ')'.
Msg 102, Level 15, State 1, Server DESKTOP-BOF7AOF\LOCALDB#B10938FE, Procedure Sp_NotificationFilterCompanies, Line 71
Incorrect syntax near ')'.
Msg 102, Level 15, State 1, Server DESKTOP-BOF7AOF\LOCALDB#B10938FE, Procedure Sp_NotificationFilterCompanies, Line 77
Incorrect syntax near ')'.
Msg 102, Level 15, State 1, Server DESKTOP-BOF7AOF\LOCALDB#B10938FE, Procedure Sp_NotificationFilterCompanies, Line 83
Incorrect syntax near ')'.
Msg 156, Level 15, State 1, Server DESKTOP-BOF7AOF\LOCALDB#B10938FE, Procedure Sp_NotificationFilterCompanies, Line 94
Incorrect syntax near the keyword 'SELECT'.
Msg 102, Level 15, State 1, Server DESKTOP-BOF7AOF\LOCALDB#B10938FE, Procedure Sp_NotificationFilterCompanies, Line 95
Incorrect syntax near ')'.
Msg 102, Level 15, State 1, Server DESKTOP-BOF7AOF\LOCALDB#B10938FE, Procedure Sp_NotificationFilterCompanies, Line 107
Incorrect syntax near 'CAST'.
Msg 102, Level 15, State 1, Server DESKTOP-BOF7AOF\LOCALDB#B10938FE, Procedure Sp_NotificationFilterCompanies, Line 129
Incorrect syntax near 'CAST'.
[Pass 1] FAIL Sp_NotificationFilterServices.sql: Msg 156, Level 15, State 1, Server DESKTOP-BOF7AOF\LOCALDB#B10938FE, Procedure Sp_NotificationFilterServices, Line 43
Incorrect syntax near the keyword 'SELECT'.
Msg 102, Level 15, State 1, Server DESKTOP-BOF7AOF\LOCALDB#B10938FE, Procedure Sp_NotificationFilterServices, Line 43
Incorrect syntax near ')'.
Msg 156, Level 15, State 1, Server DESKTOP-BOF7AOF\LOCALDB#B10938FE, Procedure Sp_NotificationFilterServices, Line 53
Incorrect syntax near the keyword 'SELECT'.
Msg 156, Level 15, State 1, Server DESKTOP-BOF7AOF\LOCALDB#B10938FE, Procedure Sp_NotificationFilterServices, Line 61
Incorrect syntax near the keyword 'SELECT'.
Msg 102, Level 15, State 1, Server DESKTOP-BOF7AOF\LOCALDB#B10938FE, Procedure Sp_NotificationFilterServices, Line 65
Incorrect syntax near ')'.
Msg 102, Level 15, State 1, Server DESKTOP-BOF7AOF\LOCALDB#B10938FE, Procedure Sp_NotificationFilterServices, Line 71
Incorrect syntax near ')'.
Msg 102, Level 15, State 1, Server DESKTOP-BOF7AOF\LOCALDB#B10938FE, Procedure Sp_NotificationFilterServices, Line 77
Incorrect syntax near ')'.
Msg 102, Level 15, State 1, Server DESKTOP-BOF7AOF\LOCALDB#B10938FE, Procedure Sp_NotificationFilterServices, Line 83
Incorrect syntax near ')'.
Msg 156, Level 15, State 1, Server DESKTOP-BOF7AOF\LOCALDB#B10938FE, Procedure Sp_NotificationFilterServices, Line 94
Incorrect syntax near the keyword 'SELECT'.
Msg 102, Level 15, State 1, Server DESKTOP-BOF7AOF\LOCALDB#B10938FE, Procedure Sp_NotificationFilterServices, Line 95
Incorrect syntax near ')'.
Msg 102, Level 15, State 1, Server DESKTOP-BOF7AOF\LOCALDB#B10938FE, Procedure Sp_NotificationFilterServices, Line 107
Incorrect syntax near 'CAST'.
Msg 102, Level 15, State 1, Server DESKTOP-BOF7AOF\LOCALDB#B10938FE, Procedure Sp_NotificationFilterServices, Line 129
Incorrect syntax near 'CAST'.
[Pass 1] FAIL Sp_NotificationFilterSites.sql: Msg 156, Level 15, State 1, Server DESKTOP-BOF7AOF\LOCALDB#B10938FE, Procedure Sp_NotificationFilterSites, Line 43
Incorrect syntax near the keyword 'SELECT'.
Msg 102, Level 15, State 1, Server DESKTOP-BOF7AOF\LOCALDB#B10938FE, Procedure Sp_NotificationFilterSites, Line 43
Incorrect syntax near ')'.
Msg 156, Level 15, State 1, Server DESKTOP-BOF7AOF\LOCALDB#B10938FE, Procedure Sp_NotificationFilterSites, Line 54
Incorrect syntax near the keyword 'SELECT'.
Msg 156, Level 15, State 1, Server DESKTOP-BOF7AOF\LOCALDB#B10938FE, Procedure Sp_NotificationFilterSites, Line 57
Incorrect syntax near the keyword 'SELECT'.
Msg 156, Level 15, State 1, Server DESKTOP-BOF7AOF\LOCALDB#B10938FE, Procedure Sp_NotificationFilterSites, Line 60
Incorrect syntax near the keyword 'SELECT'.
Msg 156, Level 15, State 1, Server DESKTOP-BOF7AOF\LOCALDB#B10938FE, Procedure Sp_NotificationFilterSites, Line 69
Incorrect syntax near the keyword 'SELECT'.
Msg 102, Level 15, State 1, Server DESKTOP-BOF7AOF\LOCALDB#B10938FE, Procedure Sp_NotificationFilterSites, Line 73
Incorrect syntax near ')'.
Msg 102, Level 15, State 1, Server DESKTOP-BOF7AOF\LOCALDB#B10938FE, Procedure Sp_NotificationFilterSites, Line 79
Incorrect syntax near ')'.
Msg 102, Level 15, State 1, Server DESKTOP-BOF7AOF\LOCALDB#B10938FE, Procedure Sp_NotificationFilterSites, Line 85
Incorrect syntax near ')'.
Msg 102, Level 15, State 1, Server DESKTOP-BOF7AOF\LOCALDB#B10938FE, Procedure Sp_NotificationFilterSites, Line 91
Incorrect syntax near ')'.
Msg 102, Level 15, State 1, Server DESKTOP-BOF7AOF\LOCALDB#B10938FE, Procedure Sp_NotificationFilterSites, Line 107
Incorrect syntax near ')'.
Msg 102, Level 15, State 1, Server DESKTOP-BOF7AOF\LOCALDB#B10938FE, Procedure Sp_NotificationFilterSites, Line 113
Incorrect syntax near ')'.
Msg 102, Level 15, State 1, Server DESKTOP-BOF7AOF\LOCALDB#B10938FE, Procedure Sp_NotificationFilterSites, Line 119
Incorrect syntax near ')'.
Msg 102, Level 15, State 1, Server DESKTOP-BOF7AOF\LOCALDB#B10938FE, Procedure Sp_NotificationFilterSites, Line 125
Incorrect syntax near ')'.
Msg 102, Level 15, State 1, Server DESKTOP-BOF7AOF\LOCALDB#B10938FE, Procedure Sp_NotificationFilterSites, Line 142
Incorrect syntax near ')'.
Msg 102, Level 15, State 1, Server DESKTOP-BOF7AOF\LOCALDB#B10938FE, Procedure Sp_NotificationFilterSites, Line 148
Incorrect syntax near ')'.
Msg 102, Level 15, State 1, Server DESKTOP-BOF7AOF\LOCALDB#B10938FE, Procedure Sp_NotificationFilterSites, Line 154
Incorrect syntax near ')'.
Msg 102, Level 15, State 1, Server DESKTOP-BOF7AOF\LOCALDB#B10938FE, Procedure Sp_NotificationFilterSites, Line 160
Incorrect syntax near ')'.
Msg 156, Level 15, State 1, Server DESKTOP-BOF7AOF\LOCALDB#B10938FE, Procedure Sp_NotificationFilterSites, Line 171
Incorrect syntax near the keyword 'SELECT'.
Msg 102, Level 15, State 1, Server DESKTOP-BOF7AOF\LOCALDB#B10938FE, Procedure Sp_NotificationFilterSites, Line 172
Incorrect syntax near ')'.
Msg 102, Level 15, State 1, Server DESKTOP-BOF7AOF\LOCALDB#B10938FE, Procedure Sp_NotificationFilterSites, Line 184
Incorrect syntax near 'CAST'.
Msg 102, Level 15, State 1, Server DESKTOP-BOF7AOF\LOCALDB#B10938FE, Procedure Sp_NotificationFilterSites, Line 206
Incorrect syntax near 'CAST'.
[Pass 1] FAIL Sp_Notifications.sql: Msg 156, Level 15, State 1, Server DESKTOP-BOF7AOF\LOCALDB#B10938FE, Procedure Sp_Notifications, Line 54
Incorrect syntax near the keyword 'SELECT'.
Msg 102, Level 15, State 1, Server DESKTOP-BOF7AOF\LOCALDB#B10938FE, Procedure Sp_Notifications, Line 54
Incorrect syntax near ')'.
Msg 156, Level 15, State 1, Server DESKTOP-BOF7AOF\LOCALDB#B10938FE, Procedure Sp_Notifications, Line 71
Incorrect syntax near the keyword 'SELECT'.
Msg 102, Level 15, State 1, Server DESKTOP-BOF7AOF\LOCALDB#B10938FE, Procedure Sp_Notifications, Line 75
Incorrect syntax near ')'.
Msg 102, Level 15, State 1, Server DESKTOP-BOF7AOF\LOCALDB#B10938FE, Procedure Sp_Notifications, Line 81
Incorrect syntax near ')'.
Msg 102, Level 15, State 1, Server DESKTOP-BOF7AOF\LOCALDB#B10938FE, Procedure Sp_Notifications, Line 87
Incorrect syntax near ')'.
Msg 102, Level 15, State 1, Server DESKTOP-BOF7AOF\LOCALDB#B10938FE, Procedure Sp_Notifications, Line 93
Incorrect syntax near ')'.
Msg 102, Level 15, State 1, Server DESKTOP-BOF7AOF\LOCALDB#B10938FE, Procedure Sp_Notifications, Line 99
Incorrect syntax near ')'.
Msg 156, Level 15, State 1, Server DESKTOP-BOF7AOF\LOCALDB#B10938FE, Procedure Sp_Notifications, Line 108
Incorrect syntax near the keyword 'SELECT'.
Msg 156, Level 15, State 1, Server DESKTOP-BOF7AOF\LOCALDB#B10938FE, Procedure Sp_Notifications, Line 123
Incorrect syntax near the keyword 'SELECT'.
Msg 102, Level 15, State 1, Server DESKTOP-BOF7AOF\LOCALDB#B10938FE, Procedure Sp_Notifications, Line 127
Incorrect syntax near ')'.
Msg 102, Level 15, State 1, Server DESKTOP-BOF7AOF\LOCALDB#B10938FE, Procedure Sp_Notifications, Line 133
Incorrect syntax near ')'.
Msg 102, Level 15, State 1, Server DESKTOP-BOF7AOF\LOCALDB#B10938FE, Procedure Sp_Notifications, Line 139
Incorrect syntax near ')'.
Msg 102, Level 15, State 1, Server DESKTOP-BOF7AOF\LOCALDB#B10938FE, Procedure Sp_Notifications, Line 145
Incorrect syntax near ')'.
Msg 102, Level 15, State 1, Server DESKTOP-BOF7AOF\LOCALDB#B10938FE, Procedure Sp_Notifications, Line 151
Incorrect syntax near ')'.
Msg 153, Level 15, State 2, Server DESKTOP-BOF7AOF\LOCALDB#B10938FE, Procedure Sp_Notifications, Line 155
Invalid usage of the option NEXT in the FETCH statement.
Msg 156, Level 15, State 1, Server DESKTOP-BOF7AOF\LOCALDB#B10938FE, Procedure Sp_Notifications, Line 164
Incorrect syntax near the keyword 'SELECT'.
Msg 102, Level 15, State 1, Server DESKTOP-BOF7AOF\LOCALDB#B10938FE, Procedure Sp_Notifications, Line 167
Incorrect syntax near ')'.
Msg 156, Level 15, State 1, Server DESKTOP-BOF7AOF\LOCALDB#B10938FE, Procedure Sp_Notifications, Line 171
Incorrect syntax near the keyword 'SELECT'.
Msg 102, Level 15, State 1, Server DESKTOP-BOF7AOF\LOCALDB#B10938FE, Procedure Sp_Notifications, Line 172
Incorrect syntax near ')'.
Msg 156, Level 15, State 1, Server DESKTOP-BOF7AOF\LOCALDB#B10938FE, Procedure Sp_Notifications, Line 181
Incorrect syntax near the keyword 'SELECT'.
Msg 156, Level 15, State 1, Server DESKTOP-BOF7AOF\LOCALDB#B10938FE, Procedure Sp_Notifications, Line 184
Incorrect syntax near the keyword 'SELECT'.
Msg 102, Level 15, State 1, Server DESKTOP-BOF7AOF\LOCALDB#B10938FE, Procedure Sp_Notifications, Line 188
Incorrect syntax near ')'.
Msg 102, Level 15, State 1, Server DESKTOP-BOF7AOF\LOCALDB#B10938FE, Procedure Sp_Notifications, Line 193
Incorrect syntax near ')'.
Msg 102, Level 15, State 1, Server DESKTOP-BOF7AOF\LOCALDB#B10938FE, Procedure Sp_Notifications, Line 199
Incorrect syntax near ')'.
Msg 102, Level 15, State 1, Server DESKTOP-BOF7AOF\LOCALDB#B10938FE, Procedure Sp_Notifications, Line 205
Incorrect syntax near ')'.
Msg 102, Level 15, State 1, Server DESKTOP-BOF7AOF\LOCALDB#B10938FE, Procedure Sp_Notifications, Line 211
Incorrect syntax near ')'.
Msg 153, Level 15, State 2, Server DESKTOP-BOF7AOF\LOCALDB#B10938FE, Procedure Sp_Notifications, Line 215
Invalid usage of the option NEXT in the FETCH statement.
Msg 156, Level 15, State 1, Server DESKTOP-BOF7AOF\LOCALDB#B10938FE, Procedure Sp_Notifications, Line 248
Incorrect syntax near the keyword 'SELECT'.
Msg 102, Level 15, State 1, Server DESKTOP-BOF7AOF\LOCALDB#B10938FE, Procedure Sp_Notifications, Line 250
Incorrect syntax near '0'.
Msg 102, Level 15, State 1, Server DESKTOP-BOF7AOF\LOCALDB#B10938FE, Procedure Sp_Notifications, Line 256
Incorrect syntax near ')'.
Msg 156, Level 15, State 1, Server DESKTOP-BOF7AOF\LOCALDB#B10938FE, Procedure Sp_Notifications, Line 276
Incorrect syntax near the keyword 'SELECT'.
Msg 102, Level 15, State 1, Server DESKTOP-BOF7AOF\LOCALDB#B10938FE, Procedure Sp_Notifications, Line 278
Incorrect syntax near '0'.
Msg 102, Level 15, State 1, Server DESKTOP-BOF7AOF\LOCALDB#B10938FE, Procedure Sp_Notifications, Line 284
Incorrect syntax near ')'.
[Pass 1] FAIL Sp_GetOverviewCardData.sql: Msg 156, Level 15, State 1, Server DESKTOP-BOF7AOF\LOCALDB#B10938FE, Procedure Sp_GetOverviewCardData, Line 39
Incorrect syntax near the keyword 'SELECT'.
Msg 156, Level 15, State 1, Server DESKTOP-BOF7AOF\LOCALDB#B10938FE, Procedure Sp_GetOverviewCardData, Line 40
Incorrect syntax near the keyword 'SELECT'.
Msg 156, Level 15, State 1, Server DESKTOP-BOF7AOF\LOCALDB#B10938FE, Procedure Sp_GetOverviewCardData, Line 58
Incorrect syntax near the keyword 'SELECT'.
Msg 102, Level 15, State 1, Server DESKTOP-BOF7AOF\LOCALDB#B10938FE, Procedure Sp_GetOverviewCardData, Line 64
Incorrect syntax near '1'.
Msg 102, Level 15, State 1, Server DESKTOP-BOF7AOF\LOCALDB#B10938FE, Procedure Sp_GetOverviewCardData, Line 64
Incorrect syntax near ')'.
Msg 102, Level 15, State 1, Server DESKTOP-BOF7AOF\LOCALDB#B10938FE, Procedure Sp_GetOverviewCardData, Line 65
Incorrect syntax near ')'.
Msg 102, Level 15, State 1, Server DESKTOP-BOF7AOF\LOCALDB#B10938FE, Procedure Sp_GetOverviewCardData, Line 66
Incorrect syntax near ')'.
Msg 102, Level 15, State 1, Server DESKTOP-BOF7AOF\LOCALDB#B10938FE, Procedure Sp_GetOverviewCardData, Line 71
Incorrect syntax near ')'.
Msg 102, Level 15, State 1, Server DESKTOP-BOF7AOF\LOCALDB#B10938FE, Procedure Sp_GetOverviewCardData, Line 72
Incorrect syntax near ')'.
Msg 102, Level 15, State 1, Server DESKTOP-BOF7AOF\LOCALDB#B10938FE, Procedure Sp_GetOverviewCardData, Line 73
Incorrect syntax near ')'.
Msg 102, Level 15, State 1, Server DESKTOP-BOF7AOF\LOCALDB#B10938FE, Procedure Sp_GetOverviewCardData, Line 79
Incorrect syntax near ')'.
Msg 102, Level 15, State 1, Server DESKTOP-BOF7AOF\LOCALDB#B10938FE, Procedure Sp_GetOverviewCardData, Line 80
Incorrect syntax near ')'.
Msg 102, Level 15, State 1, Server DESKTOP-BOF7AOF\LOCALDB#B10938FE, Procedure Sp_GetOverviewCardData, Line 81
Incorrect syntax near ')'.
Msg 156, Level 15, State 1, Server DESKTOP-BOF7AOF\LOCALDB#B10938FE, Procedure Sp_GetOverviewCardData, Line 84
Incorrect syntax near the keyword 'OR'.
Msg 102, Level 15, State 1, Server DESKTOP-BOF7AOF\LOCALDB#B10938FE, Procedure Sp_GetOverviewCardData, Line 84
Incorrect syntax near ')'.
Msg 102, Level 15, State 1, Server DESKTOP-BOF7AOF\LOCALDB#B10938FE, Procedure Sp_GetOverviewCardData, Line 85
Incorrect syntax near ')'.
Msg 102, Level 15, State 1, Server DESKTOP-BOF7AOF\LOCALDB#B10938FE, Procedure Sp_GetOverviewCardData, Line 86
Incorrect syntax near ')'.
Msg 102, Level 15, State 1, Server DESKTOP-BOF7AOF\LOCALDB#B10938FE, Procedure Sp_GetOverviewCardData, Line 92
Incorrect syntax near '1'.
Msg 102, Level 15, State 1, Server DESKTOP-BOF7AOF\LOCALDB#B10938FE, Procedure Sp_GetOverviewCardData, Line 92
Incorrect syntax near ')'.
Msg 102, Level 15, State 1, Server DESKTOP-BOF7AOF\LOCALDB#B10938FE, Procedure Sp_GetOverviewCardData, Line 93
Incorrect syntax near ')'.
Msg 102, Level 15, State 1, Server DESKTOP-BOF7AOF\LOCALDB#B10938FE, Procedure Sp_GetOverviewCardData, Line 94
Incorrect syntax near ')'.
[Pass 1] FAIL Sp_GetOverviewCompanyServiceSiteFilter.sql: Msg 2714, Level 16, State 3, Server DESKTOP-BOF7AOF\LOCALDB#B10938FE, Procedure Sp_GetOverviewCompanyServiceSiteFilter, Line 1
There is already an object named 'Sp_GetOverviewCompanyServiceSiteFilter' in the database.
[Pass 1] FAIL parameter.sql: id          label       
----------- ------------
          2 Certificates
          3 Findings    
          4 Schedule    
id          label       
----------- ------------
          2 Certificates
          3 Findings    
          4 Schedule    
id          label       
----------- ------------
          2 Certificates
          3 Findings    
          4 Schedule    
Msg 2812, Level 16, State 62, Server DESKTOP-BOF7AOF\LOCALDB#B10938FE, Line 13
Could not find stored procedure 'Sp_ActionFilterCompanies'.
Msg 2812, Level 16, State 62, Server DESKTOP-BOF7AOF\LOCALDB#B10938FE, Line 16
Could not find stored procedure 'Sp_ActionFilterCompanies'.
Msg 2812, Level 16, State 62, Server DESKTOP-BOF7AOF\LOCALDB#B10938FE, Line 19
Could not find stored procedure 'Sp_ActionFilterCompanies'.
Msg 2812, Level 16, State 62, Server DESKTOP-BOF7AOF\LOCALDB#B10938FE, Line 22
Could not find stored procedure 'Sp_ActionFilterCompanies'.
Msg 2812, Level 16, State 62, Server DESKTOP-BOF7AOF\LOCALDB#B10938FE, Line 25
Could not find stored procedure 'Sp_ActionFilterCompanies'.
Msg 2812, Level 16, State 62, Server DESKTOP-BOF7AOF\LOCALDB#B10938FE, Line 28
Could not find stored procedure 'Sp_ActionFilterServices'.
Msg 2812, Level 16, State 62, Server DESKTOP-BOF7AOF\LOCALDB#B10938FE, Line 31
Could not find stored procedure 'Sp_ActionFilterServices'.
Msg 2812, Level 16, State 62, Server DESKTOP-BOF7AOF\LOCALDB#B10938FE, Line 34
Could not find stored procedure 'Sp_ActionFilterServices'.
Msg 2812, Level 16, State 62, Server DESKTOP-BOF7AOF\LOCALDB#B10938FE, Line 37
Could not find stored procedure 'Sp_ActionFilterServices'.
Msg 2812, Level 16, State 62, Server DESKTOP-BOF7AOF\LOCALDB#B10938FE, Line 40
Could not find stored procedure 'Sp_ActionFilterServices'.
CountryId   CountryName                                                                                          CityId      CityName                                                                                             SiteId      SiteName                                                                                                                                                                                                
----------- ---------------------------------------------------------------------------------------------------- ----------- ---------------------------------------------------------------------------------------------------- ----------- --------------------------------------------------------------------------------------------------------------------------------------------------------------------------------------------------------
CountryId   CountryName                                                                                          CityId      CityName                                                                                             SiteId      SiteName                                                                                                                                                                                                
----------- ---------------------------------------------------------------------------------------------------- ----------- ---------------------------------------------------------------------------------------------------- ----------- --------------------------------------------------------------------------------------------------------------------------------------------------------------------------------------------------------
CountryId   CountryName                                                                                          CityId      CityName                                                                                             SiteId      SiteName                                                                                                                                                                                                
----------- ---------------------------------------------------------------------------------------------------- ----------- ---------------------------------------------------------------------------------------------------- ----------- --------------------------------------------------------------------------------------------------------------------------------------------------------------------------------------------------------
Msg 245, Level 16, State 1, Server DESKTOP-BOF7AOF\LOCALDB#B10938FE, Procedure Sp_ActionFilterSites, Line 31
Conversion failed when converting the nvarchar value 'ISO 9001:2015' to data type int.
[Pass 1] FAIL Sp_GetPreferences.sql: Msg 156, Level 15, State 1, Server DESKTOP-BOF7AOF\LOCALDB#B10938FE, Procedure Sp_GetPreferences, Line 31
Incorrect syntax near the keyword 'RETURN'.
Msg 156, Level 15, State 1, Server DESKTOP-BOF7AOF\LOCALDB#B10938FE, Procedure Sp_GetPreferences, Line 35
Incorrect syntax near the keyword 'SELECT'.
Msg 102, Level 15, State 1, Server DESKTOP-BOF7AOF\LOCALDB#B10938FE, Procedure Sp_GetPreferences, Line 35
Incorrect syntax near ')'.
Msg 156, Level 15, State 1, Server DESKTOP-BOF7AOF\LOCALDB#B10938FE, Procedure Sp_GetPreferences, Line 42
Incorrect syntax near the keyword 'RETURN'.
Msg 156, Level 15, State 1, Server DESKTOP-BOF7AOF\LOCALDB#B10938FE, Procedure Sp_GetPreferences, Line 49
Incorrect syntax near the keyword 'SELECT'.
Msg 102, Level 15, State 1, Server DESKTOP-BOF7AOF\LOCALDB#B10938FE, Procedure Sp_GetPreferences, Line 55
Incorrect syntax near ')'.
Msg 156, Level 15, State 1, Server DESKTOP-BOF7AOF\LOCALDB#B10938FE, Procedure Sp_GetPreferences, Line 60
Incorrect syntax near the keyword 'ELSE'.
Msg 102, Level 15, State 1, Server DESKTOP-BOF7AOF\LOCALDB#B10938FE, Procedure Sp_GetPreferences, Line 60
Incorrect syntax near ')'.
Msg 156, Level 15, State 1, Server DESKTOP-BOF7AOF\LOCALDB#B10938FE, Procedure Sp_GetPreferences, Line 84
Incorrect syntax near the keyword 'SELECT'.
Msg 102, Level 15, State 1, Server DESKTOP-BOF7AOF\LOCALDB#B10938FE, Procedure Sp_GetPreferences, Line 84
Incorrect syntax near ')'.
[Pass 1] FAIL Sp_GetSettingsAdminList.sql: Msg 156, Level 15, State 1, Server DESKTOP-BOF7AOF\LOCALDB#B10938FE, Procedure Sp_GetSettingsAdminList, Line 34
Incorrect syntax near the keyword 'SELECT'.
Msg 102, Level 15, State 1, Server DESKTOP-BOF7AOF\LOCALDB#B10938FE, Procedure Sp_GetSettingsAdminList, Line 34
Incorrect syntax near ')'.
Msg 156, Level 15, State 1, Server DESKTOP-BOF7AOF\LOCALDB#B10938FE, Procedure Sp_GetSettingsAdminList, Line 43
Incorrect syntax near the keyword 'SELECT'.
Msg 102, Level 15, State 1, Server DESKTOP-BOF7AOF\LOCALDB#B10938FE, Procedure Sp_GetSettingsAdminList, Line 47
Incorrect syntax near ')'.
Msg 156, Level 15, State 1, Server DESKTOP-BOF7AOF\LOCALDB#B10938FE, Procedure Sp_GetSettingsAdminList, Line 62
Incorrect syntax near the keyword 'SELECT'.
Msg 156, Level 15, State 1, Server DESKTOP-BOF7AOF\LOCALDB#B10938FE, Procedure Sp_GetSettingsAdminList, Line 68
Incorrect syntax near the keyword 'SELECT'.
Msg 102, Level 15, State 1, Server DESKTOP-BOF7AOF\LOCALDB#B10938FE, Procedure Sp_GetSettingsAdminList, Line 72
Incorrect syntax near ')'.
Msg 102, Level 15, State 1, Server DESKTOP-BOF7AOF\LOCALDB#B10938FE, Procedure Sp_GetSettingsAdminList, Line 81
Incorrect syntax near ')'.
Msg 102, Level 15, State 1, Server DESKTOP-BOF7AOF\LOCALDB#B10938FE, Procedure Sp_GetSettingsAdminList, Line 92
Incorrect syntax near ')'.
Msg 102, Level 15, State 1, Server DESKTOP-BOF7AOF\LOCALDB#B10938FE, Procedure Sp_GetSettingsAdminList, Line 105
Incorrect syntax near ')'.
Msg 156, Level 15, State 1, Server DESKTOP-BOF7AOF\LOCALDB#B10938FE, Procedure Sp_GetSettingsAdminList, Line 116
Incorrect syntax near the keyword 'SELECT'.
Msg 102, Level 15, State 1, Server DESKTOP-BOF7AOF\LOCALDB#B10938FE, Procedure Sp_GetSettingsAdminList, Line 116
Incorrect syntax near ')'.
Msg 102, Level 15, State 1, Server DESKTOP-BOF7AOF\LOCALDB#B10938FE, Procedure Sp_GetSettingsAdminList, Line 146
Incorrect syntax near 'CAST'.
Msg 102, Level 15, State 1, Server DESKTOP-BOF7AOF\LOCALDB#B10938FE, Procedure Sp_GetSettingsAdminList, Line 168
Incorrect syntax near 'CAST'.
[Pass 1] FAIL Sp_GetSettingsCompanyDetails.sql: Msg 156, Level 15, State 1, Server DESKTOP-BOF7AOF\LOCALDB#B10938FE, Procedure Sp_GetSettingsCompanyDetails, Line 32
Incorrect syntax near the keyword 'SELECT'.
Msg 102, Level 15, State 1, Server DESKTOP-BOF7AOF\LOCALDB#B10938FE, Procedure Sp_GetSettingsCompanyDetails, Line 32
Incorrect syntax near ')'.
Msg 156, Level 15, State 1, Server DESKTOP-BOF7AOF\LOCALDB#B10938FE, Procedure Sp_GetSettingsCompanyDetails, Line 64
Incorrect syntax near the keyword 'SELECT'.
Msg 102, Level 15, State 1, Server DESKTOP-BOF7AOF\LOCALDB#B10938FE, Procedure Sp_GetSettingsCompanyDetails, Line 78
Incorrect syntax near ')'.
Msg 156, Level 15, State 1, Server DESKTOP-BOF7AOF\LOCALDB#B10938FE, Procedure Sp_GetSettingsCompanyDetails, Line 84
Incorrect syntax near the keyword 'SELECT'.
Msg 102, Level 15, State 1, Server DESKTOP-BOF7AOF\LOCALDB#B10938FE, Procedure Sp_GetSettingsCompanyDetails, Line 102
Incorrect syntax near ')'.
Msg 156, Level 15, State 1, Server DESKTOP-BOF7AOF\LOCALDB#B10938FE, Procedure Sp_GetSettingsCompanyDetails, Line 110
Incorrect syntax near the keyword 'SELECT'.
Msg 102, Level 15, State 1, Server DESKTOP-BOF7AOF\LOCALDB#B10938FE, Procedure Sp_GetSettingsCompanyDetails, Line 116
Incorrect syntax near ')'.
Msg 156, Level 15, State 1, Server DESKTOP-BOF7AOF\LOCALDB#B10938FE, Procedure Sp_GetSettingsCompanyDetails, Line 120
Incorrect syntax near the keyword 'SELECT'.
Msg 102, Level 15, State 1, Server DESKTOP-BOF7AOF\LOCALDB#B10938FE, Procedure Sp_GetSettingsCompanyDetails, Line 120
Incorrect syntax near ')'.
Msg 102, Level 15, State 1, Server DESKTOP-BOF7AOF\LOCALDB#B10938FE, Procedure Sp_GetSettingsCompanyDetails, Line 156
Incorrect syntax near ')'.
Msg 102, Level 15, State 1, Server DESKTOP-BOF7AOF\LOCALDB#B10938FE, Procedure Sp_GetSettingsCompanyDetails, Line 182
Incorrect syntax near ')'.
[Pass 1] FAIL Sp_GetSettingsMemberList.sql: Msg 156, Level 15, State 1, Server DESKTOP-BOF7AOF\LOCALDB#B10938FE, Procedure Sp_GetSettingsMemberList, Line 34
Incorrect syntax near the keyword 'SELECT'.
Msg 102, Level 15, State 1, Server DESKTOP-BOF7AOF\LOCALDB#B10938FE, Procedure Sp_GetSettingsMemberList, Line 34
Incorrect syntax near ')'.
Msg 156, Level 15, State 1, Server DESKTOP-BOF7AOF\LOCALDB#B10938FE, Procedure Sp_GetSettingsMemberList, Line 43
Incorrect syntax near the keyword 'SELECT'.
Msg 102, Level 15, State 1, Server DESKTOP-BOF7AOF\LOCALDB#B10938FE, Procedure Sp_GetSettingsMemberList, Line 47
Incorrect syntax near ')'.
Msg 156, Level 15, State 1, Server DESKTOP-BOF7AOF\LOCALDB#B10938FE, Procedure Sp_GetSettingsMemberList, Line 62
Incorrect syntax near the keyword 'SELECT'.
Msg 156, Level 15, State 1, Server DESKTOP-BOF7AOF\LOCALDB#B10938FE, Procedure Sp_GetSettingsMemberList, Line 65
Incorrect syntax near the keyword 'SELECT'.
Msg 102, Level 15, State 1, Server DESKTOP-BOF7AOF\LOCALDB#B10938FE, Procedure Sp_GetSettingsMemberList, Line 72
Incorrect syntax near ')'.
Msg 102, Level 15, State 1, Server DESKTOP-BOF7AOF\LOCALDB#B10938FE, Procedure Sp_GetSettingsMemberList, Line 78
Incorrect syntax near ')'.
Msg 102, Level 15, State 1, Server DESKTOP-BOF7AOF\LOCALDB#B10938FE, Procedure Sp_GetSettingsMemberList, Line 86
Incorrect syntax near ')'.
Msg 102, Level 15, State 1, Server DESKTOP-BOF7AOF\LOCALDB#B10938FE, Procedure Sp_GetSettingsMemberList, Line 97
Incorrect syntax near ')'.
Msg 102, Level 15, State 1, Server DESKTOP-BOF7AOF\LOCALDB#B10938FE, Procedure Sp_GetSettingsMemberList, Line 105
Incorrect syntax near ')'.
Msg 156, Level 15, State 1, Server DESKTOP-BOF7AOF\LOCALDB#B10938FE, Procedure Sp_GetSettingsMemberList, Line 108
Incorrect syntax near the keyword 'SELECT'.
Msg 156, Level 15, State 1, Server DESKTOP-BOF7AOF\LOCALDB#B10938FE, Procedure Sp_GetSettingsMemberList, Line 109
Incorrect syntax near the keyword 'SELECT'.
Msg 102, Level 15, State 1, Server DESKTOP-BOF7AOF\LOCALDB#B10938FE, Procedure Sp_GetSettingsMemberList, Line 117
Incorrect syntax near ')'.
Msg 102, Level 15, State 1, Server DESKTOP-BOF7AOF\LOCALDB#B10938FE, Procedure Sp_GetSettingsMemberList, Line 136
Incorrect syntax near ')'.
Msg 102, Level 15, State 1, Server DESKTOP-BOF7AOF\LOCALDB#B10938FE, Procedure Sp_GetSettingsMemberList, Line 145
Incorrect syntax near ')'.
Msg 156, Level 15, State 1, Server DESKTOP-BOF7AOF\LOCALDB#B10938FE, Procedure Sp_GetSettingsMemberList, Line 156
Incorrect syntax near the keyword 'SELECT'.
Msg 102, Level 15, State 1, Server DESKTOP-BOF7AOF\LOCALDB#B10938FE, Procedure Sp_GetSettingsMemberList, Line 156
Incorrect syntax near ')'.
Msg 102, Level 15, State 1, Server DESKTOP-BOF7AOF\LOCALDB#B10938FE, Procedure Sp_GetSettingsMemberList, Line 186
Incorrect syntax near 'CAST'.
Msg 102, Level 15, State 1, Server DESKTOP-BOF7AOF\LOCALDB#B10938FE, Procedure Sp_GetSettingsMemberList, Line 208
Incorrect syntax near 'CAST'.
[Pass 1] FAIL Sp_GetUserProfile.sql: Msg 156, Level 15, State 1, Server DESKTOP-BOF7AOF\LOCALDB#B10938FE, Procedure Sp_GetUserProfile, Line 41
Incorrect syntax near the keyword 'SELECT'.
Msg 102, Level 15, State 1, Server DESKTOP-BOF7AOF\LOCALDB#B10938FE, Procedure Sp_GetUserProfile, Line 46
Incorrect syntax near ')'.
Msg 156, Level 15, State 1, Server DESKTOP-BOF7AOF\LOCALDB#B10938FE, Procedure Sp_GetUserProfile, Line 70
Incorrect syntax near the keyword 'END'.
[Pass 1] FAIL Sp_GetUserValidation.sql: Msg 102, Level 15, State 1, Server DESKTOP-BOF7AOF\LOCALDB#B10938FE, Procedure Sp_GetUserValidation, Line 52
Incorrect syntax near ''.
Msg 156, Level 15, State 1, Server DESKTOP-BOF7AOF\LOCALDB#B10938FE, Procedure Sp_GetUserValidation, Line 71
Incorrect syntax near the keyword 'END'.
[Pass 1] FAIL Sp_GetWidgetForTrainingStatus.sql: Msg 102, Level 15, State 1, Server DESKTOP-BOF7AOF\LOCALDB#B10938FE, Procedure Sp_GetWidgetForTrainingStatus, Line 10
Incorrect syntax near ';'.
Msg 156, Level 15, State 1, Server DESKTOP-BOF7AOF\LOCALDB#B10938FE, Procedure Sp_GetWidgetForTrainingStatus, Line 17
Incorrect syntax near the keyword 'SELECT'.
[Pass 1] FAIL Sp_GetWidgetForUpcomingAudit.sql: Msg 102, Level 15, State 1, Server DESKTOP-BOF7AOF\LOCALDB#B10938FE, Procedure Sp_GetWidgetForUpcomingAudit, Line 18
Incorrect syntax near ';'.
Msg 156, Level 15, State 1, Server DESKTOP-BOF7AOF\LOCALDB#B10938FE, Procedure Sp_GetWidgetForUpcomingAudit, Line 25
Incorrect syntax near the keyword 'END'.
