==== TABLES (e:\ERPMicroservice\src\Services\auditServices\auditapiServices\tables) ====
FAIL: E:\ERPMicroservice\src\Services\auditServices\auditapiServices\tables\Actions.sql
Msg 2714, Level 16, State 6, Server DESKTOP-BOF7AOF\LOCALDB#B10938FE, Line 1
There is already an object named 'Actions' in the database.

FAIL: E:\ERPMicroservice\src\Services\auditServices\auditapiServices\tables\AuditLogs.sql
Msg 1767, Level 16, State 1, Server DESKTOP-BOF7AOF\LOCALDB#B10938FE, Line 2
Foreign key 'FK_AuditLogs_CompanyId' references invalid table 'Companies'.
Msg 1750, Level 16, State 1, Server DESKTOP-BOF7AOF\LOCALDB#B10938FE, Line 2
Could not create constraint or index. See previous errors.

FAIL: E:\ERPMicroservice\src\Services\auditServices\auditapiServices\tables\Audits.sql
Msg 2714, Level 16, State 6, Server DESKTOP-BOF7AOF\LOCALDB#B10938FE, Line 1
There is already an object named 'Audits' in the database.

FAIL: E:\ERPMicroservice\src\Services\auditServices\auditapiServices\tables\AuditServices.sql
Msg 1767, Level 16, State 1, Server DESKTOP-BOF7AOF\LOCALDB#B10938FE, Line 2
Foreign key 'FK_AuditServices_ServiceId' references invalid table 'Services'.
Msg 1750, Level 16, State 1, Server DESKTOP-BOF7AOF\LOCALDB#B10938FE, Line 2
Could not create constraint or index. See previous errors.

FAIL: E:\ERPMicroservice\src\Services\auditServices\auditapiServices\tables\AuditSiteAudits.sql
Msg 1767, Level 16, State 1, Server DESKTOP-BOF7AOF\LOCALDB#B10938FE, Line 2
Foreign key 'FK_AuditSiteAudits_SiteId' references invalid table 'Sites'.
Msg 1750, Level 16, State 1, Server DESKTOP-BOF7AOF\LOCALDB#B10938FE, Line 2
Could not create constraint or index. See previous errors.

FAIL: E:\ERPMicroservice\src\Services\auditServices\auditapiServices\tables\AuditSiteRepresentatives.sql
Msg 1767, Level 16, State 1, Server DESKTOP-BOF7AOF\LOCALDB#B10938FE, Line 2
Foreign key 'FK_AuditSiteRepresentatives_AuditSiteAuditId' references invalid table 'AuditSiteAudits'.
Msg 1750, Level 16, State 1, Server DESKTOP-BOF7AOF\LOCALDB#B10938FE, Line 2
Could not create constraint or index. See previous errors.

FAIL: E:\ERPMicroservice\src\Services\auditServices\auditapiServices\tables\AuditSites.sql
Msg 1767, Level 16, State 1, Server DESKTOP-BOF7AOF\LOCALDB#B10938FE, Line 2
Foreign key 'FK_AuditSites_SiteId' references invalid table 'Sites'.
Msg 1750, Level 16, State 1, Server DESKTOP-BOF7AOF\LOCALDB#B10938FE, Line 2
Could not create constraint or index. See previous errors.

FAIL: E:\ERPMicroservice\src\Services\auditServices\auditapiServices\tables\AuditSiteServices.sql
Msg 1767, Level 16, State 1, Server DESKTOP-BOF7AOF\LOCALDB#B10938FE, Line 2
Foreign key 'FK_AuditSiteServices_AuditSiteAuditId' references invalid table 'AuditSiteAudits'.
Msg 1750, Level 16, State 1, Server DESKTOP-BOF7AOF\LOCALDB#B10938FE, Line 2
Could not create constraint or index. See previous errors.

FAIL: E:\ERPMicroservice\src\Services\auditServices\auditapiServices\tables\CertificateAdditionalScopes.sql
Msg 1767, Level 16, State 1, Server DESKTOP-BOF7AOF\LOCALDB#B10938FE, Line 2
Foreign key 'FK_CertificateAdditionalScopes_CertificateId' references invalid table 'Certificates'.
Msg 1750, Level 16, State 1, Server DESKTOP-BOF7AOF\LOCALDB#B10938FE, Line 2
Could not create constraint or index. See previous errors.

FAIL: E:\ERPMicroservice\src\Services\auditServices\auditapiServices\tables\Certificates.sql
Msg 1767, Level 16, State 1, Server DESKTOP-BOF7AOF\LOCALDB#B10938FE, Line 2
Foreign key 'FK_Certificates_CompanyId' references invalid table 'Companies'.
Msg 1750, Level 16, State 1, Server DESKTOP-BOF7AOF\LOCALDB#B10938FE, Line 2
Could not create constraint or index. See previous errors.

FAIL: E:\ERPMicroservice\src\Services\auditServices\auditapiServices\tables\CertificateServices.sql
Msg 1767, Level 16, State 1, Server DESKTOP-BOF7AOF\LOCALDB#B10938FE, Line 2
Foreign key 'FK_CertificateServices_CertificateId' references invalid table 'Certificates'.
Msg 1750, Level 16, State 1, Server DESKTOP-BOF7AOF\LOCALDB#B10938FE, Line 2
Could not create constraint or index. See previous errors.

FAIL: E:\ERPMicroservice\src\Services\auditServices\auditapiServices\tables\CertificateSites.sql
Msg 1767, Level 16, State 1, Server DESKTOP-BOF7AOF\LOCALDB#B10938FE, Line 2
Foreign key 'FK_CertificateSites_CertificateId' references invalid table 'Certificates'.
Msg 1750, Level 16, State 1, Server DESKTOP-BOF7AOF\LOCALDB#B10938FE, Line 2
Could not create constraint or index. See previous errors.

FAIL: E:\ERPMicroservice\src\Services\auditServices\auditapiServices\tables\Cities.sql
Msg 1767, Level 16, State 1, Server DESKTOP-BOF7AOF\LOCALDB#B10938FE, Line 2
Foreign key 'FK_Cities_CountryId' references invalid table 'Countries'.
Msg 1750, Level 16, State 1, Server DESKTOP-BOF7AOF\LOCALDB#B10938FE, Line 2
Could not create constraint or index. See previous errors.

FAIL: E:\ERPMicroservice\src\Services\auditServices\auditapiServices\tables\Companies.sql
Msg 1767, Level 16, State 1, Server DESKTOP-BOF7AOF\LOCALDB#B10938FE, Line 2
Foreign key 'FK_Companies_CityId' references invalid table 'Cities'.
Msg 1750, Level 16, State 1, Server DESKTOP-BOF7AOF\LOCALDB#B10938FE, Line 2
Could not create constraint or index. See previous errors.

FAIL: E:\ERPMicroservice\src\Services\auditServices\auditapiServices\tables\Contracts.sql
Msg 1767, Level 16, State 1, Server DESKTOP-BOF7AOF\LOCALDB#B10938FE, Line 2
Foreign key 'FK_Contracts_CompanyId' references invalid table 'Companies'.
Msg 1750, Level 16, State 1, Server DESKTOP-BOF7AOF\LOCALDB#B10938FE, Line 2
Could not create constraint or index. See previous errors.

FAIL: E:\ERPMicroservice\src\Services\auditServices\auditapiServices\tables\ContractServices.sql
Msg 1767, Level 16, State 1, Server DESKTOP-BOF7AOF\LOCALDB#B10938FE, Line 2
Foreign key 'FK_ContractServices_ContractId' references invalid table 'Contracts'.
Msg 1750, Level 16, State 1, Server DESKTOP-BOF7AOF\LOCALDB#B10938FE, Line 2
Could not create constraint or index. See previous errors.

FAIL: E:\ERPMicroservice\src\Services\auditServices\auditapiServices\tables\ContractSites.sql
Msg 1767, Level 16, State 1, Server DESKTOP-BOF7AOF\LOCALDB#B10938FE, Line 2
Foreign key 'FK_ContractSites_ContractId' references invalid table 'Contracts'.
Msg 1750, Level 16, State 1, Server DESKTOP-BOF7AOF\LOCALDB#B10938FE, Line 2
Could not create constraint or index. See previous errors.

FAIL: E:\ERPMicroservice\src\Services\auditServices\auditapiServices\tables\Financials.sql
Msg 1767, Level 16, State 1, Server DESKTOP-BOF7AOF\LOCALDB#B10938FE, Line 2
Foreign key 'FK_Financials_CompanyId' references invalid table 'Companies'.
Msg 1750, Level 16, State 1, Server DESKTOP-BOF7AOF\LOCALDB#B10938FE, Line 2
Could not create constraint or index. See previous errors.

FAIL: E:\ERPMicroservice\src\Services\auditServices\auditapiServices\tables\FindingClauses.sql
Msg 1767, Level 16, State 1, Server DESKTOP-BOF7AOF\LOCALDB#B10938FE, Line 2
Foreign key 'FK_FindingClauses_FindingId' references invalid table 'Findings'.
Msg 1750, Level 16, State 1, Server DESKTOP-BOF7AOF\LOCALDB#B10938FE, Line 2
Could not create constraint or index. See previous errors.

FAIL: E:\ERPMicroservice\src\Services\auditServices\auditapiServices\tables\FindingFocusAreas.sql
Msg 1767, Level 16, State 1, Server DESKTOP-BOF7AOF\LOCALDB#B10938FE, Line 2
Foreign key 'FK_FindingFocusAreas_FindingId' references invalid table 'Findings'.
Msg 1750, Level 16, State 1, Server DESKTOP-BOF7AOF\LOCALDB#B10938FE, Line 2
Could not create constraint or index. See previous errors.

FAIL: E:\ERPMicroservice\src\Services\auditServices\auditapiServices\tables\FindingResponses.sql
Msg 1767, Level 16, State 1, Server DESKTOP-BOF7AOF\LOCALDB#B10938FE, Line 2
Foreign key 'FK_FindingResponses_FindingId' references invalid table 'Findings'.
Msg 1750, Level 16, State 1, Server DESKTOP-BOF7AOF\LOCALDB#B10938FE, Line 2
Could not create constraint or index. See previous errors.

FAIL: E:\ERPMicroservice\src\Services\auditServices\auditapiServices\tables\Findings.sql
Msg 1767, Level 16, State 1, Server DESKTOP-BOF7AOF\LOCALDB#B10938FE, Line 2
Foreign key 'FK_Findings_SiteId' references invalid table 'Sites'.
Msg 1750, Level 16, State 1, Server DESKTOP-BOF7AOF\LOCALDB#B10938FE, Line 2
Could not create constraint or index. See previous errors.

FAIL: E:\ERPMicroservice\src\Services\auditServices\auditapiServices\tables\InvoiceAuditLog.sql
Msg 1767, Level 16, State 1, Server DESKTOP-BOF7AOF\LOCALDB#B10938FE, Line 2
Foreign key 'FK_InvoiceAuditLog_InvoiceId' references invalid table 'Invoices'.
Msg 1750, Level 16, State 1, Server DESKTOP-BOF7AOF\LOCALDB#B10938FE, Line 2
Could not create constraint or index. See previous errors.

FAIL: E:\ERPMicroservice\src\Services\auditServices\auditapiServices\tables\Invoices.sql
Msg 1767, Level 16, State 1, Server DESKTOP-BOF7AOF\LOCALDB#B10938FE, Line 2
Foreign key 'FK_Invoices_CompanyId' references invalid table 'Companies'.
Msg 1750, Level 16, State 1, Server DESKTOP-BOF7AOF\LOCALDB#B10938FE, Line 2
Could not create constraint or index. See previous errors.

FAIL: E:\ERPMicroservice\src\Services\auditServices\auditapiServices\tables\Notifications.sql
Msg 1767, Level 16, State 1, Server DESKTOP-BOF7AOF\LOCALDB#B10938FE, Line 2
Foreign key 'FK_Notifications_CompanyId' references invalid table 'Companies'.
Msg 1750, Level 16, State 1, Server DESKTOP-BOF7AOF\LOCALDB#B10938FE, Line 2
Could not create constraint or index. See previous errors.

FAIL: E:\ERPMicroservice\src\Services\auditServices\auditapiServices\tables\Sites.sql
Msg 1767, Level 16, State 1, Server DESKTOP-BOF7AOF\LOCALDB#B10938FE, Line 2
Foreign key 'FK_Sites_CompanyId' references invalid table 'Companies'.
Msg 1750, Level 16, State 1, Server DESKTOP-BOF7AOF\LOCALDB#B10938FE, Line 2
Could not create constraint or index. See previous errors.

FAIL: E:\ERPMicroservice\src\Services\auditServices\auditapiServices\tables\UserCityAccess.sql
Msg 1767, Level 16, State 1, Server DESKTOP-BOF7AOF\LOCALDB#B10938FE, Line 2
Foreign key 'FK_UserCityAccess_CityId' references invalid table 'Cities'.
Msg 1750, Level 16, State 1, Server DESKTOP-BOF7AOF\LOCALDB#B10938FE, Line 2
Could not create constraint or index. See previous errors.

FAIL: E:\ERPMicroservice\src\Services\auditServices\auditapiServices\tables\UserCompanyAccess.sql
Msg 1767, Level 16, State 1, Server DESKTOP-BOF7AOF\LOCALDB#B10938FE, Line 2
Foreign key 'FK_UserCompanyAccess_CompanyId' references invalid table 'Companies'.
Msg 1750, Level 16, State 1, Server DESKTOP-BOF7AOF\LOCALDB#B10938FE, Line 2
Could not create constraint or index. See previous errors.

FAIL: E:\ERPMicroservice\src\Services\auditServices\auditapiServices\tables\Users.sql
Msg 2714, Level 16, State 6, Server DESKTOP-BOF7AOF\LOCALDB#B10938FE, Line 2
There is already an object named 'Users' in the database.

FAIL: E:\ERPMicroservice\src\Services\auditServices\auditapiServices\tables\UserSiteAccess.sql
Msg 1767, Level 16, State 1, Server DESKTOP-BOF7AOF\LOCALDB#B10938FE, Line 2
Foreign key 'FK_UserSiteAccess_SiteId' references invalid table 'Sites'.
Msg 1750, Level 16, State 1, Server DESKTOP-BOF7AOF\LOCALDB#B10938FE, Line 2
Could not create constraint or index. See previous errors.

Result: OK=19 FAIL=30 of 49
==== SEEDS (e:\ERPMicroservice\src\Services\auditServices\auditapiServices\insert-scripts) ====
FAIL: E:\ERPMicroservice\src\Services\auditServices\auditapiServices\insert-scripts\AuditLogs_insert.sql
Msg 1088, Level 16, State 11, Server DESKTOP-BOF7AOF\LOCALDB#B10938FE, Line 4
Cannot find the object "dbo.AuditLogs" because it does not exist or you do not have permissions.

FAIL: E:\ERPMicroservice\src\Services\auditServices\auditapiServices\insert-scripts\AuditServices_insert.sql
Msg 208, Level 16, State 1, Server DESKTOP-BOF7AOF\LOCALDB#B10938FE, Line 4
Invalid object name 'dbo.AuditServices'.

FAIL: E:\ERPMicroservice\src\Services\auditServices\auditapiServices\insert-scripts\AuditSiteAudits_insert.sql
Msg 208, Level 16, State 1, Server DESKTOP-BOF7AOF\LOCALDB#B10938FE, Line 4
Invalid object name 'dbo.AuditSiteAudits'.

FAIL: E:\ERPMicroservice\src\Services\auditServices\auditapiServices\insert-scripts\AuditSites_insert.sql
Msg 208, Level 16, State 1, Server DESKTOP-BOF7AOF\LOCALDB#B10938FE, Line 4
Invalid object name 'dbo.AuditSites'.

FAIL: E:\ERPMicroservice\src\Services\auditServices\auditapiServices\insert-scripts\AuditTeamMembers_insert.sql
Msg 206, Level 16, State 2, Server DESKTOP-BOF7AOF\LOCALDB#B10938FE, Line 4
Operand type clash: uniqueidentifier is incompatible with int

FAIL: E:\ERPMicroservice\src\Services\auditServices\auditapiServices\insert-scripts\AuditTypes_insert.sql
Msg 207, Level 16, State 1, Server DESKTOP-BOF7AOF\LOCALDB#B10938FE, Line 6
Invalid column name 'TypeName'.
Msg 207, Level 16, State 1, Server DESKTOP-BOF7AOF\LOCALDB#B10938FE, Line 6
Invalid column name 'TypeCode'.
Msg 207, Level 16, State 1, Server DESKTOP-BOF7AOF\LOCALDB#B10938FE, Line 6
Invalid column name 'StandardDuration'.
Msg 207, Level 16, State 1, Server DESKTOP-BOF7AOF\LOCALDB#B10938FE, Line 6
Invalid column name 'TypeName'.
Msg 207, Level 16, State 1, Server DESKTOP-BOF7AOF\LOCALDB#B10938FE, Line 6
Invalid column name 'TypeCode'.
Msg 207, Level 16, State 1, Server DESKTOP-BOF7AOF\LOCALDB#B10938FE, Line 6
Invalid column name 'StandardDuration'.

FAIL: E:\ERPMicroservice\src\Services\auditServices\auditapiServices\insert-scripts\Certificates_insert.sql
Msg 1088, Level 16, State 11, Server DESKTOP-BOF7AOF\LOCALDB#B10938FE, Line 4
Cannot find the object "dbo.Certificates" because it does not exist or you do not have permissions.

FAIL: E:\ERPMicroservice\src\Services\auditServices\auditapiServices\insert-scripts\Cities_insert.sql
Msg 1088, Level 16, State 11, Server DESKTOP-BOF7AOF\LOCALDB#B10938FE, Line 4
Cannot find the object "dbo.Cities" because it does not exist or you do not have permissions.

FAIL: E:\ERPMicroservice\src\Services\auditServices\auditapiServices\insert-scripts\Companies_insert.sql
Msg 102, Level 15, State 1, Server DESKTOP-BOF7AOF\LOCALDB#B10938FE, Line 25
Incorrect syntax near 'Industria'.
Msg 132, Level 15, State 1, Server DESKTOP-BOF7AOF\LOCALDB#B10938FE, Line 28
The label 'https' has already been declared. Label names must be unique within a query batch or stored procedure.
Msg 132, Level 15, State 1, Server DESKTOP-BOF7AOF\LOCALDB#B10938FE, Line 31
The label 'https' has already been declared. Label names must be unique within a query batch or stored procedure.
Msg 132, Level 15, State 1, Server DESKTOP-BOF7AOF\LOCALDB#B10938FE, Line 34
The label 'https' has already been declared. Label names must be unique within a query batch or stored procedure.
Msg 132, Level 15, State 1, Server DESKTOP-BOF7AOF\LOCALDB#B10938FE, Line 37
The label 'https' has already been declared. Label names must be unique within a query batch or stored procedure.
Msg 132, Level 15, State 1, Server DESKTOP-BOF7AOF\LOCALDB#B10938FE, Line 40
The label 'https' has already been declared. Label names must be unique within a query batch or stored procedure.
Msg 132, Level 15, State 1, Server DESKTOP-BOF7AOF\LOCALDB#B10938FE, Line 43
The label 'https' has already been declared. Label names must be unique within a query batch or stored procedure.
Msg 132, Level 15, State 1, Server DESKTOP-BOF7AOF\LOCALDB#B10938FE, Line 46
The label 'https' has already been declared. Label names must be unique within a query batch or stored procedure.
Msg 132, Level 15, State 1, Server DESKTOP-BOF7AOF\LOCALDB#B10938FE, Line 49
The label 'https' has already been declared. Label names must be unique within a query batch or stored procedure.
Msg 132, Level 15, State 1, Server DESKTOP-BOF7AOF\LOCALDB#B10938FE, Line 52
The label 'https' has already been declared. Label names must be unique within a query batch or stored procedure.
Msg 132, Level 15, State 1, Server DESKTOP-BOF7AOF\LOCALDB#B10938FE, Line 55
The label 'https' has already been declared. Label names must be unique within a query batch or stored procedure.
Msg 319, Level 15, State 1, Server DESKTOP-BOF7AOF\LOCALDB#B10938FE, Line 58
Incorrect syntax near the keyword 'with'. If this statement is a common table expression, an xmlnamespaces clause or a change tracking context clause, the previous statement must be terminated with a semicolon.
Msg 132, Level 15, State 1, Server DESKTOP-BOF7AOF\LOCALDB#B10938FE, Line 58
The label 'https' has already been declared. Label names must be unique within a query batch or stored procedure.
Msg 132, Level 15, State 1, Server DESKTOP-BOF7AOF\LOCALDB#B10938FE, Line 60
The label 'https' has already been declared. Label names must be unique within a query batch or stored procedure.
Msg 132, Level 15, State 1, Server DESKTOP-BOF7AOF\LOCALDB#B10938FE, Line 63
The label 'https' has already been declared. Label names must be unique within a query batch or stored procedure.
Msg 132, Level 15, State 1, Server DESKTOP-BOF7AOF\LOCALDB#B10938FE, Line 65
The label 'https' has already been declared. Label names must be unique within a query batch or stored procedure.
Msg 105, Level 15, State 1, Server DESKTOP-BOF7AOF\LOCALDB#B10938FE, Line 65
Unclosed quotation mark after the character string ', 1, GETDATE(), GETDATE(), 1, 1);

SET IDENTITY_INSERT [dbo].[Companies] OFF;

-- Verify the insert
SELECT COUNT(*) as TotalCompanies FROM [dbo].[Companies];
SELECT Industry, COUNT(*) as Count FROM [dbo].[Companies] GROUP BY Industry ORDER BY Count DESC;
SELECT c.CompanyName, co.CountryName, ci.CityName, c.EmployeeCount 
FROM [dbo].[Companies] c 
LEFT JOIN [dbo].[Countries] co ON c.CountryId = co.CountryId 
LEFT JOIN [dbo].[Cities] ci ON c.CityId = ci.CityId 
ORDER BY c.EmployeeCount DESC;
'.

FAIL: E:\ERPMicroservice\src\Services\auditServices\auditapiServices\insert-scripts\FindingCategories_insert.sql
Msg 207, Level 16, State 1, Server DESKTOP-BOF7AOF\LOCALDB#B10938FE, Line 6
Invalid column name 'CategoryId'.
Msg 207, Level 16, State 1, Server DESKTOP-BOF7AOF\LOCALDB#B10938FE, Line 6
Invalid column name 'CategoryDescription'.
Msg 207, Level 16, State 1, Server DESKTOP-BOF7AOF\LOCALDB#B10938FE, Line 6
Invalid column name 'Severity'.
Msg 207, Level 16, State 1, Server DESKTOP-BOF7AOF\LOCALDB#B10938FE, Line 6
Invalid column name 'CategoryId'.
Msg 207, Level 16, State 1, Server DESKTOP-BOF7AOF\LOCALDB#B10938FE, Line 6
Invalid column name 'CategoryDescription'.
Msg 207, Level 16, State 1, Server DESKTOP-BOF7AOF\LOCALDB#B10938FE, Line 6
Invalid column name 'Severity'.
Msg 207, Level 16, State 1, Server DESKTOP-BOF7AOF\LOCALDB#B10938FE, Line 23
Invalid column name 'CategoryId'.

FAIL: E:\ERPMicroservice\src\Services\auditServices\auditapiServices\insert-scripts\Findings_insert.sql
Msg 1088, Level 16, State 11, Server DESKTOP-BOF7AOF\LOCALDB#B10938FE, Line 4
Cannot find the object "dbo.Findings" because it does not exist or you do not have permissions.

FAIL: E:\ERPMicroservice\src\Services\auditServices\auditapiServices\insert-scripts\FindingStatuses_insert.sql
Msg 207, Level 16, State 1, Server DESKTOP-BOF7AOF\LOCALDB#B10938FE, Line 6
Invalid column name 'StatusId'.
Msg 207, Level 16, State 1, Server DESKTOP-BOF7AOF\LOCALDB#B10938FE, Line 6
Invalid column name 'StatusDescription'.
Msg 207, Level 16, State 1, Server DESKTOP-BOF7AOF\LOCALDB#B10938FE, Line 6
Invalid column name 'SortOrder'.
Msg 207, Level 16, State 1, Server DESKTOP-BOF7AOF\LOCALDB#B10938FE, Line 6
Invalid column name 'StatusId'.
Msg 207, Level 16, State 1, Server DESKTOP-BOF7AOF\LOCALDB#B10938FE, Line 6
Invalid column name 'StatusDescription'.
Msg 207, Level 16, State 1, Server DESKTOP-BOF7AOF\LOCALDB#B10938FE, Line 6
Invalid column name 'SortOrder'.
Msg 207, Level 16, State 1, Server DESKTOP-BOF7AOF\LOCALDB#B10938FE, Line 21
Invalid column name 'SortOrder'.

FAIL: E:\ERPMicroservice\src\Services\auditServices\auditapiServices\insert-scripts\Invoices_insert.sql
Msg 1088, Level 16, State 11, Server DESKTOP-BOF7AOF\LOCALDB#B10938FE, Line 4
Cannot find the object "dbo.Invoices" because it does not exist or you do not have permissions.

FAIL: E:\ERPMicroservice\src\Services\auditServices\auditapiServices\insert-scripts\NotificationCategories_insert.sql
Msg 207, Level 16, State 1, Server DESKTOP-BOF7AOF\LOCALDB#B10938FE, Line 6
Invalid column name 'CategoryDescription'.
Msg 207, Level 16, State 1, Server DESKTOP-BOF7AOF\LOCALDB#B10938FE, Line 6
Invalid column name 'CategoryDescription'.

FAIL: E:\ERPMicroservice\src\Services\auditServices\auditapiServices\insert-scripts\Notifications_insert.sql
Msg 1088, Level 16, State 11, Server DESKTOP-BOF7AOF\LOCALDB#B10938FE, Line 4
Cannot find the object "dbo.Notifications" because it does not exist or you do not have permissions.

FAIL: E:\ERPMicroservice\src\Services\auditServices\auditapiServices\insert-scripts\Roles_insert.sql
Msg 207, Level 16, State 1, Server DESKTOP-BOF7AOF\LOCALDB#B10938FE, Line 6
Invalid column name 'RoleDescription'.
Msg 207, Level 16, State 1, Server DESKTOP-BOF7AOF\LOCALDB#B10938FE, Line 6
Invalid column name 'RoleDescription'.
Msg 207, Level 16, State 1, Server DESKTOP-BOF7AOF\LOCALDB#B10938FE, Line 52
Invalid column name 'RoleDescription'.

FAIL: E:\ERPMicroservice\src\Services\auditServices\auditapiServices\insert-scripts\Sites_insert.sql
Msg 1088, Level 16, State 11, Server DESKTOP-BOF7AOF\LOCALDB#B10938FE, Line 4
Cannot find the object "dbo.Sites" because it does not exist or you do not have permissions.

FAIL: E:\ERPMicroservice\src\Services\auditServices\auditapiServices\insert-scripts\Trainings_insert.sql
Msg 207, Level 16, State 1, Server DESKTOP-BOF7AOF\LOCALDB#B10938FE, Line 6
Invalid column name 'DeliveryMethod'.
Msg 207, Level 16, State 1, Server DESKTOP-BOF7AOF\LOCALDB#B10938FE, Line 6
Invalid column name 'UpdatedDate'.
Msg 207, Level 16, State 1, Server DESKTOP-BOF7AOF\LOCALDB#B10938FE, Line 6
Invalid column name 'UpdatedBy'.
Msg 207, Level 16, State 1, Server DESKTOP-BOF7AOF\LOCALDB#B10938FE, Line 6
Invalid column name 'DeliveryMethod'.
Msg 207, Level 16, State 1, Server DESKTOP-BOF7AOF\LOCALDB#B10938FE, Line 6
Invalid column name 'UpdatedDate'.
Msg 207, Level 16, State 1, Server DESKTOP-BOF7AOF\LOCALDB#B10938FE, Line 6
Invalid column name 'UpdatedBy'.
Msg 207, Level 16, State 1, Server DESKTOP-BOF7AOF\LOCALDB#B10938FE, Line 91
Invalid column name 'DeliveryMethod'.
Msg 207, Level 16, State 1, Server DESKTOP-BOF7AOF\LOCALDB#B10938FE, Line 92
Invalid column name 'DeliveryMethod'.
Msg 207, Level 16, State 1, Server DESKTOP-BOF7AOF\LOCALDB#B10938FE, Line 93
Invalid column name 'DeliveryMethod'.
Msg 207, Level 16, State 1, Server DESKTOP-BOF7AOF\LOCALDB#B10938FE, Line 108
Invalid column name 'DeliveryMethod'.
Msg 207, Level 16, State 1, Server DESKTOP-BOF7AOF\LOCALDB#B10938FE, Line 101
Invalid column name 'DeliveryMethod'.

FAIL: E:\ERPMicroservice\src\Services\auditServices\auditapiServices\insert-scripts\UserCompanyAccess_insert.sql
Msg 208, Level 16, State 1, Server DESKTOP-BOF7AOF\LOCALDB#B10938FE, Line 4
Invalid object name 'dbo.UserCompanyAccess'.

FAIL: E:\ERPMicroservice\src\Services\auditServices\auditapiServices\insert-scripts\UserPreferences_insert.sql
Msg 207, Level 16, State 1, Server DESKTOP-BOF7AOF\LOCALDB#B10938FE, Line 7
Invalid column name 'PreferenceId'.
Msg 207, Level 16, State 1, Server DESKTOP-BOF7AOF\LOCALDB#B10938FE, Line 7
Invalid column name 'PreferenceName'.
Msg 207, Level 16, State 1, Server DESKTOP-BOF7AOF\LOCALDB#B10938FE, Line 7
Invalid column name 'DataType'.
Msg 207, Level 16, State 1, Server DESKTOP-BOF7AOF\LOCALDB#B10938FE, Line 7
Invalid column name 'IsEditable'.
Msg 207, Level 16, State 1, Server DESKTOP-BOF7AOF\LOCALDB#B10938FE, Line 7
Invalid column name 'UpdatedDate'.
Msg 207, Level 16, State 1, Server DESKTOP-BOF7AOF\LOCALDB#B10938FE, Line 7
Invalid column name 'UpdatedBy'.
Msg 207, Level 16, State 1, Server DESKTOP-BOF7AOF\LOCALDB#B10938FE, Line 7
Invalid column name 'PreferenceId'.
Msg 207, Level 16, State 1, Server DESKTOP-BOF7AOF\LOCALDB#B10938FE, Line 7
Invalid column name 'PreferenceName'.
Msg 207, Level 16, State 1, Server DESKTOP-BOF7AOF\LOCALDB#B10938FE, Line 7
Invalid column name 'DataType'.
Msg 207, Level 16, State 1, Server DESKTOP-BOF7AOF\LOCALDB#B10938FE, Line 7
Invalid column name 'IsEditable'.
Msg 207, Level 16, State 1, Server DESKTOP-BOF7AOF\LOCALDB#B10938FE, Line 7
Invalid column name 'UpdatedDate'.
Msg 207, Level 16, State 1, Server DESKTOP-BOF7AOF\LOCALDB#B10938FE, Line 7
Invalid column name 'UpdatedBy'.
Msg 207, Level 16, State 1, Server DESKTOP-BOF7AOF\LOCALDB#B10938FE, Line 199
Invalid column name 'PreferenceName'.
Msg 207, Level 16, State 1, Server DESKTOP-BOF7AOF\LOCALDB#B10938FE, Line 199
Invalid column name 'PreferenceName'.
Msg 207, Level 16, State 1, Server DESKTOP-BOF7AOF\LOCALDB#B10938FE, Line 201
Invalid column name 'PreferenceName'.
Msg 207, Level 16, State 1, Server DESKTOP-BOF7AOF\LOCALDB#B10938FE, Line 195
Invalid column name 'PreferenceName'.
Msg 207, Level 16, State 1, Server DESKTOP-BOF7AOF\LOCALDB#B10938FE, Line 196
Invalid column name 'PreferenceName'.

FAIL: E:\ERPMicroservice\src\Services\auditServices\auditapiServices\insert-scripts\UserRoles_insert.sql
Msg 207, Level 16, State 1, Server DESKTOP-BOF7AOF\LOCALDB#B10938FE, Line 106
Invalid column name 'CompanyId'.
Msg 207, Level 16, State 1, Server DESKTOP-BOF7AOF\LOCALDB#B10938FE, Line 99
Invalid column name 'CompanyId'.
Msg 207, Level 16, State 1, Server DESKTOP-BOF7AOF\LOCALDB#B10938FE, Line 107
Invalid column name 'CompanyId'.

FAIL: E:\ERPMicroservice\src\Services\auditServices\auditapiServices\insert-scripts\UserServiceAccess_insert.sql
Msg 547, Level 16, State 1, Server DESKTOP-BOF7AOF\LOCALDB#B10938FE, Line 4
The INSERT statement conflicted with the CHECK constraint "CK_UserServiceAccess_AccessLevel". The conflict occurred in database "ERPAuditDB", table "dbo.UserServiceAccess", column 'AccessLevel'.
The statement has been terminated.
TotalServiceAccessRecords
-------------------------
                        0

(1 rows affected)
ServiceName                                                                                                                                                                                              UsersWithAccess AccessLevels                                                                                                                                                                                                                                                                                                                                                                                                                                                                                                                                                                                                                                                                                                                                                                                                                                                                                                                                                                                                                                                                                                                                                                                                                                                                                                                                                                                                                                                                                                                                                                                                                                                                                                                                                                                                                                                                                                                                                                                                                                                                                                                                                                                                                                                                                                                                                                                                                                                                                                                                                                                                                                                                                                                                                                                                                                                                                                                                                                                                                                                                                                                                                                                                                                                                                                                                                                                                                                                                                                                                                                                                                                                                                                                                                                                                                                                                                                                                                                                                                                                                                                                                                    
-------------------------------------------------------------------------------------------------------------------------------------------------------------------------------------------------------- --------------- ----------------------------------------------------------------------------------------------------------------------------------------------------------------------------------------------------------------------------------------------------------------------------------------------------------------------------------------------------------------------------------------------------------------------------------------------------------------------------------------------------------------------------------------------------------------------------------------------------------------------------------------------------------------------------------------------------------------------------------------------------------------------------------------------------------------------------------------------------------------------------------------------------------------------------------------------------------------------------------------------------------------------------------------------------------------------------------------------------------------------------------------------------------------------------------------------------------------------------------------------------------------------------------------------------------------------------------------------------------------------------------------------------------------------------------------------------------------------------------------------------------------------------------------------------------------------------------------------------------------------------------------------------------------------------------------------------------------------------------------------------------------------------------------------------------------------------------------------------------------------------------------------------------------------------------------------------------------------------------------------------------------------------------------------------------------------------------------------------------------------------------------------------------------------------------------------------------------------------------------------------------------------------------------------------------------------------------------------------------------------------------------------------------------------------------------------------------------------------------------------------------------------------------------------------------------------------------------------------------------------------------------------------------------------------------------------------------------------------------------------------------------------------------------------------------------------------------------------------------------------------------------------------------------------------------------------------------------------------------------------------------------------------------------------------------------------------------------------------------------------------------------------------------------------------------------------------------------------------------------------------------------------------------------------------------------------------------------------------------------------------------------------------------------------------------------------------------------------------------------------------------------------------------------------------------------------------------------------------------------------------------------------------------------------------------------------------------------------------------------------------------------------------------------------------------------------------------------------------------------------------------------------------------------------------------------------------------------------------------------------------------------------------------------------------------------------------------------------------------------------------------------------------------------
AS9100 Aerospace Quality Management                                                                                                                                                                                    0 NULL                                                                                                                                                                                                                                                                                                                                                                                                                                                                                                                                                                                                                                                                                                                                                                                                                                                                                                                                                                                                                                                                                                                                                                                                                                                                                                                                                                                                                                                                                                                                                                                                                                                                                                                                                                                                                                                                                                                                                                                                                                                                                                                                                                                                                                                                                                                                                                                                                                                                                                                                                                                                                                                                                                                                                                                                                                                                                                                                                                                                                                                                                                                                                                                                                                                                                                                                                                                                                                                                                                                                                                                                                                                                                                                                                                                                                                                                                                                                                                                                                                                                                                                                                            
BRC Global Standard for Food Safety                                                                                                                                                                                    0 NULL                                                                                                                                                                                                                                                                                                                                                                                                                                                                                                                                                                                                                                                                                                                                                                                                                                                                                                                                                                                                                                                                                                                                                                                                                                                                                                                                                                                                                                                                                                                                                                                                                                                                                                                                                                                                                                                                                                                                                                                                                                                                                                                                                                                                                                                                                                                                                                                                                                                                                                                                                                                                                                                                                                                                                                                                                                                                                                                                                                                                                                                                                                                                                                                                                                                                                                                                                                                                                                                                                                                                                                                                                                                                                                                                                                                                                                                                                                                                                                                                                                                                                                                                                            
FSSC 22000 Food Safety System                                                                                                                                                                                          0 NULL                                                                                                                                                                                                                                                                                                                                                                                                                                                                                                                                                                                                                                                                                                                                                                                                                                                                                                                                                                                                                                                                                                                                                                                                                                                                                                                                                                                                                                                                                                                                                                                                                                                                                                                                                                                                                                                                                                                                                                                                                                                                                                                                                                                                                                                                                                                                                                                                                                                                                                                                                                                                                                                                                                                                                                                                                                                                                                                                                                                                                                                                                                                                                                                                                                                                                                                                                                                                                                                                                                                                                                                                                                                                                                                                                                                                                                                                                                                                                                                                                                                                                                                                                            
Gap Analysis Assessment                                                                                                                                                                                                0 NULL                                                                                                                                                                                                                                                                                                                                                                                                                                                                                                                                                                                                                                                                                                                                                                                                                                                                                                                                                                                                                                                                                                                                                                                                                                                                                                                                                                                                                                                                                                                                                                                                                                                                                                                                                                                                                                                                                                                                                                                                                                                                                                                                                                                                                                                                                                                                                                                                                                                                                                                                                                                                                                                                                                                                                                                                                                                                                                                                                                                                                                                                                                                                                                                                                                                                                                                                                                                                                                                                                                                                                                                                                                                                                                                                                                                                                                                                                                                                                                                                                                                                                                                                                            
HACCP Hazard Analysis                                                                                                                                                                                                  0 NULL                                                                                                                                                                                                                                                                                                                                                                                                                                                                                                                                                                                                                                                                                                                                                                                                                                                                                                                                                                                                                                                                                                                                                                                                                                                                                                                                                                                                                                                                                                                                                                                                                                                                                                                                                                                                                                                                                                                                                                                                                                                                                                                                                                                                                                                                                                                                                                                                                                                                                                                                                                                                                                                                                                                                                                                                                                                                                                                                                                                                                                                                                                                                                                                                                                                                                                                                                                                                                                                                                                                                                                                                                                                                                                                                                                                                                                                                                                                                                                                                                                                                                                                                                            
Internal Auditor Training - QMS                                                                                                                                                                                        0 NULL                                                                                                                                                                                                                                                                                                                                                                                                                                                                                                                                                                                                                                                                                                                                                                                                                                                                                                                                                                                                                                                                                                                                                                                                                                                                                                                                                                                                                                                                                                                                                                                                                                                                                                                                                                                                                                                                                                                                                                                                                                                                                                                                                                                                                                                                                                                                                                                                                                                                                                                                                                                                                                                                                                                                                                                                                                                                                                                                                                                                                                                                                                                                                                                                                                                                                                                                                                                                                                                                                                                                                                                                                                                                                                                                                                                                                                                                                                                                                                                                                                                                                                                                                            
ISM International Safety Management                                                                                                                                                                                    0 NULL                                                                                                                                                                                                                                                                                                                                                                                                                                                                                                                                                                                                                                                                                                                                                                                                                                                                                                                                                                                                                                                                                                                                                                                                                                                                                                                                                                                                                                                                                                                                                                                                                                                                                                                                                                                                                                                                                                                                                                                                                                                                                                                                                                                                                                                                                                                                                                                                                                                                                                                                                                                                                                                                                                                                                                                                                                                                                                                                                                                                                                                                                                                                                                                                                                                                                                                                                                                                                                                                                                                                                                                                                                                                                                                                                                                                                                                                                                                                                                                                                                                                                                                                                            
ISO 13485 Medical Devices Quality                                                                                                                                                                                      0 NULL                                                                                                                                                                                                                                                                                                                                                                                                                                                                                                                                                                                                                                                                                                                                                                                                                                                                                                                                                                                                                                                                                                                                                                                                                                                                                                                                                                                                                                                                                                                                                                                                                                                                                                                                                                                                                                                                                                                                                                                                                                                                                                                                                                                                                                                                                                                                                                                                                                                                                                                                                                                                                                                                                                                                                                                                                                                                                                                                                                                                                                                                                                                                                                                                                                                                                                                                                                                                                                                                                                                                                                                                                                                                                                                                                                                                                                                                                                                                                                                                                                                                                                                                                            
ISO 14001 Environmental Management System                                                                                                                                                                              0 NULL                                                                                                                                                                                                                                                                                                                                                                                                                                                                                                                                                                                                                                                                                                                                                                                                                                                                                                                                                                                                                                                                                                                                                                                                                                                                                                                                                                                                                                                                                                                                                                                                                                                                                                                                                                                                                                                                                                                                                                                                                                                                                                                                                                                                                                                                                                                                                                                                                                                                                                                                                                                                                                                                                                                                                                                                                                                                                                                                                                                                                                                                                                                                                                                                                                                                                                                                                                                                                                                                                                                                                                                                                                                                                                                                                                                                                                                                                                                                                                                                                                                                                                                                                            
ISO 14001 Lead Auditor Training                                                                                                                                                                                        0 NULL                                                                                                                                                                                                                                                                                                                                                                                                                                                                                                                                                                                                                                                                                                                                                                                                                                                                                                                                                                                                                                                                                                                                                                                                                                                                                                                                                                                                                                                                                                                                                                                                                                                                                                                                                                                                                                                                                                                                                                                                                                                                                                                                                                                                                                                                                                                                                                                                                                                                                                                                                                                                                                                                                                                                                                                                                                                                                                                                                                                                                                                                                                                                                                                                                                                                                                                                                                                                                                                                                                                                                                                                                                                                                                                                                                                                                                                                                                                                                                                                                                                                                                                                                            
ISO 22000 Food Safety Management                                                                                                                                                                                       0 NULL                                                                                                                                                                                                                                                                                                                                                                                                                                                                                                                                                                                                                                                                                                                                                                                                                                                                                                                                                                                                                                                                                                                                                                                                                                                                                                                                                                                                                                                                                                                                                                                                                                                                                                                                                                                                                                                                                                                                                                                                                                                                                                                                                                                                                                                                                                                                                                                                                                                                                                                                                                                                                                                                                                                                                                                                                                                                                                                                                                                                                                                                                                                                                                                                                                                                                                                                                                                                                                                                                                                                                                                                                                                                                                                                                                                                                                                                                                                                                                                                                                                                                                                                                            
ISO 22301 Business Continuity Management                                                                                                                                                                               0 NULL                                                                                                                                                                                                                                                                                                                                                                                                                                                                                                                                                                                                                                                                                                                                                                                                                                                                                                                                                                                                                                                                                                                                                                                                                                                                                                                                                                                                                                                                                                                                                                                                                                                                                                                                                                                                                                                                                                                                                                                                                                                                                                                                                                                                                                                                                                                                                                                                                                                                                                                                                                                                                                                                                                                                                                                                                                                                                                                                                                                                                                                                                                                                                                                                                                                                                                                                                                                                                                                                                                                                                                                                                                                                                                                                                                                                                                                                                                                                                                                                                                                                                                                                                            
ISO 26000 Social Responsibility                                                                                                                                                                                        0 NULL                                                                                                                                                                                                                                                                                                                                                                                                                                                                                                                                                                                                                                                                                                                                                                                                                                                                                                                                                                                                                                                                                                                                                                                                                                                                                                                                                                                                                                                                                                                                                                                                                                                                                                                                                                                                                                                                                                                                                                                                                                                                                                                                                                                                                                                                                                                                                                                                                                                                                                                                                                                                                                                                                                                                                                                                                                                                                                                                                                                                                                                                                                                                                                                                                                                                                                                                                                                                                                                                                                                                                                                                                                                                                                                                                                                                                                                                                                                                                                                                                                                                                                                                                            
ISO 27001 Information Security Management                                                                                                                                                                              0 NULL                                                                                                                                                                                                                                                                                                                                                                                                                                                                                                                                                                                                                                                                                                                                                                                                                                                                                                                                                                                                                                                                                                                                                                                                                                                                                                                                                                                                                                                                                                                                                                                                                                                                                                                                                                                                                                                                                                                                                                                                                                                                                                                                                                                                                                                                                                                                                                                                                                                                                                                                                                                                                                                                                                                                                                                                                                                                                                                                                                                                                                                                                                                                                                                                                                                                                                                                                                                                                                                                                                                                                                                                                                                                                                                                                                                                                                                                                                                                                                                                                                                                                                                                                            
ISO 29001 Oil and Gas Quality                                                                                                                                                                                          0 NULL                                                                                                                                                                                                                                                                                                                                                                                                                                                                                                                                                                                                                                                                                                                                                                                                                                                                                                                                                                                                                                                                                                                                                                                                                                                                                                                                                                                                                                                                                                                                                                                                                                                                                                                                                                                                                                                                                                                                                                                                                                                                                                                                                                                                                                                                                                                                                                                                                                                                                                                                                                                                                                                                                                                                                                                                                                                                                                                                                                                                                                                                                                                                                                                                                                                                                                                                                                                                                                                                                                                                                                                                                                                                                                                                                                                                                                                                                                                                                                                                                                                                                                                                                            
ISO 31000 Risk Management                                                                                                                                                                                              0 NULL                                                                                                                                                                                                                                                                                                                                                                                                                                                                                                                                                                                                                                                                                                                                                                                                                                                                                                                                                                                                                                                                                                                                                                                                                                                                                                                                                                                                                                                                                                                                                                                                                                                                                                                                                                                                                                                                                                                                                                                                                                                                                                                                                                                                                                                                                                                                                                                                                                                                                                                                                                                                                                                                                                                                                                                                                                                                                                                                                                                                                                                                                                                                                                                                                                                                                                                                                                                                                                                                                                                                                                                                                                                                                                                                                                                                                                                                                                                                                                                                                                                                                                                                                            
ISO 45001 Lead Auditor Training                                                                                                                                                                                        0 NULL                                                                                                                                                                                                                                                                                                                                                                                                                                                                                                                                                                                                                                                                                                                                                                                                                                                                                                                                                                                                                                                                                                                                                                                                                                                                                                                                                                                                                                                                                                                                                                                                                                                                                                                                                                                                                                                                                                                                                                                                                                                                                                                                                                                                                                                                                                                                                                                                                                                                                                                                                                                                                                                                                                                                                                                                                                                                                                                                                                                                                                                                                                                                                                                                                                                                                                                                                                                                                                                                                                                                                                                                                                                                                                                                                                                                                                                                                                                                                                                                                                                                                                                                                            
ISO 45001 Occupational Health and Safety                                                                                                                                                                               0 NULL                                                                                                                                                                                                                                                                                                                                                                                                                                                                                                                                                                                                                                                                                                                                                                                                                                                                                                                                                                                                                                                                                                                                                                                                                                                                                                                                                                                                                                                                                                                                                                                                                                                                                                                                                                                                                                                                                                                                                                                                                                                                                                                                                                                                                                                                                                                                                                                                                                                                                                                                                                                                                                                                                                                                                                                                                                                                                                                                                                                                                                                                                                                                                                                                                                                                                                                                                                                                                                                                                                                                                                                                                                                                                                                                                                                                                                                                                                                                                                                                                                                                                                                                                            
ISO 50001 Energy Management System                                                                                                                                                                                     0 NULL                                                                                                                                                                                                                                                                                                                                                                                                                                                                                                                                                                                                                                                                                                                                                                                                                                                                                                                                                                                                                                                                                                                                                                                                                                                                                                                                                                                                                                                                                                                                                                                                                                                                                                                                                                                                                                                                                                                                                                                                                                                                                                                                                                                                                                                                                                                                                                                                                                                                                                                                                                                                                                                                                                                                                                                                                                                                                                                                                                                                                                                                                                                                                                                                                                                                                                                                                                                                                                                                                                                                                                                                                                                                                                                                                                                                                                                                                                                                                                                                                                                                                                                                                            
ISO 9001 Lead Auditor Training                                                                                                                                                                                         0 NULL                                                                                                                                                                                                                                                                                                                                                                                                                                                                                                                                                                                                                                                                                                                                                                                                                                                                                                                                                                                                                                                                                                                                                                                                                                                                                                                                                                                                                                                                                                                                                                                                                                                                                                                                                                                                                                                                                                                                                                                                                                                                                                                                                                                                                                                                                                                                                                                                                                                                                                                                                                                                                                                                                                                                                                                                                                                                                                                                                                                                                                                                                                                                                                                                                                                                                                                                                                                                                                                                                                                                                                                                                                                                                                                                                                                                                                                                                                                                                                                                                                                                                                                                                            
ISO 9001 Quality Management System                                                                                                                                                                                     0 NULL                                                                                                                                                                                                                                                                                                                                                                                                                                                                                                                                                                                                                                                                                                                                                                                                                                                                                                                                                                                                                                                                                                                                                                                                                                                                                                                                                                                                                                                                                                                                                                                                                                                                                                                                                                                                                                                                                                                                                                                                                                                                                                                                                                                                                                                                                                                                                                                                                                                                                                                                                                                                                                                                                                                                                                                                                                                                                                                                                                                                                                                                                                                                                                                                                                                                                                                                                                                                                                                                                                                                                                                                                                                                                                                                                                                                                                                                                                                                                                                                                                                                                                                                                            
ISO Implementation Consulting                                                                                                                                                                                          0 NULL                                                                                                                                                                                                                                                                                                                                                                                                                                                                                                                                                                                                                                                                                                                                                                                                                                                                                                                                                                                                                                                                                                                                                                                                                                                                                                                                                                                                                                                                                                                                                                                                                                                                                                                                                                                                                                                                                                                                                                                                                                                                                                                                                                                                                                                                                                                                                                                                                                                                                                                                                                                                                                                                                                                                                                                                                                                                                                                                                                                                                                                                                                                                                                                                                                                                                                                                                                                                                                                                                                                                                                                                                                                                                                                                                                                                                                                                                                                                                                                                                                                                                                                                                            
ISO/TS 16949 Automotive Quality                                                                                                                                                                                        0 NULL                                                                                                                                                                                                                                                                                                                                                                                                                                                                                                                                                                                                                                                                                                                                                                                                                                                                                                                                                                                                                                                                                                                                                                                                                                                                                                                                                                                                                                                                                                                                                                                                                                                                                                                                                                                                                                                                                                                                                                                                                                                                                                                                                                                                                                                                                                                                                                                                                                                                                                                                                                                                                                                                                                                                                                                                                                                                                                                                                                                                                                                                                                                                                                                                                                                                                                                                                                                                                                                                                                                                                                                                                                                                                                                                                                                                                                                                                                                                                                                                                                                                                                                                                            
Management System Review                                                                                                                                                                                               0 NULL                                                                                                                                                                                                                                                                                                                                                                                                                                                                                                                                                                                                                                                                                                                                                                                                                                                                                                                                                                                                                                                                                                                                                                                                                                                                                                                                                                                                                                                                                                                                                                                                                                                                                                                                                                                                                                                                                                                                                                                                                                                                                                                                                                                                                                                                                                                                                                                                                                                                                                                                                                                                                                                                                                                                                                                                                                                                                                                                                                                                                                                                                                                                                                                                                                                                                                                                                                                                                                                                                                                                                                                                                                                                                                                                                                                                                                                                                                                                                                                                                                                                                                                                                            
MLC Maritime Labour Convention                                                                                                                                                                                         0 NULL                                                                                                                                                                                                                                                                                                                                                                                                                                                                                                                                                                                                                                                                                                                                                                                                                                                                                                                                                                                                                                                                                                                                                                                                                                                                                                                                                                                                                                                                                                                                                                                                                                                                                                                                                                                                                                                                                                                                                                                                                                                                                                                                                                                                                                                                                                                                                                                                                                                                                                                                                                                                                                                                                                                                                                                                                                                                                                                                                                                                                                                                                                                                                                                                                                                                                                                                                                                                                                                                                                                                                                                                                                                                                                                                                                                                                                                                                                                                                                                                                                                                                                                                                            
OHSAS 18001 Health and Safety (Legacy)                                                                                                                                                                                 0 NULL                                                                                                                                                                                                                                                                                                                                                                                                                                                                                                                                                                                                                                                                                                                                                                                                                                                                                                                                                                                                                                                                                                                                                                                                                                                                                                                                                                                                                                                                                                                                                                                                                                                                                                                                                                                                                                                                                                                                                                                                                                                                                                                                                                                                                                                                                                                                                                                                                                                                                                                                                                                                                                                                                                                                                                                                                                                                                                                                                                                                                                                                                                                                                                                                                                                                                                                                                                                                                                                                                                                                                                                                                                                                                                                                                                                                                                                                                                                                                                                                                                                                                                                                                            
Pre-Assessment Audit                                                                                                                                                                                                   0 NULL                                                                                                                                                                                                                                                                                                                                                                                                                                                                                                                                                                                                                                                                                                                                                                                                                                                                                                                                                                                                                                                                                                                                                                                                                                                                                                                                                                                                                                                                                                                                                                                                                                                                                                                                                                                                                                                                                                                                                                                                                                                                                                                                                                                                                                                                                                                                                                                                                                                                                                                                                                                                                                                                                                                                                                                                                                                                                                                                                                                                                                                                                                                                                                                                                                                                                                                                                                                                                                                                                                                                                                                                                                                                                                                                                                                                                                                                                                                                                                                                                                                                                                                                                            
Recertification Audit                                                                                                                                                                                                  0 NULL                                                                                                                                                                                                                                                                                                                                                                                                                                                                                                                                                                                                                                                                                                                                                                                                                                                                                                                                                                                                                                                                                                                                                                                                                                                                                                                                                                                                                                                                                                                                                                                                                                                                                                                                                                                                                                                                                                                                                                                                                                                                                                                                                                                                                                                                                                                                                                                                                                                                                                                                                                                                                                                                                                                                                                                                                                                                                                                                                                                                                                                                                                                                                                                                                                                                                                                                                                                                                                                                                                                                                                                                                                                                                                                                                                                                                                                                                                                                                                                                                                                                                                                                                            
Root Cause Analysis Training                                                                                                                                                                                           0 NULL                                                                                                                                                                                                                                                                                                                                                                                                                                                                                                                                                                                                                                                                                                                                                                                                                                                                                                                                                                                                                                                                                                                                                                                                                                                                                                                                                                                                                                                                                                                                                                                                                                                                                                                                                                                                                                                                                                                                                                                                                                                                                                                                                                                                                                                                                                                                                                                                                                                                                                                                                                                                                                                                                                                                                                                                                                                                                                                                                                                                                                                                                                                                                                                                                                                                                                                                                                                                                                                                                                                                                                                                                                                                                                                                                                                                                                                                                                                                                                                                                                                                                                                                                            
Surveillance Audit                                                                                                                                                                                                     0 NULL                                                                                                                                                                                                                                                                                                                                                                                                                                                                                                                                                                                                                                                                                                                                                                                                                                                                                                                                                                                                                                                                                                                                                                                                                                                                                                                                                                                                                                                                                                                                                                                                                                                                                                                                                                                                                                                                                                                                                                                                                                                                                                                                                                                                                                                                                                                                                                                                                                                                                                                                                                                                                                                                                                                                                                                                                                                                                                                                                                                                                                                                                                                                                                                                                                                                                                                                                                                                                                                                                                                                                                                                                                                                                                                                                                                                                                                                                                                                                                                                                                                                                                                                                            

(30 rows affected)
AccessLevel                                        Count      
-------------------------------------------------- -----------

(0 rows affected)
ServiceCategory        ServicesCount TotalUserAccess
---------------------- ------------- ---------------
Environmental                      2               0
Food Safety                        1               0
Health & Safety                    7               0
Information Security               1               0
Maritime & Energy                  1               0
Other Specialized                 11               0
Quality Management                 6               0
Renewable Energy                   1               0

(8 rows affected)

FAIL: E:\ERPMicroservice\src\Services\auditServices\auditapiServices\insert-scripts\UserSiteAccess_insert.sql
Msg 208, Level 16, State 1, Server DESKTOP-BOF7AOF\LOCALDB#B10938FE, Line 4
Invalid object name 'dbo.UserSiteAccess'.

FAIL: E:\ERPMicroservice\src\Services\auditServices\auditapiServices\insert-scripts\UserTrainings_insert.sql
Msg 207, Level 16, State 1, Server DESKTOP-BOF7AOF\LOCALDB#B10938FE, Line 6
Invalid column name 'CertificationNumber'.
Msg 207, Level 16, State 1, Server DESKTOP-BOF7AOF\LOCALDB#B10938FE, Line 6
Invalid column name 'ExpiryDate'.
Msg 207, Level 16, State 1, Server DESKTOP-BOF7AOF\LOCALDB#B10938FE, Line 6
Invalid column name 'Comments'.
Msg 207, Level 16, State 1, Server DESKTOP-BOF7AOF\LOCALDB#B10938FE, Line 6
Invalid column name 'UpdatedDate'.
Msg 207, Level 16, State 1, Server DESKTOP-BOF7AOF\LOCALDB#B10938FE, Line 6
Invalid column name 'UpdatedBy'.
Msg 207, Level 16, State 1, Server DESKTOP-BOF7AOF\LOCALDB#B10938FE, Line 6
Invalid column name 'CertificationNumber'.
Msg 207, Level 16, State 1, Server DESKTOP-BOF7AOF\LOCALDB#B10938FE, Line 6
Invalid column name 'ExpiryDate'.
Msg 207, Level 16, State 1, Server DESKTOP-BOF7AOF\LOCALDB#B10938FE, Line 6
Invalid column name 'Comments'.
Msg 207, Level 16, State 1, Server DESKTOP-BOF7AOF\LOCALDB#B10938FE, Line 6
Invalid column name 'UpdatedDate'.
Msg 207, Level 16, State 1, Server DESKTOP-BOF7AOF\LOCALDB#B10938FE, Line 6
Invalid column name 'UpdatedBy'.
Msg 207, Level 16, State 1, Server DESKTOP-BOF7AOF\LOCALDB#B10938FE, Line 127
Invalid column name 'CompanyId'.
Msg 207, Level 16, State 1, Server DESKTOP-BOF7AOF\LOCALDB#B10938FE, Line 117
Invalid column name 'CompanyId'.

Result: OK=4 FAIL=24 of 28
==== STORED PROCS (e:\ERPMicroservice\src\Services\auditServices\auditapiServices\Stored-procedure) ====
FAIL: E:\ERPMicroservice\src\Services\auditServices\auditapiServices\Stored-procedure\Actions\Sp_ActionFilterCompanies.sql
Msg 319, Level 15, State 1, Server DESKTOP-BOF7AOF\LOCALDB#B10938FE, Procedure Sp_ActionFilterCompanies, Line 38
Incorrect syntax near the keyword 'with'. If this statement is a common table expression, an xmlnamespaces clause or a change tracking context clause, the previous statement must be terminated with a semicolon.
Msg 102, Level 15, State 1, Server DESKTOP-BOF7AOF\LOCALDB#B10938FE, Procedure Sp_ActionFilterCompanies, Line 41
Incorrect syntax near ','.

FAIL: E:\ERPMicroservice\src\Services\auditServices\auditapiServices\Stored-procedure\Actions\Sp_ActionFilterServices.sql
Msg 319, Level 15, State 1, Server DESKTOP-BOF7AOF\LOCALDB#B10938FE, Procedure Sp_ActionFilterServices, Line 36
Incorrect syntax near the keyword 'with'. If this statement is a common table expression, an xmlnamespaces clause or a change tracking context clause, the previous statement must be terminated with a semicolon.
Msg 102, Level 15, State 1, Server DESKTOP-BOF7AOF\LOCALDB#B10938FE, Procedure Sp_ActionFilterServices, Line 39
Incorrect syntax near ','.

FAIL: E:\ERPMicroservice\src\Services\auditServices\auditapiServices\Stored-procedure\Audits\Sp_GetAuditDaysByMonthAndService.sql
Msg 319, Level 15, State 1, Server DESKTOP-BOF7AOF\LOCALDB#B10938FE, Procedure Sp_GetAuditDaysByMonthAndService, Line 50
Incorrect syntax near the keyword 'with'. If this statement is a common table expression, an xmlnamespaces clause or a change tracking context clause, the previous statement must be terminated with a semicolon.
Msg 156, Level 15, State 1, Server DESKTOP-BOF7AOF\LOCALDB#B10938FE, Procedure Sp_GetAuditDaysByMonthAndService, Line 71
Incorrect syntax near the keyword 'SELECT'.
Msg 102, Level 15, State 1, Server DESKTOP-BOF7AOF\LOCALDB#B10938FE, Procedure Sp_GetAuditDaysByMonthAndService, Line 71
Incorrect syntax near ')'.
Msg 102, Level 15, State 1, Server DESKTOP-BOF7AOF\LOCALDB#B10938FE, Procedure Sp_GetAuditDaysByMonthAndService, Line 75
Incorrect syntax near '='.
Msg 156, Level 15, State 1, Server DESKTOP-BOF7AOF\LOCALDB#B10938FE, Procedure Sp_GetAuditDaysByMonthAndService, Line 78
Incorrect syntax near the keyword 'SELECT'.
Msg 102, Level 15, State 1, Server DESKTOP-BOF7AOF\LOCALDB#B10938FE, Procedure Sp_GetAuditDaysByMonthAndService, Line 78
Incorrect syntax near ')'.
Msg 156, Level 15, State 1, Server DESKTOP-BOF7AOF\LOCALDB#B10938FE, Procedure Sp_GetAuditDaysByMonthAndService, Line 97
Incorrect syntax near the keyword 'SELECT'.
Msg 102, Level 15, State 1, Server DESKTOP-BOF7AOF\LOCALDB#B10938FE, Procedure Sp_GetAuditDaysByMonthAndService, Line 97
Incorrect syntax near ')'.
Msg 102, Level 15, State 1, Server DESKTOP-BOF7AOF\LOCALDB#B10938FE, Procedure Sp_GetAuditDaysByMonthAndService, Line 107
Incorrect syntax near ')'.
Msg 102, Level 15, State 1, Server DESKTOP-BOF7AOF\LOCALDB#B10938FE, Procedure Sp_GetAuditDaysByMonthAndService, Line 114
Incorrect syntax near ')'.
Msg 156, Level 15, State 1, Server DESKTOP-BOF7AOF\LOCALDB#B10938FE, Procedure Sp_GetAuditDaysByMonthAndService, Line 119
Incorrect syntax near the keyword 'SELECT'.
Msg 102, Level 15, State 1, Server DESKTOP-BOF7AOF\LOCALDB#B10938FE, Procedure Sp_GetAuditDaysByMonthAndService, Line 124
Incorrect syntax near ')'.

FAIL: E:\ERPMicroservice\src\Services\auditServices\auditapiServices\Stored-procedure\Audits\Sp_GetAuditDaysByService.sql
Msg 319, Level 15, State 1, Server DESKTOP-BOF7AOF\LOCALDB#B10938FE, Procedure Sp_GetAuditDaysByService, Line 50
Incorrect syntax near the keyword 'with'. If this statement is a common table expression, an xmlnamespaces clause or a change tracking context clause, the previous statement must be terminated with a semicolon.
Msg 156, Level 15, State 1, Server DESKTOP-BOF7AOF\LOCALDB#B10938FE, Procedure Sp_GetAuditDaysByService, Line 68
Incorrect syntax near the keyword 'SELECT'.
Msg 102, Level 15, State 1, Server DESKTOP-BOF7AOF\LOCALDB#B10938FE, Procedure Sp_GetAuditDaysByService, Line 68
Incorrect syntax near ')'.
Msg 102, Level 15, State 1, Server DESKTOP-BOF7AOF\LOCALDB#B10938FE, Procedure Sp_GetAuditDaysByService, Line 72
Incorrect syntax near '='.
Msg 156, Level 15, State 1, Server DESKTOP-BOF7AOF\LOCALDB#B10938FE, Procedure Sp_GetAuditDaysByService, Line 75
Incorrect syntax near the keyword 'SELECT'.
Msg 102, Level 15, State 1, Server DESKTOP-BOF7AOF\LOCALDB#B10938FE, Procedure Sp_GetAuditDaysByService, Line 75
Incorrect syntax near ')'.
Msg 156, Level 15, State 1, Server DESKTOP-BOF7AOF\LOCALDB#B10938FE, Procedure Sp_GetAuditDaysByService, Line 89
Incorrect syntax near the keyword 'SELECT'.
Msg 102, Level 15, State 1, Server DESKTOP-BOF7AOF\LOCALDB#B10938FE, Procedure Sp_GetAuditDaysByService, Line 89
Incorrect syntax near ')'.
Msg 102, Level 15, State 1, Server DESKTOP-BOF7AOF\LOCALDB#B10938FE, Procedure Sp_GetAuditDaysByService, Line 98
Incorrect syntax near ')'.
Msg 102, Level 15, State 1, Server DESKTOP-BOF7AOF\LOCALDB#B10938FE, Procedure Sp_GetAuditDaysByService, Line 102
Incorrect syntax near ')'.
Msg 102, Level 15, State 1, Server DESKTOP-BOF7AOF\LOCALDB#B10938FE, Procedure Sp_GetAuditDaysByService, Line 116
Incorrect syntax near ')'.

FAIL: E:\ERPMicroservice\src\Services\auditServices\auditapiServices\Stored-procedure\Audits\Sp_GetAuditDaysGrid.sql
Msg 319, Level 15, State 1, Server DESKTOP-BOF7AOF\LOCALDB#B10938FE, Procedure Sp_GetAuditDaysGrid, Line 51
Incorrect syntax near the keyword 'with'. If this statement is a common table expression, an xmlnamespaces clause or a change tracking context clause, the previous statement must be terminated with a semicolon.
Msg 156, Level 15, State 1, Server DESKTOP-BOF7AOF\LOCALDB#B10938FE, Procedure Sp_GetAuditDaysGrid, Line 77
Incorrect syntax near the keyword 'SELECT'.
Msg 102, Level 15, State 1, Server DESKTOP-BOF7AOF\LOCALDB#B10938FE, Procedure Sp_GetAuditDaysGrid, Line 77
Incorrect syntax near ')'.
Msg 102, Level 15, State 1, Server DESKTOP-BOF7AOF\LOCALDB#B10938FE, Procedure Sp_GetAuditDaysGrid, Line 81
Incorrect syntax near '='.
Msg 102, Level 15, State 1, Server DESKTOP-BOF7AOF\LOCALDB#B10938FE, Procedure Sp_GetAuditDaysGrid, Line 82
Incorrect syntax near ')'.
Msg 102, Level 15, State 1, Server DESKTOP-BOF7AOF\LOCALDB#B10938FE, Procedure Sp_GetAuditDaysGrid, Line 86
Incorrect syntax near '='.
Msg 102, Level 15, State 1, Server DESKTOP-BOF7AOF\LOCALDB#B10938FE, Procedure Sp_GetAuditDaysGrid, Line 87
Incorrect syntax near ')'.
Msg 102, Level 15, State 1, Server DESKTOP-BOF7AOF\LOCALDB#B10938FE, Procedure Sp_GetAuditDaysGrid, Line 119
Incorrect syntax near ')'.
Msg 102, Level 15, State 1, Server DESKTOP-BOF7AOF\LOCALDB#B10938FE, Procedure Sp_GetAuditDaysGrid, Line 128
Incorrect syntax near ')'.
Msg 102, Level 15, State 1, Server DESKTOP-BOF7AOF\LOCALDB#B10938FE, Procedure Sp_GetAuditDaysGrid, Line 136
Incorrect syntax near ')'.
Msg 156, Level 15, State 1, Server DESKTOP-BOF7AOF\LOCALDB#B10938FE, Procedure Sp_GetAuditDaysGrid, Line 143
Incorrect syntax near the keyword 'SELECT'.
Msg 102, Level 15, State 1, Server DESKTOP-BOF7AOF\LOCALDB#B10938FE, Procedure Sp_GetAuditDaysGrid, Line 154
Incorrect syntax near ')'.

FAIL: E:\ERPMicroservice\src\Services\auditServices\auditapiServices\Stored-procedure\Audits\Sp_GetAuditDetails.sql
Msg 156, Level 15, State 1, Server DESKTOP-BOF7AOF\LOCALDB#B10938FE, Procedure Sp_GetAuditDetails, Line 19
Incorrect syntax near the keyword 'SELECT'.
Msg 102, Level 15, State 1, Server DESKTOP-BOF7AOF\LOCALDB#B10938FE, Procedure Sp_GetAuditDetails, Line 19
Incorrect syntax near ')'.

FAIL: E:\ERPMicroservice\src\Services\auditServices\auditapiServices\Stored-procedure\Audits\Sp_GetAuditFindingList.sql
Msg 102, Level 15, State 1, Server DESKTOP-BOF7AOF\LOCALDB#B10938FE, Procedure Sp_GetAuditFindingList, Line 15
Incorrect syntax near ')'.
Msg 102, Level 15, State 1, Server DESKTOP-BOF7AOF\LOCALDB#B10938FE, Procedure Sp_GetAuditFindingList, Line 48
Incorrect syntax near ')'.
Msg 102, Level 15, State 1, Server DESKTOP-BOF7AOF\LOCALDB#B10938FE, Procedure Sp_GetAuditFindingList, Line 65
Incorrect syntax near 'CATCH'.

FAIL: E:\ERPMicroservice\src\Services\auditServices\auditapiServices\Stored-procedure\Audits\Sp_GetAuditSchedules.sql
Msg 156, Level 15, State 1, Server DESKTOP-BOF7AOF\LOCALDB#B10938FE, Procedure Sp_GetAuditSchedules, Line 38
Incorrect syntax near the keyword 'SELECT'.
Msg 102, Level 15, State 1, Server DESKTOP-BOF7AOF\LOCALDB#B10938FE, Procedure Sp_GetAuditSchedules, Line 38
Incorrect syntax near ')'.
Msg 156, Level 15, State 1, Server DESKTOP-BOF7AOF\LOCALDB#B10938FE, Procedure Sp_GetAuditSchedules, Line 62
Incorrect syntax near the keyword 'SELECT'.
Msg 156, Level 15, State 1, Server DESKTOP-BOF7AOF\LOCALDB#B10938FE, Procedure Sp_GetAuditSchedules, Line 72
Incorrect syntax near the keyword 'SELECT'.
Msg 102, Level 15, State 1, Server DESKTOP-BOF7AOF\LOCALDB#B10938FE, Procedure Sp_GetAuditSchedules, Line 77
Incorrect syntax near ')'.
Msg 102, Level 15, State 1, Server DESKTOP-BOF7AOF\LOCALDB#B10938FE, Procedure Sp_GetAuditSchedules, Line 86
Incorrect syntax near ')'.
Msg 102, Level 15, State 1, Server DESKTOP-BOF7AOF\LOCALDB#B10938FE, Procedure Sp_GetAuditSchedules, Line 105
Incorrect syntax near ')'.
Msg 102, Level 15, State 1, Server DESKTOP-BOF7AOF\LOCALDB#B10938FE, Procedure Sp_GetAuditSchedules, Line 111
Incorrect syntax near ')'.
Msg 102, Level 15, State 1, Server DESKTOP-BOF7AOF\LOCALDB#B10938FE, Procedure Sp_GetAuditSchedules, Line 117
Incorrect syntax near ')'.
Msg 102, Level 15, State 1, Server DESKTOP-BOF7AOF\LOCALDB#B10938FE, Procedure Sp_GetAuditSchedules, Line 125
Incorrect syntax near ')'.
Msg 102, Level 15, State 1, Server DESKTOP-BOF7AOF\LOCALDB#B10938FE, Procedure Sp_GetAuditSchedules, Line 131
Incorrect syntax near ')'.
Msg 156, Level 15, State 1, Server DESKTOP-BOF7AOF\LOCALDB#B10938FE, Procedure Sp_GetAuditSchedules, Line 155
Incorrect syntax near the keyword 'SELECT'.
Msg 102, Level 15, State 1, Server DESKTOP-BOF7AOF\LOCALDB#B10938FE, Procedure Sp_GetAuditSchedules, Line 156
Incorrect syntax near ')'.
Msg 102, Level 15, State 1, Server DESKTOP-BOF7AOF\LOCALDB#B10938FE, Procedure Sp_GetAuditSchedules, Line 189
Incorrect syntax near 'CAST'.
Msg 102, Level 15, State 1, Server DESKTOP-BOF7AOF\LOCALDB#B10938FE, Procedure Sp_GetAuditSchedules, Line 211
Incorrect syntax near 'CAST'.

FAIL: E:\ERPMicroservice\src\Services\auditServices\auditapiServices\Stored-procedure\Audits\Sp_GetAuditSites.sql
Msg 102, Level 15, State 1, Server DESKTOP-BOF7AOF\LOCALDB#B10938FE, Procedure Sp_GetAuditSites, Line 15
Incorrect syntax near ')'.
Msg 102, Level 15, State 1, Server DESKTOP-BOF7AOF\LOCALDB#B10938FE, Procedure Sp_GetAuditSites, Line 27
Incorrect syntax near 'CATCH'.

FAIL: E:\ERPMicroservice\src\Services\auditServices\auditapiServices\Stored-procedure\Audits\Sp_GetScheduleCalendarInvite.sql
Msg 156, Level 15, State 1, Server DESKTOP-BOF7AOF\LOCALDB#B10938FE, Procedure Sp_GetScheduleCalendarInvite, Line 44
Incorrect syntax near the keyword 'SELECT'.
Msg 102, Level 15, State 1, Server DESKTOP-BOF7AOF\LOCALDB#B10938FE, Procedure Sp_GetScheduleCalendarInvite, Line 44
Incorrect syntax near ')'.
Msg 156, Level 15, State 1, Server DESKTOP-BOF7AOF\LOCALDB#B10938FE, Procedure Sp_GetScheduleCalendarInvite, Line 52
Incorrect syntax near the keyword 'SELECT'.
Msg 156, Level 15, State 1, Server DESKTOP-BOF7AOF\LOCALDB#B10938FE, Procedure Sp_GetScheduleCalendarInvite, Line 57
Incorrect syntax near the keyword 'SELECT'.
Msg 102, Level 15, State 1, Server DESKTOP-BOF7AOF\LOCALDB#B10938FE, Procedure Sp_GetScheduleCalendarInvite, Line 61
Incorrect syntax near ')'.
Msg 156, Level 15, State 1, Server DESKTOP-BOF7AOF\LOCALDB#B10938FE, Procedure Sp_GetScheduleCalendarInvite, Line 167
Incorrect syntax near the keyword 'SELECT'.
Msg 102, Level 15, State 1, Server DESKTOP-BOF7AOF\LOCALDB#B10938FE, Procedure Sp_GetScheduleCalendarInvite, Line 180
Incorrect syntax near ')'.
Msg 156, Level 15, State 1, Server DESKTOP-BOF7AOF\LOCALDB#B10938FE, Procedure Sp_GetScheduleCalendarInvite, Line 184
Incorrect syntax near the keyword 'SELECT'.
Msg 102, Level 15, State 1, Server DESKTOP-BOF7AOF\LOCALDB#B10938FE, Procedure Sp_GetScheduleCalendarInvite, Line 185
Incorrect syntax near ')'.
Msg 156, Level 15, State 1, Server DESKTOP-BOF7AOF\LOCALDB#B10938FE, Procedure Sp_GetScheduleCalendarInvite, Line 189
Incorrect syntax near the keyword 'SELECT'.
Msg 102, Level 15, State 1, Server DESKTOP-BOF7AOF\LOCALDB#B10938FE, Procedure Sp_GetScheduleCalendarInvite, Line 189
Incorrect syntax near ')'.
Msg 156, Level 15, State 1, Server DESKTOP-BOF7AOF\LOCALDB#B10938FE, Procedure Sp_GetScheduleCalendarInvite, Line 223
Incorrect syntax near the keyword 'SELECT'.
Msg 102, Level 15, State 1, Server DESKTOP-BOF7AOF\LOCALDB#B10938FE, Procedure Sp_GetScheduleCalendarInvite, Line 230
Incorrect syntax near ')'.
Msg 156, Level 15, State 1, Server DESKTOP-BOF7AOF\LOCALDB#B10938FE, Procedure Sp_GetScheduleCalendarInvite, Line 233
Incorrect syntax near the keyword 'SELECT'.
Msg 102, Level 15, State 1, Server DESKTOP-BOF7AOF\LOCALDB#B10938FE, Procedure Sp_GetScheduleCalendarInvite, Line 234
Incorrect syntax near ')'.
Msg 102, Level 15, State 1, Server DESKTOP-BOF7AOF\LOCALDB#B10938FE, Procedure Sp_GetScheduleCalendarInvite, Line 239
Incorrect syntax near ')'.
Msg 156, Level 15, State 1, Server DESKTOP-BOF7AOF\LOCALDB#B10938FE, Procedure Sp_GetScheduleCalendarInvite, Line 259
Incorrect syntax near the keyword 'SELECT'.
Msg 102, Level 15, State 1, Server DESKTOP-BOF7AOF\LOCALDB#B10938FE, Procedure Sp_GetScheduleCalendarInvite, Line 266
Incorrect syntax near ')'.
Msg 156, Level 15, State 1, Server DESKTOP-BOF7AOF\LOCALDB#B10938FE, Procedure Sp_GetScheduleCalendarInvite, Line 269
Incorrect syntax near the keyword 'SELECT'.
Msg 102, Level 15, State 1, Server DESKTOP-BOF7AOF\LOCALDB#B10938FE, Procedure Sp_GetScheduleCalendarInvite, Line 270
Incorrect syntax near ')'.
Msg 102, Level 15, State 1, Server DESKTOP-BOF7AOF\LOCALDB#B10938FE, Procedure Sp_GetScheduleCalendarInvite, Line 275
Incorrect syntax near ')'.

FAIL: E:\ERPMicroservice\src\Services\auditServices\auditapiServices\Stored-procedure\Audits\Sp_GetSubAudits.sql
Msg 156, Level 15, State 1, Server DESKTOP-BOF7AOF\LOCALDB#B10938FE, Procedure Sp_GetSubAudits, Line 16
Incorrect syntax near the keyword 'SELECT'.
Msg 102, Level 15, State 1, Server DESKTOP-BOF7AOF\LOCALDB#B10938FE, Procedure Sp_GetSubAudits, Line 19
Incorrect syntax near ')'.
Msg 102, Level 15, State 1, Server DESKTOP-BOF7AOF\LOCALDB#B10938FE, Procedure Sp_GetSubAudits, Line 35
Incorrect syntax near ')'.
Msg 102, Level 15, State 1, Server DESKTOP-BOF7AOF\LOCALDB#B10938FE, Procedure Sp_GetSubAudits, Line 42
Incorrect syntax near 'CATCH'.

FAIL: E:\ERPMicroservice\src\Services\auditServices\auditapiServices\Stored-procedure\Certificates\Sp_GetCertificateDetails.sql
Msg 156, Level 15, State 1, Server DESKTOP-BOF7AOF\LOCALDB#B10938FE, Procedure Sp_GetCertificateDetails, Line 15
Incorrect syntax near the keyword 'RETURN'.
Msg 156, Level 15, State 1, Server DESKTOP-BOF7AOF\LOCALDB#B10938FE, Procedure Sp_GetCertificateDetails, Line 19
Incorrect syntax near the keyword 'SELECT'.
Msg 102, Level 15, State 1, Server DESKTOP-BOF7AOF\LOCALDB#B10938FE, Procedure Sp_GetCertificateDetails, Line 19
Incorrect syntax near ')'.
Msg 156, Level 15, State 1, Server DESKTOP-BOF7AOF\LOCALDB#B10938FE, Procedure Sp_GetCertificateDetails, Line 25
Incorrect syntax near the keyword 'RETURN'.
Msg 102, Level 15, State 1, Server DESKTOP-BOF7AOF\LOCALDB#B10938FE, Procedure Sp_GetCertificateDetails, Line 30
Incorrect syntax near ';'.

FAIL: E:\ERPMicroservice\src\Services\auditServices\auditapiServices\Stored-procedure\Certificates\Sp_GetCertificateSites.sql
Msg 102, Level 15, State 1, Server DESKTOP-BOF7AOF\LOCALDB#B10938FE, Procedure Sp_GetCertificateSites, Line 27
Incorrect syntax near '1'.
Msg 102, Level 15, State 1, Server DESKTOP-BOF7AOF\LOCALDB#B10938FE, Procedure Sp_GetCertificateSites, Line 32
Incorrect syntax near 'CATCH'.

FAIL: E:\ERPMicroservice\src\Services\auditServices\auditapiServices\Stored-procedure\Contracts\Sp_GetContractList.sql
Msg 156, Level 15, State 1, Server DESKTOP-BOF7AOF\LOCALDB#B10938FE, Procedure Sp_GetContractList, Line 29
Incorrect syntax near the keyword 'SELECT'.
Msg 102, Level 15, State 1, Server DESKTOP-BOF7AOF\LOCALDB#B10938FE, Procedure Sp_GetContractList, Line 34
Incorrect syntax near ')'.
Msg 156, Level 15, State 1, Server DESKTOP-BOF7AOF\LOCALDB#B10938FE, Procedure Sp_GetContractList, Line 42
Incorrect syntax near the keyword 'FOR'.
Msg 153, Level 15, State 2, Server DESKTOP-BOF7AOF\LOCALDB#B10938FE, Procedure Sp_GetContractList, Line 60
Invalid usage of the option NEXT in the FETCH statement.

FAIL: E:\ERPMicroservice\src\Services\auditServices\auditapiServices\Stored-procedure\Financial\Sp_DownloadInvoice.sql
Msg 156, Level 15, State 1, Server DESKTOP-BOF7AOF\LOCALDB#B10938FE, Procedure Sp_DownloadInvoice, Line 42
Incorrect syntax near the keyword 'SELECT'.
Msg 102, Level 15, State 1, Server DESKTOP-BOF7AOF\LOCALDB#B10938FE, Procedure Sp_DownloadInvoice, Line 42
Incorrect syntax near ')'.
Msg 156, Level 15, State 1, Server DESKTOP-BOF7AOF\LOCALDB#B10938FE, Procedure Sp_DownloadInvoice, Line 84
Incorrect syntax near the keyword 'SELECT'.
Msg 102, Level 15, State 1, Server DESKTOP-BOF7AOF\LOCALDB#B10938FE, Procedure Sp_DownloadInvoice, Line 84
Incorrect syntax near ')'.
Msg 156, Level 15, State 1, Server DESKTOP-BOF7AOF\LOCALDB#B10938FE, Procedure Sp_DownloadInvoice, Line 92
Incorrect syntax near the keyword 'SELECT'.
Msg 102, Level 15, State 1, Server DESKTOP-BOF7AOF\LOCALDB#B10938FE, Procedure Sp_DownloadInvoice, Line 92
Incorrect syntax near ')'.
Msg 137, Level 15, State 2, Server DESKTOP-BOF7AOF\LOCALDB#B10938FE, Procedure Sp_DownloadInvoice, Line 95
Must declare the scalar variable "@InvoiceCount".
Msg 156, Level 15, State 1, Server DESKTOP-BOF7AOF\LOCALDB#B10938FE, Procedure Sp_DownloadInvoice, Line 98
Incorrect syntax near the keyword 'SELECT'.
Msg 156, Level 15, State 1, Server DESKTOP-BOF7AOF\LOCALDB#B10938FE, Procedure Sp_DownloadInvoice, Line 100
Incorrect syntax near the keyword 'SELECT'.
Msg 102, Level 15, State 1, Server DESKTOP-BOF7AOF\LOCALDB#B10938FE, Procedure Sp_DownloadInvoice, Line 103
Incorrect syntax near ')'.
Msg 156, Level 15, State 1, Server DESKTOP-BOF7AOF\LOCALDB#B10938FE, Procedure Sp_DownloadInvoice, Line 119
Incorrect syntax near the keyword 'SELECT'.
Msg 156, Level 15, State 1, Server DESKTOP-BOF7AOF\LOCALDB#B10938FE, Procedure Sp_DownloadInvoice, Line 121
Incorrect syntax near the keyword 'SELECT'.
Msg 102, Level 15, State 1, Server DESKTOP-BOF7AOF\LOCALDB#B10938FE, Procedure Sp_DownloadInvoice, Line 122
Incorrect syntax near ')'.
Msg 137, Level 15, State 2, Server DESKTOP-BOF7AOF\LOCALDB#B10938FE, Procedure Sp_DownloadInvoice, Line 147
Must declare the scalar variable "@InvoiceCount".
Msg 102, Level 15, State 1, Server DESKTOP-BOF7AOF\LOCALDB#B10938FE, Procedure Sp_DownloadInvoice, Line 159
Incorrect syntax near '@ErrorCode'.
Msg 102, Level 15, State 1, Server DESKTOP-BOF7AOF\LOCALDB#B10938FE, Procedure Sp_DownloadInvoice, Line 181
Incorrect syntax near 'SERVER_ERROR'.

FAIL: E:\ERPMicroservice\src\Services\auditServices\auditapiServices\Stored-procedure\Financial\Sp_GetInvoiceList.sql
Msg 102, Level 15, State 1, Server DESKTOP-BOF7AOF\LOCALDB#B10938FE, Procedure Sp_GetInvoiceList, Line 70
Incorrect syntax near 'Successfully retrieved invoice list.'.

FAIL: E:\ERPMicroservice\src\Services\auditServices\auditapiServices\Stored-procedure\Financial\Sp_GetOverviewFinancialStatus.sql
Msg 156, Level 15, State 1, Server DESKTOP-BOF7AOF\LOCALDB#B10938FE, Procedure Sp_GetOverviewFinancialStatus, Line 8
Incorrect syntax near the keyword 'SELECT'.
Msg 102, Level 15, State 1, Server DESKTOP-BOF7AOF\LOCALDB#B10938FE, Procedure Sp_GetOverviewFinancialStatus, Line 19
Incorrect syntax near ')'.
Msg 102, Level 15, State 1, Server DESKTOP-BOF7AOF\LOCALDB#B10938FE, Procedure Sp_GetOverviewFinancialStatus, Line 22
Incorrect syntax near ')'.
Msg 156, Level 15, State 1, Server DESKTOP-BOF7AOF\LOCALDB#B10938FE, Procedure Sp_GetOverviewFinancialStatus, Line 26
Incorrect syntax near the keyword 'SELECT'.
Msg 156, Level 15, State 1, Server DESKTOP-BOF7AOF\LOCALDB#B10938FE, Procedure Sp_GetOverviewFinancialStatus, Line 32
Incorrect syntax near the keyword 'SELECT'.
Msg 102, Level 15, State 1, Server DESKTOP-BOF7AOF\LOCALDB#B10938FE, Procedure Sp_GetOverviewFinancialStatus, Line 39
Incorrect syntax near ')'.
Msg 156, Level 15, State 1, Server DESKTOP-BOF7AOF\LOCALDB#B10938FE, Procedure Sp_GetOverviewFinancialStatus, Line 50
Incorrect syntax near the keyword 'END'.

FAIL: E:\ERPMicroservice\src\Services\auditServices\auditapiServices\Stored-procedure\Financial\Sp_UpdatePlannedPaymentDate.sql
Msg 102, Level 15, State 1, Server DESKTOP-BOF7AOF\LOCALDB#B10938FE, Procedure Sp_UpdatePlannedPaymentDate, Line 13
Incorrect syntax near 'INVALID_PARAMETERS'.
Msg 102, Level 15, State 1, Server DESKTOP-BOF7AOF\LOCALDB#B10938FE, Procedure Sp_UpdatePlannedPaymentDate, Line 22
Incorrect syntax near 'INVALID_PARAMETERS'.
Msg 102, Level 15, State 1, Server DESKTOP-BOF7AOF\LOCALDB#B10938FE, Procedure Sp_UpdatePlannedPaymentDate, Line 37
Incorrect syntax near '1'.
Msg 102, Level 15, State 1, Server DESKTOP-BOF7AOF\LOCALDB#B10938FE, Procedure Sp_UpdatePlannedPaymentDate, Line 40
Incorrect syntax near 'NO_INVOICES_PROVIDED'.
Msg 102, Level 15, State 1, Server DESKTOP-BOF7AOF\LOCALDB#B10938FE, Procedure Sp_UpdatePlannedPaymentDate, Line 54
Incorrect syntax near '1'.
Msg 102, Level 15, State 1, Server DESKTOP-BOF7AOF\LOCALDB#B10938FE, Procedure Sp_UpdatePlannedPaymentDate, Line 61
Incorrect syntax near 'INVOICE_NOT_FOUND'.
Msg 102, Level 15, State 1, Server DESKTOP-BOF7AOF\LOCALDB#B10938FE, Procedure Sp_UpdatePlannedPaymentDate, Line 103
Incorrect syntax near ''.
Msg 102, Level 15, State 1, Server DESKTOP-BOF7AOF\LOCALDB#B10938FE, Procedure Sp_UpdatePlannedPaymentDate, Line 112
Incorrect syntax near 'DATABASE_ERROR'.

FAIL: E:\ERPMicroservice\src\Services\auditServices\auditapiServices\Stored-procedure\Findings\Sp_GetFindingDetails.sql
Msg 156, Level 15, State 1, Server DESKTOP-BOF7AOF\LOCALDB#B10938FE, Procedure Sp_GetFindingDetails, Line 42
Incorrect syntax near the keyword 'SELECT'.
Msg 102, Level 15, State 1, Server DESKTOP-BOF7AOF\LOCALDB#B10938FE, Procedure Sp_GetFindingDetails, Line 42
Incorrect syntax near ')'.
Msg 156, Level 15, State 1, Server DESKTOP-BOF7AOF\LOCALDB#B10938FE, Procedure Sp_GetFindingDetails, Line 71
Incorrect syntax near the keyword 'SELECT'.
Msg 102, Level 15, State 1, Server DESKTOP-BOF7AOF\LOCALDB#B10938FE, Procedure Sp_GetFindingDetails, Line 73
Incorrect syntax near ')'.
Msg 156, Level 15, State 1, Server DESKTOP-BOF7AOF\LOCALDB#B10938FE, Procedure Sp_GetFindingDetails, Line 83
Incorrect syntax near the keyword 'SELECT'.
Msg 156, Level 15, State 1, Server DESKTOP-BOF7AOF\LOCALDB#B10938FE, Procedure Sp_GetFindingDetails, Line 84
Incorrect syntax near the keyword 'SELECT'.
Msg 156, Level 15, State 1, Server DESKTOP-BOF7AOF\LOCALDB#B10938FE, Procedure Sp_GetFindingDetails, Line 90
Incorrect syntax near the keyword 'SELECT'.
Msg 102, Level 15, State 1, Server DESKTOP-BOF7AOF\LOCALDB#B10938FE, Procedure Sp_GetFindingDetails, Line 97
Incorrect syntax near ')'.
Msg 102, Level 15, State 1, Server DESKTOP-BOF7AOF\LOCALDB#B10938FE, Procedure Sp_GetFindingDetails, Line 119
Incorrect syntax near ')'.
Msg 102, Level 15, State 1, Server DESKTOP-BOF7AOF\LOCALDB#B10938FE, Procedure Sp_GetFindingDetails, Line 132
Incorrect syntax near ')'.
Msg 102, Level 15, State 1, Server DESKTOP-BOF7AOF\LOCALDB#B10938FE, Procedure Sp_GetFindingDetails, Line 169
Incorrect syntax near '@ErrorCode'.
Msg 102, Level 15, State 1, Server DESKTOP-BOF7AOF\LOCALDB#B10938FE, Procedure Sp_GetFindingDetails, Line 191
Incorrect syntax near 'SERVER_ERROR'.

FAIL: E:\ERPMicroservice\src\Services\auditServices\auditapiServices\Stored-procedure\Findings\Sp_GetFindingList.sql
Msg 156, Level 15, State 1, Server DESKTOP-BOF7AOF\LOCALDB#B10938FE, Procedure Sp_GetFindingList, Line 50
Incorrect syntax near the keyword 'SELECT'.
Msg 102, Level 15, State 1, Server DESKTOP-BOF7AOF\LOCALDB#B10938FE, Procedure Sp_GetFindingList, Line 50
Incorrect syntax near ')'.
Msg 156, Level 15, State 1, Server DESKTOP-BOF7AOF\LOCALDB#B10938FE, Procedure Sp_GetFindingList, Line 91
Incorrect syntax near the keyword 'SELECT'.
Msg 102, Level 15, State 1, Server DESKTOP-BOF7AOF\LOCALDB#B10938FE, Procedure Sp_GetFindingList, Line 91
Incorrect syntax near ')'.
Msg 156, Level 15, State 1, Server DESKTOP-BOF7AOF\LOCALDB#B10938FE, Procedure Sp_GetFindingList, Line 115
Incorrect syntax near the keyword 'SELECT'.
Msg 156, Level 15, State 1, Server DESKTOP-BOF7AOF\LOCALDB#B10938FE, Procedure Sp_GetFindingList, Line 142
Incorrect syntax near the keyword 'SELECT'.
Msg 102, Level 15, State 1, Server DESKTOP-BOF7AOF\LOCALDB#B10938FE, Procedure Sp_GetFindingList, Line 146
Incorrect syntax near ')'.
Msg 102, Level 15, State 1, Server DESKTOP-BOF7AOF\LOCALDB#B10938FE, Procedure Sp_GetFindingList, Line 151
Incorrect syntax near ')'.
Msg 102, Level 15, State 1, Server DESKTOP-BOF7AOF\LOCALDB#B10938FE, Procedure Sp_GetFindingList, Line 160
Incorrect syntax near ')'.
Msg 156, Level 15, State 1, Server DESKTOP-BOF7AOF\LOCALDB#B10938FE, Procedure Sp_GetFindingList, Line 175
Incorrect syntax near the keyword 'SELECT'.
Msg 102, Level 15, State 1, Server DESKTOP-BOF7AOF\LOCALDB#B10938FE, Procedure Sp_GetFindingList, Line 175
Incorrect syntax near ')'.
Msg 102, Level 15, State 1, Server DESKTOP-BOF7AOF\LOCALDB#B10938FE, Procedure Sp_GetFindingList, Line 205
Incorrect syntax near 'CAST'.
Msg 102, Level 15, State 1, Server DESKTOP-BOF7AOF\LOCALDB#B10938FE, Procedure Sp_GetFindingList, Line 227
Incorrect syntax near 'CAST'.

FAIL: E:\ERPMicroservice\src\Services\auditServices\auditapiServices\Stored-procedure\Findings\Sp_GetFindingResponseHistory.sql
Msg 156, Level 15, State 1, Server DESKTOP-BOF7AOF\LOCALDB#B10938FE, Procedure Sp_GetFindingResponseHistory, Line 42
Incorrect syntax near the keyword 'SELECT'.
Msg 102, Level 15, State 1, Server DESKTOP-BOF7AOF\LOCALDB#B10938FE, Procedure Sp_GetFindingResponseHistory, Line 42
Incorrect syntax near ')'.
Msg 156, Level 15, State 1, Server DESKTOP-BOF7AOF\LOCALDB#B10938FE, Procedure Sp_GetFindingResponseHistory, Line 71
Incorrect syntax near the keyword 'SELECT'.
Msg 102, Level 15, State 1, Server DESKTOP-BOF7AOF\LOCALDB#B10938FE, Procedure Sp_GetFindingResponseHistory, Line 73
Incorrect syntax near ')'.
Msg 156, Level 15, State 1, Server DESKTOP-BOF7AOF\LOCALDB#B10938FE, Procedure Sp_GetFindingResponseHistory, Line 84
Incorrect syntax near the keyword 'SELECT'.
Msg 102, Level 15, State 1, Server DESKTOP-BOF7AOF\LOCALDB#B10938FE, Procedure Sp_GetFindingResponseHistory, Line 93
Incorrect syntax near ')'.
Msg 102, Level 15, State 1, Server DESKTOP-BOF7AOF\LOCALDB#B10938FE, Procedure Sp_GetFindingResponseHistory, Line 108
Incorrect syntax near ')'.
Msg 156, Level 15, State 1, Server DESKTOP-BOF7AOF\LOCALDB#B10938FE, Procedure Sp_GetFindingResponseHistory, Line 118
Incorrect syntax near the keyword 'SELECT'.
Msg 102, Level 15, State 1, Server DESKTOP-BOF7AOF\LOCALDB#B10938FE, Procedure Sp_GetFindingResponseHistory, Line 150
Incorrect syntax near '@ErrorCode'.
Msg 102, Level 15, State 1, Server DESKTOP-BOF7AOF\LOCALDB#B10938FE, Procedure Sp_GetFindingResponseHistory, Line 172
Incorrect syntax near 'SERVER_ERROR'.

FAIL: E:\ERPMicroservice\src\Services\auditServices\auditapiServices\Stored-procedure\Findings\Sp_GetFindingsByClauseList.sql
Msg 156, Level 15, State 1, Server DESKTOP-BOF7AOF\LOCALDB#B10938FE, Procedure Sp_GetFindingsByClauseList, Line 42
Incorrect syntax near the keyword 'SELECT'.
Msg 102, Level 15, State 1, Server DESKTOP-BOF7AOF\LOCALDB#B10938FE, Procedure Sp_GetFindingsByClauseList, Line 42
Incorrect syntax near ')'.
Msg 319, Level 15, State 1, Server DESKTOP-BOF7AOF\LOCALDB#B10938FE, Procedure Sp_GetFindingsByClauseList, Line 73
Incorrect syntax near the keyword 'with'. If this statement is a common table expression, an xmlnamespaces clause or a change tracking context clause, the previous statement must be terminated with a semicolon.
Msg 156, Level 15, State 1, Server DESKTOP-BOF7AOF\LOCALDB#B10938FE, Procedure Sp_GetFindingsByClauseList, Line 95
Incorrect syntax near the keyword 'SELECT'.
Msg 102, Level 15, State 1, Server DESKTOP-BOF7AOF\LOCALDB#B10938FE, Procedure Sp_GetFindingsByClauseList, Line 95
Incorrect syntax near ')'.
Msg 102, Level 15, State 1, Server DESKTOP-BOF7AOF\LOCALDB#B10938FE, Procedure Sp_GetFindingsByClauseList, Line 95
Incorrect syntax near ')'.
Msg 102, Level 15, State 1, Server DESKTOP-BOF7AOF\LOCALDB#B10938FE, Procedure Sp_GetFindingsByClauseList, Line 97
Incorrect syntax near ')'.
Msg 102, Level 15, State 1, Server DESKTOP-BOF7AOF\LOCALDB#B10938FE, Procedure Sp_GetFindingsByClauseList, Line 100
Incorrect syntax near ')'.
Msg 102, Level 15, State 1, Server DESKTOP-BOF7AOF\LOCALDB#B10938FE, Procedure Sp_GetFindingsByClauseList, Line 102
Incorrect syntax near ')'.
Msg 102, Level 15, State 1, Server DESKTOP-BOF7AOF\LOCALDB#B10938FE, Procedure Sp_GetFindingsByClauseList, Line 105
Incorrect syntax near ')'.
Msg 102, Level 15, State 1, Server DESKTOP-BOF7AOF\LOCALDB#B10938FE, Procedure Sp_GetFindingsByClauseList, Line 109
Incorrect syntax near ')'.
Msg 102, Level 15, State 1, Server DESKTOP-BOF7AOF\LOCALDB#B10938FE, Procedure Sp_GetFindingsByClauseList, Line 118
Incorrect syntax near ')'.
Msg 102, Level 15, State 1, Server DESKTOP-BOF7AOF\LOCALDB#B10938FE, Procedure Sp_GetFindingsByClauseList, Line 127
Incorrect syntax near ')'.
Msg 102, Level 15, State 1, Server DESKTOP-BOF7AOF\LOCALDB#B10938FE, Procedure Sp_GetFindingsByClauseList, Line 137
Incorrect syntax near ')'.
Msg 156, Level 15, State 1, Server DESKTOP-BOF7AOF\LOCALDB#B10938FE, Procedure Sp_GetFindingsByClauseList, Line 142
Incorrect syntax near the keyword 'SELECT'.
Msg 156, Level 15, State 1, Server DESKTOP-BOF7AOF\LOCALDB#B10938FE, Procedure Sp_GetFindingsByClauseList, Line 144
Incorrect syntax near the keyword 'SELECT'.
Msg 102, Level 15, State 1, Server DESKTOP-BOF7AOF\LOCALDB#B10938FE, Procedure Sp_GetFindingsByClauseList, Line 148
Incorrect syntax near ')'.
Msg 156, Level 15, State 1, Server DESKTOP-BOF7AOF\LOCALDB#B10938FE, Procedure Sp_GetFindingsByClauseList, Line 153
Incorrect syntax near the keyword 'SELECT'.
Msg 102, Level 15, State 1, Server DESKTOP-BOF7AOF\LOCALDB#B10938FE, Procedure Sp_GetFindingsByClauseList, Line 158
Incorrect syntax near ')'.
Msg 156, Level 15, State 1, Server DESKTOP-BOF7AOF\LOCALDB#B10938FE, Procedure Sp_GetFindingsByClauseList, Line 164
Incorrect syntax near the keyword 'SELECT'.
Msg 102, Level 15, State 1, Server DESKTOP-BOF7AOF\LOCALDB#B10938FE, Procedure Sp_GetFindingsByClauseList, Line 170
Incorrect syntax near ')'.
Msg 102, Level 15, State 1, Server DESKTOP-BOF7AOF\LOCALDB#B10938FE, Procedure Sp_GetFindingsByClauseList, Line 178
Incorrect syntax near ')'.
Msg 102, Level 15, State 1, Server DESKTOP-BOF7AOF\LOCALDB#B10938FE, Procedure Sp_GetFindingsByClauseList, Line 182
Incorrect syntax near ')'.
Msg 102, Level 15, State 1, Server DESKTOP-BOF7AOF\LOCALDB#B10938FE, Procedure Sp_GetFindingsByClauseList, Line 185
Incorrect syntax near ')'.
Msg 156, Level 15, State 1, Server DESKTOP-BOF7AOF\LOCALDB#B10938FE, Procedure Sp_GetFindingsByClauseList, Line 194
Incorrect syntax near the keyword 'SELECT'.
Msg 102, Level 15, State 1, Server DESKTOP-BOF7AOF\LOCALDB#B10938FE, Procedure Sp_GetFindingsByClauseList, Line 194
Incorrect syntax near ')'.
Msg 102, Level 15, State 1, Server DESKTOP-BOF7AOF\LOCALDB#B10938FE, Procedure Sp_GetFindingsByClauseList, Line 224
Incorrect syntax near 'CAST'.
Msg 102, Level 15, State 1, Server DESKTOP-BOF7AOF\LOCALDB#B10938FE, Procedure Sp_GetFindingsByClauseList, Line 246
Incorrect syntax near 'CAST'.

FAIL: E:\ERPMicroservice\src\Services\auditServices\auditapiServices\Stored-procedure\Findings\Sp_GetFindingsTrendsGraphData.sql
Msg 156, Level 15, State 1, Server DESKTOP-BOF7AOF\LOCALDB#B10938FE, Procedure Sp_GetFindingsTrendsGraphData, Line 38
Incorrect syntax near the keyword 'SELECT'.
Msg 102, Level 15, State 1, Server DESKTOP-BOF7AOF\LOCALDB#B10938FE, Procedure Sp_GetFindingsTrendsGraphData, Line 38
Incorrect syntax near ')'.
Msg 319, Level 15, State 1, Server DESKTOP-BOF7AOF\LOCALDB#B10938FE, Procedure Sp_GetFindingsTrendsGraphData, Line 69
Incorrect syntax near the keyword 'with'. If this statement is a common table expression, an xmlnamespaces clause or a change tracking context clause, the previous statement must be terminated with a semicolon.
Msg 156, Level 15, State 1, Server DESKTOP-BOF7AOF\LOCALDB#B10938FE, Procedure Sp_GetFindingsTrendsGraphData, Line 79
Incorrect syntax near the keyword 'SELECT'.
Msg 102, Level 15, State 1, Server DESKTOP-BOF7AOF\LOCALDB#B10938FE, Procedure Sp_GetFindingsTrendsGraphData, Line 79
Incorrect syntax near ')'.
Msg 102, Level 15, State 1, Server DESKTOP-BOF7AOF\LOCALDB#B10938FE, Procedure Sp_GetFindingsTrendsGraphData, Line 79
Incorrect syntax near ')'.
Msg 102, Level 15, State 1, Server DESKTOP-BOF7AOF\LOCALDB#B10938FE, Procedure Sp_GetFindingsTrendsGraphData, Line 81
Incorrect syntax near ')'.
Msg 102, Level 15, State 1, Server DESKTOP-BOF7AOF\LOCALDB#B10938FE, Procedure Sp_GetFindingsTrendsGraphData, Line 84
Incorrect syntax near ')'.
Msg 102, Level 15, State 1, Server DESKTOP-BOF7AOF\LOCALDB#B10938FE, Procedure Sp_GetFindingsTrendsGraphData, Line 86
Incorrect syntax near ')'.
Msg 102, Level 15, State 1, Server DESKTOP-BOF7AOF\LOCALDB#B10938FE, Procedure Sp_GetFindingsTrendsGraphData, Line 89
Incorrect syntax near ')'.
Msg 102, Level 15, State 1, Server DESKTOP-BOF7AOF\LOCALDB#B10938FE, Procedure Sp_GetFindingsTrendsGraphData, Line 93
Incorrect syntax near ')'.
Msg 102, Level 15, State 1, Server DESKTOP-BOF7AOF\LOCALDB#B10938FE, Procedure Sp_GetFindingsTrendsGraphData, Line 99
Incorrect syntax near ')'.
Msg 102, Level 15, State 1, Server DESKTOP-BOF7AOF\LOCALDB#B10938FE, Procedure Sp_GetFindingsTrendsGraphData, Line 101
Incorrect syntax near ')'.
Msg 102, Level 15, State 1, Server DESKTOP-BOF7AOF\LOCALDB#B10938FE, Procedure Sp_GetFindingsTrendsGraphData, Line 106
Incorrect syntax near ')'.
Msg 102, Level 15, State 1, Server DESKTOP-BOF7AOF\LOCALDB#B10938FE, Procedure Sp_GetFindingsTrendsGraphData, Line 113
Incorrect syntax near ')'.
Msg 156, Level 15, State 1, Server DESKTOP-BOF7AOF\LOCALDB#B10938FE, Procedure Sp_GetFindingsTrendsGraphData, Line 118
Incorrect syntax near the keyword 'SELECT'.
Msg 156, Level 15, State 1, Server DESKTOP-BOF7AOF\LOCALDB#B10938FE, Procedure Sp_GetFindingsTrendsGraphData, Line 119
Incorrect syntax near the keyword 'SELECT'.
Msg 102, Level 15, State 1, Server DESKTOP-BOF7AOF\LOCALDB#B10938FE, Procedure Sp_GetFindingsTrendsGraphData, Line 123
Incorrect syntax near ')'.
Msg 156, Level 15, State 1, Server DESKTOP-BOF7AOF\LOCALDB#B10938FE, Procedure Sp_GetFindingsTrendsGraphData, Line 133
Incorrect syntax near the keyword 'SELECT'.
Msg 102, Level 15, State 1, Server DESKTOP-BOF7AOF\LOCALDB#B10938FE, Procedure Sp_GetFindingsTrendsGraphData, Line 136
Incorrect syntax near ')'.
Msg 102, Level 15, State 1, Server DESKTOP-BOF7AOF\LOCALDB#B10938FE, Procedure Sp_GetFindingsTrendsGraphData, Line 169
Incorrect syntax near ')'.
Msg 102, Level 15, State 1, Server DESKTOP-BOF7AOF\LOCALDB#B10938FE, Procedure Sp_GetFindingsTrendsGraphData, Line 192
Incorrect syntax near ')'.

FAIL: E:\ERPMicroservice\src\Services\auditServices\auditapiServices\Stored-procedure\Findings\Sp_GetFindingTrendsList.sql
Msg 156, Level 15, State 1, Server DESKTOP-BOF7AOF\LOCALDB#B10938FE, Procedure Sp_GetFindingTrendsList, Line 39
Incorrect syntax near the keyword 'SELECT'.
Msg 102, Level 15, State 1, Server DESKTOP-BOF7AOF\LOCALDB#B10938FE, Procedure Sp_GetFindingTrendsList, Line 39
Incorrect syntax near ')'.
Msg 319, Level 15, State 1, Server DESKTOP-BOF7AOF\LOCALDB#B10938FE, Procedure Sp_GetFindingTrendsList, Line 70
Incorrect syntax near the keyword 'with'. If this statement is a common table expression, an xmlnamespaces clause or a change tracking context clause, the previous statement must be terminated with a semicolon.
Msg 156, Level 15, State 1, Server DESKTOP-BOF7AOF\LOCALDB#B10938FE, Procedure Sp_GetFindingTrendsList, Line 83
Incorrect syntax near the keyword 'SELECT'.
Msg 102, Level 15, State 1, Server DESKTOP-BOF7AOF\LOCALDB#B10938FE, Procedure Sp_GetFindingTrendsList, Line 83
Incorrect syntax near ')'.
Msg 102, Level 15, State 1, Server DESKTOP-BOF7AOF\LOCALDB#B10938FE, Procedure Sp_GetFindingTrendsList, Line 83
Incorrect syntax near ')'.
Msg 102, Level 15, State 1, Server DESKTOP-BOF7AOF\LOCALDB#B10938FE, Procedure Sp_GetFindingTrendsList, Line 85
Incorrect syntax near ')'.
Msg 102, Level 15, State 1, Server DESKTOP-BOF7AOF\LOCALDB#B10938FE, Procedure Sp_GetFindingTrendsList, Line 88
Incorrect syntax near ')'.
Msg 102, Level 15, State 1, Server DESKTOP-BOF7AOF\LOCALDB#B10938FE, Procedure Sp_GetFindingTrendsList, Line 90
Incorrect syntax near ')'.
Msg 102, Level 15, State 1, Server DESKTOP-BOF7AOF\LOCALDB#B10938FE, Procedure Sp_GetFindingTrendsList, Line 90
Incorrect syntax near ')'.
Msg 102, Level 15, State 1, Server DESKTOP-BOF7AOF\LOCALDB#B10938FE, Procedure Sp_GetFindingTrendsList, Line 94
Incorrect syntax near ')'.
Msg 102, Level 15, State 1, Server DESKTOP-BOF7AOF\LOCALDB#B10938FE, Procedure Sp_GetFindingTrendsList, Line 107
Incorrect syntax near ')'.
Msg 102, Level 15, State 1, Server DESKTOP-BOF7AOF\LOCALDB#B10938FE, Procedure Sp_GetFindingTrendsList, Line 117
Incorrect syntax near ')'.
Msg 102, Level 15, State 1, Server DESKTOP-BOF7AOF\LOCALDB#B10938FE, Procedure Sp_GetFindingTrendsList, Line 126
Incorrect syntax near ')'.
Msg 156, Level 15, State 1, Server DESKTOP-BOF7AOF\LOCALDB#B10938FE, Procedure Sp_GetFindingTrendsList, Line 131
Incorrect syntax near the keyword 'SELECT'.
Msg 156, Level 15, State 1, Server DESKTOP-BOF7AOF\LOCALDB#B10938FE, Procedure Sp_GetFindingTrendsList, Line 151
Incorrect syntax near the keyword 'FROM'.
Msg 102, Level 15, State 1, Server DESKTOP-BOF7AOF\LOCALDB#B10938FE, Procedure Sp_GetFindingTrendsList, Line 155
Incorrect syntax near ')'.
Msg 102, Level 15, State 1, Server DESKTOP-BOF7AOF\LOCALDB#B10938FE, Procedure Sp_GetFindingTrendsList, Line 159
Incorrect syntax near ')'.
Msg 102, Level 15, State 1, Server DESKTOP-BOF7AOF\LOCALDB#B10938FE, Procedure Sp_GetFindingTrendsList, Line 162
Incorrect syntax near ')'.
Msg 156, Level 15, State 1, Server DESKTOP-BOF7AOF\LOCALDB#B10938FE, Procedure Sp_GetFindingTrendsList, Line 171
Incorrect syntax near the keyword 'SELECT'.
Msg 102, Level 15, State 1, Server DESKTOP-BOF7AOF\LOCALDB#B10938FE, Procedure Sp_GetFindingTrendsList, Line 172
Incorrect syntax near ')'.
Msg 102, Level 15, State 1, Server DESKTOP-BOF7AOF\LOCALDB#B10938FE, Procedure Sp_GetFindingTrendsList, Line 202
Incorrect syntax near 'CAST'.
Msg 102, Level 15, State 1, Server DESKTOP-BOF7AOF\LOCALDB#B10938FE, Procedure Sp_GetFindingTrendsList, Line 224
Incorrect syntax near 'CAST'.

FAIL: E:\ERPMicroservice\src\Services\auditServices\auditapiServices\Stored-procedure\Findings\Sp_GetLatestFindingResponse.sql
Msg 156, Level 15, State 1, Server DESKTOP-BOF7AOF\LOCALDB#B10938FE, Procedure Sp_GetLatestFindingResponse, Line 42
Incorrect syntax near the keyword 'SELECT'.
Msg 102, Level 15, State 1, Server DESKTOP-BOF7AOF\LOCALDB#B10938FE, Procedure Sp_GetLatestFindingResponse, Line 42
Incorrect syntax near ')'.
Msg 156, Level 15, State 1, Server DESKTOP-BOF7AOF\LOCALDB#B10938FE, Procedure Sp_GetLatestFindingResponse, Line 70
Incorrect syntax near the keyword 'SELECT'.
Msg 102, Level 15, State 1, Server DESKTOP-BOF7AOF\LOCALDB#B10938FE, Procedure Sp_GetLatestFindingResponse, Line 72
Incorrect syntax near ')'.
Msg 156, Level 15, State 1, Server DESKTOP-BOF7AOF\LOCALDB#B10938FE, Procedure Sp_GetLatestFindingResponse, Line 82
Incorrect syntax near the keyword 'SELECT'.
Msg 102, Level 15, State 1, Server DESKTOP-BOF7AOF\LOCALDB#B10938FE, Procedure Sp_GetLatestFindingResponse, Line 96
Incorrect syntax near ')'.
Msg 156, Level 15, State 1, Server DESKTOP-BOF7AOF\LOCALDB#B10938FE, Procedure Sp_GetLatestFindingResponse, Line 101
Incorrect syntax near the keyword 'SELECT'.
Msg 102, Level 15, State 1, Server DESKTOP-BOF7AOF\LOCALDB#B10938FE, Procedure Sp_GetLatestFindingResponse, Line 107
Incorrect syntax near ')'.
Msg 156, Level 15, State 1, Server DESKTOP-BOF7AOF\LOCALDB#B10938FE, Procedure Sp_GetLatestFindingResponse, Line 112
Incorrect syntax near the keyword 'SELECT'.
Msg 102, Level 15, State 1, Server DESKTOP-BOF7AOF\LOCALDB#B10938FE, Procedure Sp_GetLatestFindingResponse, Line 113
Incorrect syntax near ')'.
Msg 156, Level 15, State 1, Server DESKTOP-BOF7AOF\LOCALDB#B10938FE, Procedure Sp_GetLatestFindingResponse, Line 143
Incorrect syntax near the keyword 'SELECT'.
Msg 102, Level 15, State 1, Server DESKTOP-BOF7AOF\LOCALDB#B10938FE, Procedure Sp_GetLatestFindingResponse, Line 149
Incorrect syntax near ')'.
Msg 102, Level 15, State 1, Server DESKTOP-BOF7AOF\LOCALDB#B10938FE, Procedure Sp_GetLatestFindingResponse, Line 154
Incorrect syntax near ')'.
Msg 156, Level 15, State 1, Server DESKTOP-BOF7AOF\LOCALDB#B10938FE, Procedure Sp_GetLatestFindingResponse, Line 174
Incorrect syntax near the keyword 'SELECT'.
Msg 102, Level 15, State 1, Server DESKTOP-BOF7AOF\LOCALDB#B10938FE, Procedure Sp_GetLatestFindingResponse, Line 180
Incorrect syntax near ')'.
Msg 102, Level 15, State 1, Server DESKTOP-BOF7AOF\LOCALDB#B10938FE, Procedure Sp_GetLatestFindingResponse, Line 185
Incorrect syntax near ')'.

FAIL: E:\ERPMicroservice\src\Services\auditServices\auditapiServices\Stored-procedure\Findings\Sp_GetManageFindingDetails.sql
Msg 156, Level 15, State 1, Server DESKTOP-BOF7AOF\LOCALDB#B10938FE, Procedure Sp_GetManageFindingDetails, Line 42
Incorrect syntax near the keyword 'SELECT'.
Msg 102, Level 15, State 1, Server DESKTOP-BOF7AOF\LOCALDB#B10938FE, Procedure Sp_GetManageFindingDetails, Line 42
Incorrect syntax near ')'.
Msg 156, Level 15, State 1, Server DESKTOP-BOF7AOF\LOCALDB#B10938FE, Procedure Sp_GetManageFindingDetails, Line 85
Incorrect syntax near the keyword 'SELECT'.
Msg 102, Level 15, State 1, Server DESKTOP-BOF7AOF\LOCALDB#B10938FE, Procedure Sp_GetManageFindingDetails, Line 87
Incorrect syntax near ')'.
Msg 156, Level 15, State 1, Server DESKTOP-BOF7AOF\LOCALDB#B10938FE, Procedure Sp_GetManageFindingDetails, Line 96
Incorrect syntax near the keyword 'SELECT'.
Msg 102, Level 15, State 1, Server DESKTOP-BOF7AOF\LOCALDB#B10938FE, Procedure Sp_GetManageFindingDetails, Line 106
Incorrect syntax near ')'.
Msg 156, Level 15, State 1, Server DESKTOP-BOF7AOF\LOCALDB#B10938FE, Procedure Sp_GetManageFindingDetails, Line 114
Incorrect syntax near the keyword 'SELECT'.
Msg 102, Level 15, State 1, Server DESKTOP-BOF7AOF\LOCALDB#B10938FE, Procedure Sp_GetManageFindingDetails, Line 121
Incorrect syntax near ')'.
Msg 156, Level 15, State 1, Server DESKTOP-BOF7AOF\LOCALDB#B10938FE, Procedure Sp_GetManageFindingDetails, Line 129
Incorrect syntax near the keyword 'SELECT'.
Msg 102, Level 15, State 1, Server DESKTOP-BOF7AOF\LOCALDB#B10938FE, Procedure Sp_GetManageFindingDetails, Line 137
Incorrect syntax near ')'.
Msg 156, Level 15, State 1, Server DESKTOP-BOF7AOF\LOCALDB#B10938FE, Procedure Sp_GetManageFindingDetails, Line 141
Incorrect syntax near the keyword 'SELECT'.
Msg 102, Level 15, State 1, Server DESKTOP-BOF7AOF\LOCALDB#B10938FE, Procedure Sp_GetManageFindingDetails, Line 141
Incorrect syntax near ')'.
Msg 102, Level 15, State 1, Server DESKTOP-BOF7AOF\LOCALDB#B10938FE, Procedure Sp_GetManageFindingDetails, Line 182
Incorrect syntax near ')'.
Msg 102, Level 15, State 1, Server DESKTOP-BOF7AOF\LOCALDB#B10938FE, Procedure Sp_GetManageFindingDetails, Line 213
Incorrect syntax near ')'.

FAIL: E:\ERPMicroservice\src\Services\auditServices\auditapiServices\Stored-procedure\Findings\Sp_PostLatestFindingResponse.sql
Msg 156, Level 15, State 1, Server DESKTOP-BOF7AOF\LOCALDB#B10938FE, Procedure Sp_PostLatestFindingResponse, Line 57
Incorrect syntax near the keyword 'SELECT'.
Msg 102, Level 15, State 1, Server DESKTOP-BOF7AOF\LOCALDB#B10938FE, Procedure Sp_PostLatestFindingResponse, Line 57
Incorrect syntax near ')'.
Msg 156, Level 15, State 1, Server DESKTOP-BOF7AOF\LOCALDB#B10938FE, Procedure Sp_PostLatestFindingResponse, Line 85
Incorrect syntax near the keyword 'SELECT'.
Msg 102, Level 15, State 1, Server DESKTOP-BOF7AOF\LOCALDB#B10938FE, Procedure Sp_PostLatestFindingResponse, Line 87
Incorrect syntax near ')'.
Msg 156, Level 15, State 1, Server DESKTOP-BOF7AOF\LOCALDB#B10938FE, Procedure Sp_PostLatestFindingResponse, Line 119
Incorrect syntax near the keyword 'SELECT'.
Msg 102, Level 15, State 1, Server DESKTOP-BOF7AOF\LOCALDB#B10938FE, Procedure Sp_PostLatestFindingResponse, Line 123
Incorrect syntax near ')'.
Msg 156, Level 15, State 1, Server DESKTOP-BOF7AOF\LOCALDB#B10938FE, Procedure Sp_PostLatestFindingResponse, Line 211
Incorrect syntax near the keyword 'SELECT'.
Msg 102, Level 15, State 1, Server DESKTOP-BOF7AOF\LOCALDB#B10938FE, Procedure Sp_PostLatestFindingResponse, Line 212
Incorrect syntax near ')'.
Msg 102, Level 15, State 1, Server DESKTOP-BOF7AOF\LOCALDB#B10938FE, Procedure Sp_PostLatestFindingResponse, Line 228
Incorrect syntax near ')'.
Msg 102, Level 15, State 1, Server DESKTOP-BOF7AOF\LOCALDB#B10938FE, Procedure Sp_PostLatestFindingResponse, Line 252
Incorrect syntax near ')'.

FAIL: E:\ERPMicroservice\src\Services\auditServices\auditapiServices\Stored-procedure\Master\Sp_GetCountryList.sql
Msg 156, Level 15, State 1, Server DESKTOP-BOF7AOF\LOCALDB#B10938FE, Procedure Sp_GetCountryList, Line 20
Incorrect syntax near the keyword 'SELECT'.
Msg 102, Level 15, State 1, Server DESKTOP-BOF7AOF\LOCALDB#B10938FE, Procedure Sp_GetCountryList, Line 26
Incorrect syntax near ')'.
Msg 156, Level 15, State 1, Server DESKTOP-BOF7AOF\LOCALDB#B10938FE, Procedure Sp_GetCountryList, Line 34
Incorrect syntax near the keyword 'SELECT'.
Msg 102, Level 15, State 1, Server DESKTOP-BOF7AOF\LOCALDB#B10938FE, Procedure Sp_GetCountryList, Line 34
Incorrect syntax near ')'.
Msg 102, Level 15, State 1, Server DESKTOP-BOF7AOF\LOCALDB#B10938FE, Procedure Sp_GetCountryList, Line 46
Incorrect syntax near 'CAST'.
Msg 102, Level 15, State 1, Server DESKTOP-BOF7AOF\LOCALDB#B10938FE, Procedure Sp_GetCountryList, Line 68
Incorrect syntax near 'CAST'.

FAIL: E:\ERPMicroservice\src\Services\auditServices\auditapiServices\Stored-procedure\Master\Sp_GetMasterSiteList.sql
Msg 156, Level 15, State 1, Server DESKTOP-BOF7AOF\LOCALDB#B10938FE, Procedure Sp_GetMasterSiteList, Line 11
Incorrect syntax near the keyword 'SELECT'.
Msg 156, Level 15, State 1, Server DESKTOP-BOF7AOF\LOCALDB#B10938FE, Procedure Sp_GetMasterSiteList, Line 44
Incorrect syntax near the keyword 'END'.

FAIL: E:\ERPMicroservice\src\Services\auditServices\auditapiServices\Stored-procedure\Master\Sp_GetServiceList.sql
Msg 207, Level 16, State 1, Server DESKTOP-BOF7AOF\LOCALDB#B10938FE, Procedure Sp_GetServiceList, Line 10
Invalid column name 'Service'.
Msg 207, Level 16, State 1, Server DESKTOP-BOF7AOF\LOCALDB#B10938FE, Procedure Sp_GetServiceList, Line 10
Invalid column name 'Service'.

FAIL: E:\ERPMicroservice\src\Services\auditServices\auditapiServices\Stored-procedure\Notifications\Sp_NotificationFilterCategories.sql
Msg 156, Level 15, State 1, Server DESKTOP-BOF7AOF\LOCALDB#B10938FE, Procedure Sp_NotificationFilterCategories, Line 43
Incorrect syntax near the keyword 'SELECT'.
Msg 102, Level 15, State 1, Server DESKTOP-BOF7AOF\LOCALDB#B10938FE, Procedure Sp_NotificationFilterCategories, Line 43
Incorrect syntax near ')'.
Msg 156, Level 15, State 1, Server DESKTOP-BOF7AOF\LOCALDB#B10938FE, Procedure Sp_NotificationFilterCategories, Line 53
Incorrect syntax near the keyword 'SELECT'.
Msg 156, Level 15, State 1, Server DESKTOP-BOF7AOF\LOCALDB#B10938FE, Procedure Sp_NotificationFilterCategories, Line 61
Incorrect syntax near the keyword 'SELECT'.
Msg 102, Level 15, State 1, Server DESKTOP-BOF7AOF\LOCALDB#B10938FE, Procedure Sp_NotificationFilterCategories, Line 65
Incorrect syntax near ')'.
Msg 102, Level 15, State 1, Server DESKTOP-BOF7AOF\LOCALDB#B10938FE, Procedure Sp_NotificationFilterCategories, Line 71
Incorrect syntax near ')'.
Msg 102, Level 15, State 1, Server DESKTOP-BOF7AOF\LOCALDB#B10938FE, Procedure Sp_NotificationFilterCategories, Line 77
Incorrect syntax near ')'.
Msg 102, Level 15, State 1, Server DESKTOP-BOF7AOF\LOCALDB#B10938FE, Procedure Sp_NotificationFilterCategories, Line 83
Incorrect syntax near ')'.
Msg 156, Level 15, State 1, Server DESKTOP-BOF7AOF\LOCALDB#B10938FE, Procedure Sp_NotificationFilterCategories, Line 94
Incorrect syntax near the keyword 'SELECT'.
Msg 102, Level 15, State 1, Server DESKTOP-BOF7AOF\LOCALDB#B10938FE, Procedure Sp_NotificationFilterCategories, Line 95
Incorrect syntax near ')'.
Msg 102, Level 15, State 1, Server DESKTOP-BOF7AOF\LOCALDB#B10938FE, Procedure Sp_NotificationFilterCategories, Line 107
Incorrect syntax near 'CAST'.
Msg 102, Level 15, State 1, Server DESKTOP-BOF7AOF\LOCALDB#B10938FE, Procedure Sp_NotificationFilterCategories, Line 129
Incorrect syntax near 'CAST'.

FAIL: E:\ERPMicroservice\src\Services\auditServices\auditapiServices\Stored-procedure\Notifications\Sp_NotificationFilterCompanies.sql
Msg 156, Level 15, State 1, Server DESKTOP-BOF7AOF\LOCALDB#B10938FE, Procedure Sp_NotificationFilterCompanies, Line 43
Incorrect syntax near the keyword 'SELECT'.
Msg 102, Level 15, State 1, Server DESKTOP-BOF7AOF\LOCALDB#B10938FE, Procedure Sp_NotificationFilterCompanies, Line 43
Incorrect syntax near ')'.
Msg 156, Level 15, State 1, Server DESKTOP-BOF7AOF\LOCALDB#B10938FE, Procedure Sp_NotificationFilterCompanies, Line 53
Incorrect syntax near the keyword 'SELECT'.
Msg 156, Level 15, State 1, Server DESKTOP-BOF7AOF\LOCALDB#B10938FE, Procedure Sp_NotificationFilterCompanies, Line 61
Incorrect syntax near the keyword 'SELECT'.
Msg 102, Level 15, State 1, Server DESKTOP-BOF7AOF\LOCALDB#B10938FE, Procedure Sp_NotificationFilterCompanies, Line 65
Incorrect syntax near ')'.
Msg 102, Level 15, State 1, Server DESKTOP-BOF7AOF\LOCALDB#B10938FE, Procedure Sp_NotificationFilterCompanies, Line 71
Incorrect syntax near ')'.
Msg 102, Level 15, State 1, Server DESKTOP-BOF7AOF\LOCALDB#B10938FE, Procedure Sp_NotificationFilterCompanies, Line 77
Incorrect syntax near ')'.
Msg 102, Level 15, State 1, Server DESKTOP-BOF7AOF\LOCALDB#B10938FE, Procedure Sp_NotificationFilterCompanies, Line 83
Incorrect syntax near ')'.
Msg 156, Level 15, State 1, Server DESKTOP-BOF7AOF\LOCALDB#B10938FE, Procedure Sp_NotificationFilterCompanies, Line 94
Incorrect syntax near the keyword 'SELECT'.
Msg 102, Level 15, State 1, Server DESKTOP-BOF7AOF\LOCALDB#B10938FE, Procedure Sp_NotificationFilterCompanies, Line 95
Incorrect syntax near ')'.
Msg 102, Level 15, State 1, Server DESKTOP-BOF7AOF\LOCALDB#B10938FE, Procedure Sp_NotificationFilterCompanies, Line 107
Incorrect syntax near 'CAST'.
Msg 102, Level 15, State 1, Server DESKTOP-BOF7AOF\LOCALDB#B10938FE, Procedure Sp_NotificationFilterCompanies, Line 129
Incorrect syntax near 'CAST'.

FAIL: E:\ERPMicroservice\src\Services\auditServices\auditapiServices\Stored-procedure\Notifications\Sp_NotificationFilterServices.sql
Msg 156, Level 15, State 1, Server DESKTOP-BOF7AOF\LOCALDB#B10938FE, Procedure Sp_NotificationFilterServices, Line 43
Incorrect syntax near the keyword 'SELECT'.
Msg 102, Level 15, State 1, Server DESKTOP-BOF7AOF\LOCALDB#B10938FE, Procedure Sp_NotificationFilterServices, Line 43
Incorrect syntax near ')'.
Msg 156, Level 15, State 1, Server DESKTOP-BOF7AOF\LOCALDB#B10938FE, Procedure Sp_NotificationFilterServices, Line 53
Incorrect syntax near the keyword 'SELECT'.
Msg 156, Level 15, State 1, Server DESKTOP-BOF7AOF\LOCALDB#B10938FE, Procedure Sp_NotificationFilterServices, Line 61
Incorrect syntax near the keyword 'SELECT'.
Msg 102, Level 15, State 1, Server DESKTOP-BOF7AOF\LOCALDB#B10938FE, Procedure Sp_NotificationFilterServices, Line 65
Incorrect syntax near ')'.
Msg 102, Level 15, State 1, Server DESKTOP-BOF7AOF\LOCALDB#B10938FE, Procedure Sp_NotificationFilterServices, Line 71
Incorrect syntax near ')'.
Msg 102, Level 15, State 1, Server DESKTOP-BOF7AOF\LOCALDB#B10938FE, Procedure Sp_NotificationFilterServices, Line 77
Incorrect syntax near ')'.
Msg 102, Level 15, State 1, Server DESKTOP-BOF7AOF\LOCALDB#B10938FE, Procedure Sp_NotificationFilterServices, Line 83
Incorrect syntax near ')'.
Msg 156, Level 15, State 1, Server DESKTOP-BOF7AOF\LOCALDB#B10938FE, Procedure Sp_NotificationFilterServices, Line 94
Incorrect syntax near the keyword 'SELECT'.
Msg 102, Level 15, State 1, Server DESKTOP-BOF7AOF\LOCALDB#B10938FE, Procedure Sp_NotificationFilterServices, Line 95
Incorrect syntax near ')'.
Msg 102, Level 15, State 1, Server DESKTOP-BOF7AOF\LOCALDB#B10938FE, Procedure Sp_NotificationFilterServices, Line 107
Incorrect syntax near 'CAST'.
Msg 102, Level 15, State 1, Server DESKTOP-BOF7AOF\LOCALDB#B10938FE, Procedure Sp_NotificationFilterServices, Line 129
Incorrect syntax near 'CAST'.

FAIL: E:\ERPMicroservice\src\Services\auditServices\auditapiServices\Stored-procedure\Notifications\Sp_NotificationFilterSites.sql
Msg 156, Level 15, State 1, Server DESKTOP-BOF7AOF\LOCALDB#B10938FE, Procedure Sp_NotificationFilterSites, Line 43
Incorrect syntax near the keyword 'SELECT'.
Msg 102, Level 15, State 1, Server DESKTOP-BOF7AOF\LOCALDB#B10938FE, Procedure Sp_NotificationFilterSites, Line 43
Incorrect syntax near ')'.
Msg 156, Level 15, State 1, Server DESKTOP-BOF7AOF\LOCALDB#B10938FE, Procedure Sp_NotificationFilterSites, Line 54
Incorrect syntax near the keyword 'SELECT'.
Msg 156, Level 15, State 1, Server DESKTOP-BOF7AOF\LOCALDB#B10938FE, Procedure Sp_NotificationFilterSites, Line 57
Incorrect syntax near the keyword 'SELECT'.
Msg 156, Level 15, State 1, Server DESKTOP-BOF7AOF\LOCALDB#B10938FE, Procedure Sp_NotificationFilterSites, Line 60
Incorrect syntax near the keyword 'SELECT'.
Msg 156, Level 15, State 1, Server DESKTOP-BOF7AOF\LOCALDB#B10938FE, Procedure Sp_NotificationFilterSites, Line 69
Incorrect syntax near the keyword 'SELECT'.
Msg 102, Level 15, State 1, Server DESKTOP-BOF7AOF\LOCALDB#B10938FE, Procedure Sp_NotificationFilterSites, Line 73
Incorrect syntax near ')'.
Msg 102, Level 15, State 1, Server DESKTOP-BOF7AOF\LOCALDB#B10938FE, Procedure Sp_NotificationFilterSites, Line 79
Incorrect syntax near ')'.
Msg 102, Level 15, State 1, Server DESKTOP-BOF7AOF\LOCALDB#B10938FE, Procedure Sp_NotificationFilterSites, Line 85
Incorrect syntax near ')'.
Msg 102, Level 15, State 1, Server DESKTOP-BOF7AOF\LOCALDB#B10938FE, Procedure Sp_NotificationFilterSites, Line 91
Incorrect syntax near ')'.
Msg 102, Level 15, State 1, Server DESKTOP-BOF7AOF\LOCALDB#B10938FE, Procedure Sp_NotificationFilterSites, Line 107
Incorrect syntax near ')'.
Msg 102, Level 15, State 1, Server DESKTOP-BOF7AOF\LOCALDB#B10938FE, Procedure Sp_NotificationFilterSites, Line 113
Incorrect syntax near ')'.
Msg 102, Level 15, State 1, Server DESKTOP-BOF7AOF\LOCALDB#B10938FE, Procedure Sp_NotificationFilterSites, Line 119
Incorrect syntax near ')'.
Msg 102, Level 15, State 1, Server DESKTOP-BOF7AOF\LOCALDB#B10938FE, Procedure Sp_NotificationFilterSites, Line 125
Incorrect syntax near ')'.
Msg 102, Level 15, State 1, Server DESKTOP-BOF7AOF\LOCALDB#B10938FE, Procedure Sp_NotificationFilterSites, Line 142
Incorrect syntax near ')'.
Msg 102, Level 15, State 1, Server DESKTOP-BOF7AOF\LOCALDB#B10938FE, Procedure Sp_NotificationFilterSites, Line 148
Incorrect syntax near ')'.
Msg 102, Level 15, State 1, Server DESKTOP-BOF7AOF\LOCALDB#B10938FE, Procedure Sp_NotificationFilterSites, Line 154
Incorrect syntax near ')'.
Msg 102, Level 15, State 1, Server DESKTOP-BOF7AOF\LOCALDB#B10938FE, Procedure Sp_NotificationFilterSites, Line 160
Incorrect syntax near ')'.
Msg 156, Level 15, State 1, Server DESKTOP-BOF7AOF\LOCALDB#B10938FE, Procedure Sp_NotificationFilterSites, Line 171
Incorrect syntax near the keyword 'SELECT'.
Msg 102, Level 15, State 1, Server DESKTOP-BOF7AOF\LOCALDB#B10938FE, Procedure Sp_NotificationFilterSites, Line 172
Incorrect syntax near ')'.
Msg 102, Level 15, State 1, Server DESKTOP-BOF7AOF\LOCALDB#B10938FE, Procedure Sp_NotificationFilterSites, Line 184
Incorrect syntax near 'CAST'.
Msg 102, Level 15, State 1, Server DESKTOP-BOF7AOF\LOCALDB#B10938FE, Procedure Sp_NotificationFilterSites, Line 206
Incorrect syntax near 'CAST'.

FAIL: E:\ERPMicroservice\src\Services\auditServices\auditapiServices\Stored-procedure\Notifications\Sp_Notifications.sql
Msg 156, Level 15, State 1, Server DESKTOP-BOF7AOF\LOCALDB#B10938FE, Procedure Sp_Notifications, Line 54
Incorrect syntax near the keyword 'SELECT'.
Msg 102, Level 15, State 1, Server DESKTOP-BOF7AOF\LOCALDB#B10938FE, Procedure Sp_Notifications, Line 54
Incorrect syntax near ')'.
Msg 156, Level 15, State 1, Server DESKTOP-BOF7AOF\LOCALDB#B10938FE, Procedure Sp_Notifications, Line 71
Incorrect syntax near the keyword 'SELECT'.
Msg 102, Level 15, State 1, Server DESKTOP-BOF7AOF\LOCALDB#B10938FE, Procedure Sp_Notifications, Line 75
Incorrect syntax near ')'.
Msg 102, Level 15, State 1, Server DESKTOP-BOF7AOF\LOCALDB#B10938FE, Procedure Sp_Notifications, Line 81
Incorrect syntax near ')'.
Msg 102, Level 15, State 1, Server DESKTOP-BOF7AOF\LOCALDB#B10938FE, Procedure Sp_Notifications, Line 87
Incorrect syntax near ')'.
Msg 102, Level 15, State 1, Server DESKTOP-BOF7AOF\LOCALDB#B10938FE, Procedure Sp_Notifications, Line 93
Incorrect syntax near ')'.
Msg 102, Level 15, State 1, Server DESKTOP-BOF7AOF\LOCALDB#B10938FE, Procedure Sp_Notifications, Line 99
Incorrect syntax near ')'.
Msg 156, Level 15, State 1, Server DESKTOP-BOF7AOF\LOCALDB#B10938FE, Procedure Sp_Notifications, Line 108
Incorrect syntax near the keyword 'SELECT'.
Msg 156, Level 15, State 1, Server DESKTOP-BOF7AOF\LOCALDB#B10938FE, Procedure Sp_Notifications, Line 123
Incorrect syntax near the keyword 'SELECT'.
Msg 102, Level 15, State 1, Server DESKTOP-BOF7AOF\LOCALDB#B10938FE, Procedure Sp_Notifications, Line 127
Incorrect syntax near ')'.
Msg 102, Level 15, State 1, Server DESKTOP-BOF7AOF\LOCALDB#B10938FE, Procedure Sp_Notifications, Line 133
Incorrect syntax near ')'.
Msg 102, Level 15, State 1, Server DESKTOP-BOF7AOF\LOCALDB#B10938FE, Procedure Sp_Notifications, Line 139
Incorrect syntax near ')'.
Msg 102, Level 15, State 1, Server DESKTOP-BOF7AOF\LOCALDB#B10938FE, Procedure Sp_Notifications, Line 145
Incorrect syntax near ')'.
Msg 102, Level 15, State 1, Server DESKTOP-BOF7AOF\LOCALDB#B10938FE, Procedure Sp_Notifications, Line 151
Incorrect syntax near ')'.
Msg 153, Level 15, State 2, Server DESKTOP-BOF7AOF\LOCALDB#B10938FE, Procedure Sp_Notifications, Line 155
Invalid usage of the option NEXT in the FETCH statement.
Msg 156, Level 15, State 1, Server DESKTOP-BOF7AOF\LOCALDB#B10938FE, Procedure Sp_Notifications, Line 164
Incorrect syntax near the keyword 'SELECT'.
Msg 102, Level 15, State 1, Server DESKTOP-BOF7AOF\LOCALDB#B10938FE, Procedure Sp_Notifications, Line 167
Incorrect syntax near ')'.
Msg 156, Level 15, State 1, Server DESKTOP-BOF7AOF\LOCALDB#B10938FE, Procedure Sp_Notifications, Line 171
Incorrect syntax near the keyword 'SELECT'.
Msg 102, Level 15, State 1, Server DESKTOP-BOF7AOF\LOCALDB#B10938FE, Procedure Sp_Notifications, Line 172
Incorrect syntax near ')'.
Msg 156, Level 15, State 1, Server DESKTOP-BOF7AOF\LOCALDB#B10938FE, Procedure Sp_Notifications, Line 181
Incorrect syntax near the keyword 'SELECT'.
Msg 156, Level 15, State 1, Server DESKTOP-BOF7AOF\LOCALDB#B10938FE, Procedure Sp_Notifications, Line 184
Incorrect syntax near the keyword 'SELECT'.
Msg 102, Level 15, State 1, Server DESKTOP-BOF7AOF\LOCALDB#B10938FE, Procedure Sp_Notifications, Line 188
Incorrect syntax near ')'.
Msg 102, Level 15, State 1, Server DESKTOP-BOF7AOF\LOCALDB#B10938FE, Procedure Sp_Notifications, Line 193
Incorrect syntax near ')'.
Msg 102, Level 15, State 1, Server DESKTOP-BOF7AOF\LOCALDB#B10938FE, Procedure Sp_Notifications, Line 199
Incorrect syntax near ')'.
Msg 102, Level 15, State 1, Server DESKTOP-BOF7AOF\LOCALDB#B10938FE, Procedure Sp_Notifications, Line 205
Incorrect syntax near ')'.
Msg 102, Level 15, State 1, Server DESKTOP-BOF7AOF\LOCALDB#B10938FE, Procedure Sp_Notifications, Line 211
Incorrect syntax near ')'.
Msg 153, Level 15, State 2, Server DESKTOP-BOF7AOF\LOCALDB#B10938FE, Procedure Sp_Notifications, Line 215
Invalid usage of the option NEXT in the FETCH statement.
Msg 156, Level 15, State 1, Server DESKTOP-BOF7AOF\LOCALDB#B10938FE, Procedure Sp_Notifications, Line 248
Incorrect syntax near the keyword 'SELECT'.
Msg 102, Level 15, State 1, Server DESKTOP-BOF7AOF\LOCALDB#B10938FE, Procedure Sp_Notifications, Line 250
Incorrect syntax near '0'.
Msg 102, Level 15, State 1, Server DESKTOP-BOF7AOF\LOCALDB#B10938FE, Procedure Sp_Notifications, Line 256
Incorrect syntax near ')'.
Msg 156, Level 15, State 1, Server DESKTOP-BOF7AOF\LOCALDB#B10938FE, Procedure Sp_Notifications, Line 276
Incorrect syntax near the keyword 'SELECT'.
Msg 102, Level 15, State 1, Server DESKTOP-BOF7AOF\LOCALDB#B10938FE, Procedure Sp_Notifications, Line 278
Incorrect syntax near '0'.
Msg 102, Level 15, State 1, Server DESKTOP-BOF7AOF\LOCALDB#B10938FE, Procedure Sp_Notifications, Line 284
Incorrect syntax near ')'.

FAIL: E:\ERPMicroservice\src\Services\auditServices\auditapiServices\Stored-procedure\Overview\Sp_GetOverviewCardData.sql
Msg 156, Level 15, State 1, Server DESKTOP-BOF7AOF\LOCALDB#B10938FE, Procedure Sp_GetOverviewCardData, Line 39
Incorrect syntax near the keyword 'SELECT'.
Msg 156, Level 15, State 1, Server DESKTOP-BOF7AOF\LOCALDB#B10938FE, Procedure Sp_GetOverviewCardData, Line 40
Incorrect syntax near the keyword 'SELECT'.
Msg 156, Level 15, State 1, Server DESKTOP-BOF7AOF\LOCALDB#B10938FE, Procedure Sp_GetOverviewCardData, Line 58
Incorrect syntax near the keyword 'SELECT'.
Msg 102, Level 15, State 1, Server DESKTOP-BOF7AOF\LOCALDB#B10938FE, Procedure Sp_GetOverviewCardData, Line 64
Incorrect syntax near '1'.
Msg 102, Level 15, State 1, Server DESKTOP-BOF7AOF\LOCALDB#B10938FE, Procedure Sp_GetOverviewCardData, Line 64
Incorrect syntax near ')'.
Msg 102, Level 15, State 1, Server DESKTOP-BOF7AOF\LOCALDB#B10938FE, Procedure Sp_GetOverviewCardData, Line 65
Incorrect syntax near ')'.
Msg 102, Level 15, State 1, Server DESKTOP-BOF7AOF\LOCALDB#B10938FE, Procedure Sp_GetOverviewCardData, Line 66
Incorrect syntax near ')'.
Msg 102, Level 15, State 1, Server DESKTOP-BOF7AOF\LOCALDB#B10938FE, Procedure Sp_GetOverviewCardData, Line 71
Incorrect syntax near ')'.
Msg 102, Level 15, State 1, Server DESKTOP-BOF7AOF\LOCALDB#B10938FE, Procedure Sp_GetOverviewCardData, Line 72
Incorrect syntax near ')'.
Msg 102, Level 15, State 1, Server DESKTOP-BOF7AOF\LOCALDB#B10938FE, Procedure Sp_GetOverviewCardData, Line 73
Incorrect syntax near ')'.
Msg 102, Level 15, State 1, Server DESKTOP-BOF7AOF\LOCALDB#B10938FE, Procedure Sp_GetOverviewCardData, Line 79
Incorrect syntax near ')'.
Msg 102, Level 15, State 1, Server DESKTOP-BOF7AOF\LOCALDB#B10938FE, Procedure Sp_GetOverviewCardData, Line 80
Incorrect syntax near ')'.
Msg 102, Level 15, State 1, Server DESKTOP-BOF7AOF\LOCALDB#B10938FE, Procedure Sp_GetOverviewCardData, Line 81
Incorrect syntax near ')'.
Msg 156, Level 15, State 1, Server DESKTOP-BOF7AOF\LOCALDB#B10938FE, Procedure Sp_GetOverviewCardData, Line 84
Incorrect syntax near the keyword 'OR'.
Msg 102, Level 15, State 1, Server DESKTOP-BOF7AOF\LOCALDB#B10938FE, Procedure Sp_GetOverviewCardData, Line 84
Incorrect syntax near ')'.
Msg 102, Level 15, State 1, Server DESKTOP-BOF7AOF\LOCALDB#B10938FE, Procedure Sp_GetOverviewCardData, Line 85
Incorrect syntax near ')'.
Msg 102, Level 15, State 1, Server DESKTOP-BOF7AOF\LOCALDB#B10938FE, Procedure Sp_GetOverviewCardData, Line 86
Incorrect syntax near ')'.
Msg 102, Level 15, State 1, Server DESKTOP-BOF7AOF\LOCALDB#B10938FE, Procedure Sp_GetOverviewCardData, Line 92
Incorrect syntax near '1'.
Msg 102, Level 15, State 1, Server DESKTOP-BOF7AOF\LOCALDB#B10938FE, Procedure Sp_GetOverviewCardData, Line 92
Incorrect syntax near ')'.
Msg 102, Level 15, State 1, Server DESKTOP-BOF7AOF\LOCALDB#B10938FE, Procedure Sp_GetOverviewCardData, Line 93
Incorrect syntax near ')'.
Msg 102, Level 15, State 1, Server DESKTOP-BOF7AOF\LOCALDB#B10938FE, Procedure Sp_GetOverviewCardData, Line 94
Incorrect syntax near ')'.

FAIL: E:\ERPMicroservice\src\Services\auditServices\auditapiServices\Stored-procedure\parameter.sql
id          label       
----------- ------------
          2 Certificates
          3 Findings    
          4 Schedule    
id          label       
----------- ------------
          2 Certificates
          3 Findings    
          4 Schedule    
id          label       
----------- ------------
          2 Certificates
          3 Findings    
          4 Schedule    
Msg 2812, Level 16, State 62, Server DESKTOP-BOF7AOF\LOCALDB#B10938FE, Line 13
Could not find stored procedure 'Sp_ActionFilterCompanies'.
Msg 2812, Level 16, State 62, Server DESKTOP-BOF7AOF\LOCALDB#B10938FE, Line 16
Could not find stored procedure 'Sp_ActionFilterCompanies'.
Msg 2812, Level 16, State 62, Server DESKTOP-BOF7AOF\LOCALDB#B10938FE, Line 19
Could not find stored procedure 'Sp_ActionFilterCompanies'.
Msg 2812, Level 16, State 62, Server DESKTOP-BOF7AOF\LOCALDB#B10938FE, Line 22
Could not find stored procedure 'Sp_ActionFilterCompanies'.
Msg 2812, Level 16, State 62, Server DESKTOP-BOF7AOF\LOCALDB#B10938FE, Line 25
Could not find stored procedure 'Sp_ActionFilterCompanies'.
Msg 2812, Level 16, State 62, Server DESKTOP-BOF7AOF\LOCALDB#B10938FE, Line 28
Could not find stored procedure 'Sp_ActionFilterServices'.
Msg 2812, Level 16, State 62, Server DESKTOP-BOF7AOF\LOCALDB#B10938FE, Line 31
Could not find stored procedure 'Sp_ActionFilterServices'.
Msg 2812, Level 16, State 62, Server DESKTOP-BOF7AOF\LOCALDB#B10938FE, Line 34
Could not find stored procedure 'Sp_ActionFilterServices'.
Msg 2812, Level 16, State 62, Server DESKTOP-BOF7AOF\LOCALDB#B10938FE, Line 37
Could not find stored procedure 'Sp_ActionFilterServices'.
Msg 2812, Level 16, State 62, Server DESKTOP-BOF7AOF\LOCALDB#B10938FE, Line 40
Could not find stored procedure 'Sp_ActionFilterServices'.
Msg 208, Level 16, State 1, Server DESKTOP-BOF7AOF\LOCALDB#B10938FE, Procedure Sp_ActionFilterSites, Line 36
Invalid object name 'AuditServices'.
Msg 208, Level 16, State 1, Server DESKTOP-BOF7AOF\LOCALDB#B10938FE, Procedure Sp_ActionFilterSites, Line 36
Invalid object name 'AuditServices'.
Msg 208, Level 16, State 1, Server DESKTOP-BOF7AOF\LOCALDB#B10938FE, Procedure Sp_ActionFilterSites, Line 36
Invalid object name 'AuditServices'.
Msg 245, Level 16, State 1, Server DESKTOP-BOF7AOF\LOCALDB#B10938FE, Procedure Sp_ActionFilterSites, Line 31
Conversion failed when converting the nvarchar value 'ISO 9001:2015' to data type int.

FAIL: E:\ERPMicroservice\src\Services\auditServices\auditapiServices\Stored-procedure\Settings\Sp_GetPreferences.sql
Msg 156, Level 15, State 1, Server DESKTOP-BOF7AOF\LOCALDB#B10938FE, Procedure Sp_GetPreferences, Line 31
Incorrect syntax near the keyword 'RETURN'.
Msg 156, Level 15, State 1, Server DESKTOP-BOF7AOF\LOCALDB#B10938FE, Procedure Sp_GetPreferences, Line 35
Incorrect syntax near the keyword 'SELECT'.
Msg 102, Level 15, State 1, Server DESKTOP-BOF7AOF\LOCALDB#B10938FE, Procedure Sp_GetPreferences, Line 35
Incorrect syntax near ')'.
Msg 156, Level 15, State 1, Server DESKTOP-BOF7AOF\LOCALDB#B10938FE, Procedure Sp_GetPreferences, Line 42
Incorrect syntax near the keyword 'RETURN'.
Msg 156, Level 15, State 1, Server DESKTOP-BOF7AOF\LOCALDB#B10938FE, Procedure Sp_GetPreferences, Line 49
Incorrect syntax near the keyword 'SELECT'.
Msg 102, Level 15, State 1, Server DESKTOP-BOF7AOF\LOCALDB#B10938FE, Procedure Sp_GetPreferences, Line 55
Incorrect syntax near ')'.
Msg 156, Level 15, State 1, Server DESKTOP-BOF7AOF\LOCALDB#B10938FE, Procedure Sp_GetPreferences, Line 60
Incorrect syntax near the keyword 'ELSE'.
Msg 102, Level 15, State 1, Server DESKTOP-BOF7AOF\LOCALDB#B10938FE, Procedure Sp_GetPreferences, Line 60
Incorrect syntax near ')'.
Msg 156, Level 15, State 1, Server DESKTOP-BOF7AOF\LOCALDB#B10938FE, Procedure Sp_GetPreferences, Line 84
Incorrect syntax near the keyword 'SELECT'.
Msg 102, Level 15, State 1, Server DESKTOP-BOF7AOF\LOCALDB#B10938FE, Procedure Sp_GetPreferences, Line 84
Incorrect syntax near ')'.

FAIL: E:\ERPMicroservice\src\Services\auditServices\auditapiServices\Stored-procedure\Settings\Sp_GetSettingsAdminList.sql
Msg 156, Level 15, State 1, Server DESKTOP-BOF7AOF\LOCALDB#B10938FE, Procedure Sp_GetSettingsAdminList, Line 34
Incorrect syntax near the keyword 'SELECT'.
Msg 102, Level 15, State 1, Server DESKTOP-BOF7AOF\LOCALDB#B10938FE, Procedure Sp_GetSettingsAdminList, Line 34
Incorrect syntax near ')'.
Msg 156, Level 15, State 1, Server DESKTOP-BOF7AOF\LOCALDB#B10938FE, Procedure Sp_GetSettingsAdminList, Line 43
Incorrect syntax near the keyword 'SELECT'.
Msg 102, Level 15, State 1, Server DESKTOP-BOF7AOF\LOCALDB#B10938FE, Procedure Sp_GetSettingsAdminList, Line 47
Incorrect syntax near ')'.
Msg 156, Level 15, State 1, Server DESKTOP-BOF7AOF\LOCALDB#B10938FE, Procedure Sp_GetSettingsAdminList, Line 62
Incorrect syntax near the keyword 'SELECT'.
Msg 156, Level 15, State 1, Server DESKTOP-BOF7AOF\LOCALDB#B10938FE, Procedure Sp_GetSettingsAdminList, Line 68
Incorrect syntax near the keyword 'SELECT'.
Msg 102, Level 15, State 1, Server DESKTOP-BOF7AOF\LOCALDB#B10938FE, Procedure Sp_GetSettingsAdminList, Line 72
Incorrect syntax near ')'.
Msg 102, Level 15, State 1, Server DESKTOP-BOF7AOF\LOCALDB#B10938FE, Procedure Sp_GetSettingsAdminList, Line 81
Incorrect syntax near ')'.
Msg 102, Level 15, State 1, Server DESKTOP-BOF7AOF\LOCALDB#B10938FE, Procedure Sp_GetSettingsAdminList, Line 92
Incorrect syntax near ')'.
Msg 102, Level 15, State 1, Server DESKTOP-BOF7AOF\LOCALDB#B10938FE, Procedure Sp_GetSettingsAdminList, Line 105
Incorrect syntax near ')'.
Msg 156, Level 15, State 1, Server DESKTOP-BOF7AOF\LOCALDB#B10938FE, Procedure Sp_GetSettingsAdminList, Line 116
Incorrect syntax near the keyword 'SELECT'.
Msg 102, Level 15, State 1, Server DESKTOP-BOF7AOF\LOCALDB#B10938FE, Procedure Sp_GetSettingsAdminList, Line 116
Incorrect syntax near ')'.
Msg 102, Level 15, State 1, Server DESKTOP-BOF7AOF\LOCALDB#B10938FE, Procedure Sp_GetSettingsAdminList, Line 146
Incorrect syntax near 'CAST'.
Msg 102, Level 15, State 1, Server DESKTOP-BOF7AOF\LOCALDB#B10938FE, Procedure Sp_GetSettingsAdminList, Line 168
Incorrect syntax near 'CAST'.

FAIL: E:\ERPMicroservice\src\Services\auditServices\auditapiServices\Stored-procedure\Settings\Sp_GetSettingsCompanyDetails.sql
Msg 156, Level 15, State 1, Server DESKTOP-BOF7AOF\LOCALDB#B10938FE, Procedure Sp_GetSettingsCompanyDetails, Line 32
Incorrect syntax near the keyword 'SELECT'.
Msg 102, Level 15, State 1, Server DESKTOP-BOF7AOF\LOCALDB#B10938FE, Procedure Sp_GetSettingsCompanyDetails, Line 32
Incorrect syntax near ')'.
Msg 156, Level 15, State 1, Server DESKTOP-BOF7AOF\LOCALDB#B10938FE, Procedure Sp_GetSettingsCompanyDetails, Line 64
Incorrect syntax near the keyword 'SELECT'.
Msg 102, Level 15, State 1, Server DESKTOP-BOF7AOF\LOCALDB#B10938FE, Procedure Sp_GetSettingsCompanyDetails, Line 78
Incorrect syntax near ')'.
Msg 156, Level 15, State 1, Server DESKTOP-BOF7AOF\LOCALDB#B10938FE, Procedure Sp_GetSettingsCompanyDetails, Line 84
Incorrect syntax near the keyword 'SELECT'.
Msg 102, Level 15, State 1, Server DESKTOP-BOF7AOF\LOCALDB#B10938FE, Procedure Sp_GetSettingsCompanyDetails, Line 102
Incorrect syntax near ')'.
Msg 156, Level 15, State 1, Server DESKTOP-BOF7AOF\LOCALDB#B10938FE, Procedure Sp_GetSettingsCompanyDetails, Line 110
Incorrect syntax near the keyword 'SELECT'.
Msg 102, Level 15, State 1, Server DESKTOP-BOF7AOF\LOCALDB#B10938FE, Procedure Sp_GetSettingsCompanyDetails, Line 116
Incorrect syntax near ')'.
Msg 156, Level 15, State 1, Server DESKTOP-BOF7AOF\LOCALDB#B10938FE, Procedure Sp_GetSettingsCompanyDetails, Line 120
Incorrect syntax near the keyword 'SELECT'.
Msg 102, Level 15, State 1, Server DESKTOP-BOF7AOF\LOCALDB#B10938FE, Procedure Sp_GetSettingsCompanyDetails, Line 120
Incorrect syntax near ')'.
Msg 102, Level 15, State 1, Server DESKTOP-BOF7AOF\LOCALDB#B10938FE, Procedure Sp_GetSettingsCompanyDetails, Line 156
Incorrect syntax near ')'.
Msg 102, Level 15, State 1, Server DESKTOP-BOF7AOF\LOCALDB#B10938FE, Procedure Sp_GetSettingsCompanyDetails, Line 182
Incorrect syntax near ')'.

FAIL: E:\ERPMicroservice\src\Services\auditServices\auditapiServices\Stored-procedure\Settings\Sp_GetSettingsMemberList.sql
Msg 156, Level 15, State 1, Server DESKTOP-BOF7AOF\LOCALDB#B10938FE, Procedure Sp_GetSettingsMemberList, Line 34
Incorrect syntax near the keyword 'SELECT'.
Msg 102, Level 15, State 1, Server DESKTOP-BOF7AOF\LOCALDB#B10938FE, Procedure Sp_GetSettingsMemberList, Line 34
Incorrect syntax near ')'.
Msg 156, Level 15, State 1, Server DESKTOP-BOF7AOF\LOCALDB#B10938FE, Procedure Sp_GetSettingsMemberList, Line 43
Incorrect syntax near the keyword 'SELECT'.
Msg 102, Level 15, State 1, Server DESKTOP-BOF7AOF\LOCALDB#B10938FE, Procedure Sp_GetSettingsMemberList, Line 47
Incorrect syntax near ')'.
Msg 156, Level 15, State 1, Server DESKTOP-BOF7AOF\LOCALDB#B10938FE, Procedure Sp_GetSettingsMemberList, Line 62
Incorrect syntax near the keyword 'SELECT'.
Msg 156, Level 15, State 1, Server DESKTOP-BOF7AOF\LOCALDB#B10938FE, Procedure Sp_GetSettingsMemberList, Line 65
Incorrect syntax near the keyword 'SELECT'.
Msg 102, Level 15, State 1, Server DESKTOP-BOF7AOF\LOCALDB#B10938FE, Procedure Sp_GetSettingsMemberList, Line 72
Incorrect syntax near ')'.
Msg 102, Level 15, State 1, Server DESKTOP-BOF7AOF\LOCALDB#B10938FE, Procedure Sp_GetSettingsMemberList, Line 78
Incorrect syntax near ')'.
Msg 102, Level 15, State 1, Server DESKTOP-BOF7AOF\LOCALDB#B10938FE, Procedure Sp_GetSettingsMemberList, Line 86
Incorrect syntax near ')'.
Msg 102, Level 15, State 1, Server DESKTOP-BOF7AOF\LOCALDB#B10938FE, Procedure Sp_GetSettingsMemberList, Line 97
Incorrect syntax near ')'.
Msg 102, Level 15, State 1, Server DESKTOP-BOF7AOF\LOCALDB#B10938FE, Procedure Sp_GetSettingsMemberList, Line 105
Incorrect syntax near ')'.
Msg 156, Level 15, State 1, Server DESKTOP-BOF7AOF\LOCALDB#B10938FE, Procedure Sp_GetSettingsMemberList, Line 108
Incorrect syntax near the keyword 'SELECT'.
Msg 156, Level 15, State 1, Server DESKTOP-BOF7AOF\LOCALDB#B10938FE, Procedure Sp_GetSettingsMemberList, Line 109
Incorrect syntax near the keyword 'SELECT'.
Msg 102, Level 15, State 1, Server DESKTOP-BOF7AOF\LOCALDB#B10938FE, Procedure Sp_GetSettingsMemberList, Line 117
Incorrect syntax near ')'.
Msg 102, Level 15, State 1, Server DESKTOP-BOF7AOF\LOCALDB#B10938FE, Procedure Sp_GetSettingsMemberList, Line 136
Incorrect syntax near ')'.
Msg 102, Level 15, State 1, Server DESKTOP-BOF7AOF\LOCALDB#B10938FE, Procedure Sp_GetSettingsMemberList, Line 145
Incorrect syntax near ')'.
Msg 156, Level 15, State 1, Server DESKTOP-BOF7AOF\LOCALDB#B10938FE, Procedure Sp_GetSettingsMemberList, Line 156
Incorrect syntax near the keyword 'SELECT'.
Msg 102, Level 15, State 1, Server DESKTOP-BOF7AOF\LOCALDB#B10938FE, Procedure Sp_GetSettingsMemberList, Line 156
Incorrect syntax near ')'.
Msg 102, Level 15, State 1, Server DESKTOP-BOF7AOF\LOCALDB#B10938FE, Procedure Sp_GetSettingsMemberList, Line 186
Incorrect syntax near 'CAST'.
Msg 102, Level 15, State 1, Server DESKTOP-BOF7AOF\LOCALDB#B10938FE, Procedure Sp_GetSettingsMemberList, Line 208
Incorrect syntax near 'CAST'.

FAIL: E:\ERPMicroservice\src\Services\auditServices\auditapiServices\Stored-procedure\Users\Sp_GetUserProfile.sql
Msg 156, Level 15, State 1, Server DESKTOP-BOF7AOF\LOCALDB#B10938FE, Procedure Sp_GetUserProfile, Line 41
Incorrect syntax near the keyword 'SELECT'.
Msg 102, Level 15, State 1, Server DESKTOP-BOF7AOF\LOCALDB#B10938FE, Procedure Sp_GetUserProfile, Line 46
Incorrect syntax near ')'.
Msg 156, Level 15, State 1, Server DESKTOP-BOF7AOF\LOCALDB#B10938FE, Procedure Sp_GetUserProfile, Line 70
Incorrect syntax near the keyword 'END'.

FAIL: E:\ERPMicroservice\src\Services\auditServices\auditapiServices\Stored-procedure\Users\Sp_GetUserValidation.sql
Msg 102, Level 15, State 1, Server DESKTOP-BOF7AOF\LOCALDB#B10938FE, Procedure Sp_GetUserValidation, Line 52
Incorrect syntax near ''.
Msg 156, Level 15, State 1, Server DESKTOP-BOF7AOF\LOCALDB#B10938FE, Procedure Sp_GetUserValidation, Line 71
Incorrect syntax near the keyword 'END'.

FAIL: E:\ERPMicroservice\src\Services\auditServices\auditapiServices\Stored-procedure\Widgets\Sp_GetWidgetForTrainingStatus.sql
Msg 102, Level 15, State 1, Server DESKTOP-BOF7AOF\LOCALDB#B10938FE, Procedure Sp_GetWidgetForTrainingStatus, Line 10
Incorrect syntax near ';'.
Msg 156, Level 15, State 1, Server DESKTOP-BOF7AOF\LOCALDB#B10938FE, Procedure Sp_GetWidgetForTrainingStatus, Line 17
Incorrect syntax near the keyword 'SELECT'.

FAIL: E:\ERPMicroservice\src\Services\auditServices\auditapiServices\Stored-procedure\Widgets\Sp_GetWidgetForUpcomingAudit.sql
Msg 102, Level 15, State 1, Server DESKTOP-BOF7AOF\LOCALDB#B10938FE, Procedure Sp_GetWidgetForUpcomingAudit, Line 18
Incorrect syntax near ';'.
Msg 156, Level 15, State 1, Server DESKTOP-BOF7AOF\LOCALDB#B10938FE, Procedure Sp_GetWidgetForUpcomingAudit, Line 25
Incorrect syntax near the keyword 'END'.

Result: OK=6 FAIL=45 of 51
