Using launch settings from e:\ERPMicroservice\src\Services\hrServicess\compensationbenefitsServices\src\CompensationBenefits.API\Properties\launchSettings.json...
Building...
e:\ERPMicroservice\src\Services\hrServicess\compensationbenefitsServices\src\CompensationBenefits.Infrastructure\CompensationBenefits.Infrastructure.csproj : warning NU1903: Package 'AutoMapper' 12.0.1 has a known high severity vulnerability, https://github.com/advisories/GHSA-rvv3-g6hj-g44x [e:\ERPMicroservice\src\Services\hrServicess\compensationbenefitsServices\src\CompensationBenefits.API\CompensationBenefits.API.csproj]
e:\ERPMicroservice\src\Services\hrServicess\compensationbenefitsServices\src\CompensationBenefits.Application\CompensationBenefits.Application.csproj : warning NU1903: Package 'AutoMapper' 12.0.1 has a known high severity vulnerability, https://github.com/advisories/GHSA-rvv3-g6hj-g44x [e:\ERPMicroservice\src\Services\hrServicess\compensationbenefitsServices\src\CompensationBenefits.API\CompensationBenefits.API.csproj]
e:\ERPMicroservice\src\Services\hrServicess\compensationbenefitsServices\src\CompensationBenefits.API\CompensationBenefits.API.csproj : warning NU1903: Package 'AutoMapper' 12.0.1 has a known high severity vulnerability, https://github.com/advisories/GHSA-rvv3-g6hj-g44x
e:\ERPMicroservice\src\Services\hrServicess\compensationbenefitsServices\src\CompensationBenefits.API\CompensationBenefits.API.csproj : warning NU1903: Package 'AutoMapper' 12.0.1 has a known high severity vulnerability, https://github.com/advisories/GHSA-rvv3-g6hj-g44x
e:\ERPMicroservice\src\Services\hrServicess\compensationbenefitsServices\src\CompensationBenefits.Application\CompensationBenefits.Application.csproj : warning NU1903: Package 'AutoMapper' 12.0.1 has a known high severity vulnerability, https://github.com/advisories/GHSA-rvv3-g6hj-g44x
e:\ERPMicroservice\src\Services\hrServicess\compensationbenefitsServices\src\CompensationBenefits.Infrastructure\CompensationBenefits.Infrastructure.csproj : warning NU1903: Package 'AutoMapper' 12.0.1 has a known high severity vulnerability, https://github.com/advisories/GHSA-rvv3-g6hj-g44x
e:\ERPMicroservice\src\Services\hrServicess\compensationbenefitsServices\src\CompensationBenefits.Domain\ValueObjects\Money.cs(9,13): warning CS8618: Non-nullable property 'Currency' must contain a non-null value when exiting constructor. Consider adding the 'required' modifier or declaring the property as nullable. [e:\ERPMicroservice\src\Services\hrServicess\compensationbenefitsServices\src\CompensationBenefits.Domain\CompensationBenefits.Domain.csproj]
warn: LuckyPennySoftware.MediatR.License[0]
      You do not have a valid license key for the Lucky Penny software MediatR. This is allowed for development and testing scenarios. If you are running in production you are required to have a licensed version. Please visit https://luckypennysoftware.com to obtain a valid license.
info: CompensationBenefits.Infrastructure.Persistence.CompensationBenefitsDbContext[0]
      Seeded default SalaryStructure.
info: CompensationBenefits.Infrastructure.Persistence.CompensationBenefitsDbContext[0]
      Seeded default RetiralRangeMaster.
info: Microsoft.Hosting.Lifetime[14]
      Now listening on: http://localhost:5009
info: Microsoft.Hosting.Lifetime[0]
      Application started. Press Ctrl+C to shut down.
info: Microsoft.Hosting.Lifetime[0]
      Hosting environment: Development
info: Microsoft.Hosting.Lifetime[0]
      Content root path: e:\ERPMicroservice\src\Services\hrServicess\compensationbenefitsServices\src\CompensationBenefits.API
warn: Microsoft.AspNetCore.HttpsPolicy.HttpsRedirectionMiddleware[3]
      Failed to determine the https port for redirect.
info: CompensationBenefits.Application.Common.Behaviours.LoggingBehaviour[0]
      Handling GetAllSalaryStructuresQuery: GetAllSalaryStructuresQuery { }
info: CompensationBenefits.Application.Common.Behaviours.LoggingBehaviour[0]
      Handled GetAllSalaryStructuresQuery
info: CompensationBenefits.Application.Common.Behaviours.LoggingBehaviour[0]
      Handling CreateSalaryStructureCommand: CreateSalaryStructureCommand { StructureId = 1001, UnitId = 10, Name = Senior Engineer Band, GradeCategory = TEC, GradeId = 5, Type = C, CtcMin = 800000, CtcMax = 1500000, FooterId = 1, CreatedBy = 1 }
info: CompensationBenefits.Application.EventHandlers.SalaryStructureCreatedDomainEventHandler[0]
      Salary Structure 1001 'Senior Engineer Band' created
info: CompensationBenefits.Application.Common.Behaviours.LoggingBehaviour[0]
      Handled CreateSalaryStructureCommand
info: CompensationBenefits.Application.Common.Behaviours.LoggingBehaviour[0]
      Handling GetSalaryStructureByIdQuery: GetSalaryStructureByIdQuery { StructureId = 1001 }
info: CompensationBenefits.Application.Common.Behaviours.LoggingBehaviour[0]
      Handled GetSalaryStructureByIdQuery
info: CompensationBenefits.Application.Common.Behaviours.LoggingBehaviour[0]
      Handling GetAllSalariesQuery: GetAllSalariesQuery { }
info: CompensationBenefits.Application.Common.Behaviours.LoggingBehaviour[0]
      Handled GetAllSalariesQuery
info: CompensationBenefits.Application.Common.Behaviours.LoggingBehaviour[0]
      Handling CreateSalaryCommand: CreateSalaryCommand { SalaryId = 2001, SalaryType = C, SalaryCTC = 1200000, SalaryStructureId = 1, SalaryFooterId = 1, CreatedBy = 1 }
info: CompensationBenefits.Application.EventHandlers.SalaryCreatedDomainEventHandler[0]
      Salary 2001 created with CTC 1200000
info: CompensationBenefits.Application.Common.Behaviours.LoggingBehaviour[0]
      Handled CreateSalaryCommand
info: CompensationBenefits.Application.Common.Behaviours.LoggingBehaviour[0]
      Handling GetSalaryStructureByIdQuery: GetSalaryStructureByIdQuery { StructureId = 1001 }
info: CompensationBenefits.Application.Common.Behaviours.LoggingBehaviour[0]
      Handled GetSalaryStructureByIdQuery
info: CompensationBenefits.Application.Common.Behaviours.LoggingBehaviour[0]
      Handling UpdateSalaryStructureCommand: UpdateSalaryStructureCommand { StructureId = 1, Name = Standard CTC Structure - Grade A Updated, CtcMin = 350000, CtcMax = 2100000, ModifiedBy = 1 }
info: CompensationBenefits.Application.Common.Behaviours.LoggingBehaviour[0]
      Handled UpdateSalaryStructureCommand
info: CompensationBenefits.Application.Common.Behaviours.LoggingBehaviour[0]
      Handling GetAllSalariesQuery: GetAllSalariesQuery { }
info: CompensationBenefits.Application.Common.Behaviours.LoggingBehaviour[0]
      Handled GetAllSalariesQuery
info: CompensationBenefits.Application.Common.Behaviours.LoggingBehaviour[0]
      Handling CreateSalaryCommand: CreateSalaryCommand { SalaryId = 2001, SalaryType = C, SalaryCTC = 1200000, SalaryStructureId = 1, SalaryFooterId = 1, CreatedBy = 1 }
fail: Microsoft.EntityFrameworkCore.Database.Command[20102]
      Failed executing DbCommand (4ms) [Parameters=[@p0='?' (Precision = 38) (DbType = Decimal), @p1='?' (Precision = 38) (DbType = Decimal), @p2='?' (Precision = 38) (DbType = Decimal), @p3='?' (DbType = DateTime2), @p4='?' (Precision = 38) (DbType = Decimal), @p5='?' (Precision = 38) (DbType = Decimal), @p6='?' (DbType = DateTime2), @p7='?' (Precision = 38) (DbType = Decimal), @p8='?' (Precision = 38) (DbType = Decimal), @p9='?' (Size = 1)], CommandType='Text', CommandTimeout='0']
      SET IMPLICIT_TRANSACTIONS OFF;
      SET NOCOUNT ON;
      INSERT INTO [SALARY_MAIN] ([SALARY_ID], [SALARY_CTC], [SALARY_CANCELLEDBY], [SALARY_CANCELLEDON], [SALARY_COPYEMPSYSID], [SALARY_CREATEDBY], [SALARY_CREATEDON], [SALARY_FOOTERID], [SALARY_STRUCTUREID], [SALARY_TYPE])
      VALUES (@p0, @p1, @p2, @p3, @p4, @p5, @p6, @p7, @p8, @p9);
fail: Microsoft.EntityFrameworkCore.Update[10000]
      An exception occurred in the database while saving changes for context type 'CompensationBenefits.Infrastructure.Persistence.CompensationBenefitsDbContext'.
      Microsoft.EntityFrameworkCore.DbUpdateException: An error occurred while saving the entity changes. See the inner exception for details.
       ---> Microsoft.Data.SqlClient.SqlException (0x80131904): Violation of PRIMARY KEY constraint 'PK_SALARY_MAIN'. Cannot insert duplicate key in object 'dbo.SALARY_MAIN'. The duplicate key value is (2001).
      The statement has been terminated.
         at Microsoft.Data.SqlClient.SqlCommand.<>c.<ExecuteDbDataReaderAsync>b__195_0(Task`1 result)
         at System.Threading.Tasks.ContinuationResultTaskFromResultTask`2.InnerInvoke()
         at System.Threading.ExecutionContext.RunInternal(ExecutionContext executionContext, ContextCallback callback, Object state)
      --- End of stack trace from previous location ---
         at System.Threading.ExecutionContext.RunInternal(ExecutionContext executionContext, ContextCallback callback, Object state)
         at System.Threading.Tasks.Task.ExecuteWithThreadLocal(Task& currentTaskSlot, Thread threadPoolThread)
      --- End of stack trace from previous location ---
         at Microsoft.EntityFrameworkCore.Storage.RelationalCommand.ExecuteReaderAsync(RelationalCommandParameterObject parameterObject, CancellationToken cancellationToken)
         at Microsoft.EntityFrameworkCore.Storage.RelationalCommand.ExecuteReaderAsync(RelationalCommandParameterObject parameterObject, CancellationToken cancellationToken)
         at Microsoft.EntityFrameworkCore.Update.ReaderModificationCommandBatch.ExecuteAsync(IRelationalConnection connection, CancellationToken cancellationToken)
      ClientConnectionId:c6e678cf-8afa-46da-9937-3b00263dc3fc
      Error Number:2627,State:1,Class:14
         --- End of inner exception stack trace ---
         at Microsoft.EntityFrameworkCore.Update.ReaderModificationCommandBatch.ExecuteAsync(IRelationalConnection connection, CancellationToken cancellationToken)
         at Microsoft.EntityFrameworkCore.SqlServer.Update.Internal.SqlServerModificationCommandBatch.ExecuteAsync(IRelationalConnection connection, CancellationToken cancellationToken)
         at Microsoft.EntityFrameworkCore.Update.Internal.BatchExecutor.ExecuteAsync(IEnumerable`1 commandBatches, IRelationalConnection connection, CancellationToken cancellationToken)
         at Microsoft.EntityFrameworkCore.Update.Internal.BatchExecutor.ExecuteAsync(IEnumerable`1 commandBatches, IRelationalConnection connection, CancellationToken cancellationToken)
         at Microsoft.EntityFrameworkCore.Update.Internal.BatchExecutor.ExecuteAsync(IEnumerable`1 commandBatches, IRelationalConnection connection, CancellationToken cancellationToken)
         at Microsoft.EntityFrameworkCore.Storage.RelationalDatabase.SaveChangesAsync(IList`1 entries, CancellationToken cancellationToken)
         at Microsoft.EntityFrameworkCore.ChangeTracking.Internal.StateManager.SaveChangesAsync(IList`1 entriesToSave, CancellationToken cancellationToken)
         at Microsoft.EntityFrameworkCore.ChangeTracking.Internal.StateManager.SaveChangesAsync(StateManager stateManager, Boolean acceptAllChangesOnSuccess, CancellationToken cancellationToken)
         at Microsoft.EntityFrameworkCore.Storage.ExecutionStrategy.<>c__DisplayClass30_0`2.<<ExecuteAsync>b__0>d.MoveNext()
      --- End of stack trace from previous location ---
         at Microsoft.EntityFrameworkCore.Storage.ExecutionStrategy.ExecuteImplementationAsync[TState,TResult](Func`4 operation, Func`4 verifySucceeded, TState state, CancellationToken cancellationToken)
         at Microsoft.EntityFrameworkCore.Storage.ExecutionStrategy.ExecuteImplementationAsync[TState,TResult](Func`4 operation, Func`4 verifySucceeded, TState state, CancellationToken cancellationToken)
         at Microsoft.EntityFrameworkCore.Storage.ExecutionStrategy.ExecuteAsync[TState,TResult](TState state, Func`4 operation, Func`4 verifySucceeded, CancellationToken cancellationToken)
         at Microsoft.EntityFrameworkCore.DbContext.SaveChangesAsync(Boolean acceptAllChangesOnSuccess, CancellationToken cancellationToken)
      Microsoft.EntityFrameworkCore.DbUpdateException: An error occurred while saving the entity changes. See the inner exception for details.
       ---> Microsoft.Data.SqlClient.SqlException (0x80131904): Violation of PRIMARY KEY constraint 'PK_SALARY_MAIN'. Cannot insert duplicate key in object 'dbo.SALARY_MAIN'. The duplicate key value is (2001).
      The statement has been terminated.
         at Microsoft.Data.SqlClient.SqlCommand.<>c.<ExecuteDbDataReaderAsync>b__195_0(Task`1 result)
         at System.Threading.Tasks.ContinuationResultTaskFromResultTask`2.InnerInvoke()
         at System.Threading.ExecutionContext.RunInternal(ExecutionContext executionContext, ContextCallback callback, Object state)
      --- End of stack trace from previous location ---
         at System.Threading.ExecutionContext.RunInternal(ExecutionContext executionContext, ContextCallback callback, Object state)
         at System.Threading.Tasks.Task.ExecuteWithThreadLocal(Task& currentTaskSlot, Thread threadPoolThread)
      --- End of stack trace from previous location ---
         at Microsoft.EntityFrameworkCore.Storage.RelationalCommand.ExecuteReaderAsync(RelationalCommandParameterObject parameterObject, CancellationToken cancellationToken)
         at Microsoft.EntityFrameworkCore.Storage.RelationalCommand.ExecuteReaderAsync(RelationalCommandParameterObject parameterObject, CancellationToken cancellationToken)
         at Microsoft.EntityFrameworkCore.Update.ReaderModificationCommandBatch.ExecuteAsync(IRelationalConnection connection, CancellationToken cancellationToken)
      ClientConnectionId:c6e678cf-8afa-46da-9937-3b00263dc3fc
      Error Number:2627,State:1,Class:14
         --- End of inner exception stack trace ---
         at Microsoft.EntityFrameworkCore.Update.ReaderModificationCommandBatch.ExecuteAsync(IRelationalConnection connection, CancellationToken cancellationToken)
         at Microsoft.EntityFrameworkCore.SqlServer.Update.Internal.SqlServerModificationCommandBatch.ExecuteAsync(IRelationalConnection connection, CancellationToken cancellationToken)
         at Microsoft.EntityFrameworkCore.Update.Internal.BatchExecutor.ExecuteAsync(IEnumerable`1 commandBatches, IRelationalConnection connection, CancellationToken cancellationToken)
         at Microsoft.EntityFrameworkCore.Update.Internal.BatchExecutor.ExecuteAsync(IEnumerable`1 commandBatches, IRelationalConnection connection, CancellationToken cancellationToken)
         at Microsoft.EntityFrameworkCore.Update.Internal.BatchExecutor.ExecuteAsync(IEnumerable`1 commandBatches, IRelationalConnection connection, CancellationToken cancellationToken)
         at Microsoft.EntityFrameworkCore.Storage.RelationalDatabase.SaveChangesAsync(IList`1 entries, CancellationToken cancellationToken)
         at Microsoft.EntityFrameworkCore.ChangeTracking.Internal.StateManager.SaveChangesAsync(IList`1 entriesToSave, CancellationToken cancellationToken)
         at Microsoft.EntityFrameworkCore.ChangeTracking.Internal.StateManager.SaveChangesAsync(StateManager stateManager, Boolean acceptAllChangesOnSuccess, CancellationToken cancellationToken)
         at Microsoft.EntityFrameworkCore.Storage.ExecutionStrategy.<>c__DisplayClass30_0`2.<<ExecuteAsync>b__0>d.MoveNext()
      --- End of stack trace from previous location ---
         at Microsoft.EntityFrameworkCore.Storage.ExecutionStrategy.ExecuteImplementationAsync[TState,TResult](Func`4 operation, Func`4 verifySucceeded, TState state, CancellationToken cancellationToken)
         at Microsoft.EntityFrameworkCore.Storage.ExecutionStrategy.ExecuteImplementationAsync[TState,TResult](Func`4 operation, Func`4 verifySucceeded, TState state, CancellationToken cancellationToken)
         at Microsoft.EntityFrameworkCore.Storage.ExecutionStrategy.ExecuteAsync[TState,TResult](TState state, Func`4 operation, Func`4 verifySucceeded, CancellationToken cancellationToken)
         at Microsoft.EntityFrameworkCore.DbContext.SaveChangesAsync(Boolean acceptAllChangesOnSuccess, CancellationToken cancellationToken)
fail: CompensationBenefits.API.Middleware.ExceptionHandlingMiddleware[0]
      Unhandled exception
      Microsoft.EntityFrameworkCore.DbUpdateException: An error occurred while saving the entity changes. See the inner exception for details.
       ---> Microsoft.Data.SqlClient.SqlException (0x80131904): Violation of PRIMARY KEY constraint 'PK_SALARY_MAIN'. Cannot insert duplicate key in object 'dbo.SALARY_MAIN'. The duplicate key value is (2001).
      The statement has been terminated.
         at Microsoft.Data.SqlClient.SqlCommand.<>c.<ExecuteDbDataReaderAsync>b__195_0(Task`1 result)
         at System.Threading.Tasks.ContinuationResultTaskFromResultTask`2.InnerInvoke()
         at System.Threading.ExecutionContext.RunInternal(ExecutionContext executionContext, ContextCallback callback, Object state)
      --- End of stack trace from previous location ---
         at System.Threading.ExecutionContext.RunInternal(ExecutionContext executionContext, ContextCallback callback, Object state)
         at System.Threading.Tasks.Task.ExecuteWithThreadLocal(Task& currentTaskSlot, Thread threadPoolThread)
      --- End of stack trace from previous location ---
         at Microsoft.EntityFrameworkCore.Storage.RelationalCommand.ExecuteReaderAsync(RelationalCommandParameterObject parameterObject, CancellationToken cancellationToken)
         at Microsoft.EntityFrameworkCore.Storage.RelationalCommand.ExecuteReaderAsync(RelationalCommandParameterObject parameterObject, CancellationToken cancellationToken)
         at Microsoft.EntityFrameworkCore.Update.ReaderModificationCommandBatch.ExecuteAsync(IRelationalConnection connection, CancellationToken cancellationToken)
      ClientConnectionId:c6e678cf-8afa-46da-9937-3b00263dc3fc
      Error Number:2627,State:1,Class:14
         --- End of inner exception stack trace ---
         at Microsoft.EntityFrameworkCore.Update.ReaderModificationCommandBatch.ExecuteAsync(IRelationalConnection connection, CancellationToken cancellationToken)
         at Microsoft.EntityFrameworkCore.SqlServer.Update.Internal.SqlServerModificationCommandBatch.ExecuteAsync(IRelationalConnection connection, CancellationToken cancellationToken)
         at Microsoft.EntityFrameworkCore.Update.Internal.BatchExecutor.ExecuteAsync(IEnumerable`1 commandBatches, IRelationalConnection connection, CancellationToken cancellationToken)
         at Microsoft.EntityFrameworkCore.Update.Internal.BatchExecutor.ExecuteAsync(IEnumerable`1 commandBatches, IRelationalConnection connection, CancellationToken cancellationToken)
         at Microsoft.EntityFrameworkCore.Update.Internal.BatchExecutor.ExecuteAsync(IEnumerable`1 commandBatches, IRelationalConnection connection, CancellationToken cancellationToken)
         at Microsoft.EntityFrameworkCore.Storage.RelationalDatabase.SaveChangesAsync(IList`1 entries, CancellationToken cancellationToken)
         at Microsoft.EntityFrameworkCore.ChangeTracking.Internal.StateManager.SaveChangesAsync(IList`1 entriesToSave, CancellationToken cancellationToken)
         at Microsoft.EntityFrameworkCore.ChangeTracking.Internal.StateManager.SaveChangesAsync(StateManager stateManager, Boolean acceptAllChangesOnSuccess, CancellationToken cancellationToken)
         at Microsoft.EntityFrameworkCore.Storage.ExecutionStrategy.<>c__DisplayClass30_0`2.<<ExecuteAsync>b__0>d.MoveNext()
      --- End of stack trace from previous location ---
         at Microsoft.EntityFrameworkCore.Storage.ExecutionStrategy.ExecuteImplementationAsync[TState,TResult](Func`4 operation, Func`4 verifySucceeded, TState state, CancellationToken cancellationToken)
         at Microsoft.EntityFrameworkCore.Storage.ExecutionStrategy.ExecuteImplementationAsync[TState,TResult](Func`4 operation, Func`4 verifySucceeded, TState state, CancellationToken cancellationToken)
         at Microsoft.EntityFrameworkCore.Storage.ExecutionStrategy.ExecuteAsync[TState,TResult](TState state, Func`4 operation, Func`4 verifySucceeded, CancellationToken cancellationToken)
         at Microsoft.EntityFrameworkCore.DbContext.SaveChangesAsync(Boolean acceptAllChangesOnSuccess, CancellationToken cancellationToken)
         at Microsoft.EntityFrameworkCore.DbContext.SaveChangesAsync(Boolean acceptAllChangesOnSuccess, CancellationToken cancellationToken)
         at CompensationBenefits.Infrastructure.Persistence.CompensationBenefitsDbContext.SaveChangesAsync(CancellationToken ct) in e:\ERPMicroservice\src\Services\hrServicess\compensationbenefitsServices\src\CompensationBenefits.Infrastructure\Persistence\CompensationBenefitsDbContext.cs:line 52
         at CompensationBenefits.Infrastructure.Persistence.Repositories.RepositoryBase`1.SaveChangesAsync(CancellationToken ct) in e:\ERPMicroservice\src\Services\hrServicess\compensationbenefitsServices\src\CompensationBenefits.Infrastructure\Persistence\Repositories\RepositoryBase.cs:line 28
         at CompensationBenefits.Application.Features.Salaries.Commands.CreateSalaryCommandHandler.Handle(CreateSalaryCommand request, CancellationToken ct) in e:\ERPMicroservice\src\Services\hrServicess\compensationbenefitsServices\src\CompensationBenefits.Application\Features\Salaries\Commands\SalaryCommands.cs:line 41
         at CompensationBenefits.Application.Common.Behaviours.ValidationBehaviour`2.Handle(TRequest request, RequestHandlerDelegate`1 next, CancellationToken ct) in e:\ERPMicroservice\src\Services\hrServicess\compensationbenefitsServices\src\CompensationBenefits.Application\Common\Behaviours\ValidationBehaviour.cs:line 23
         at CompensationBenefits.Application.Common.Behaviours.PerformanceBehaviour`2.Handle(TRequest request, RequestHandlerDelegate`1 next, CancellationToken ct) in e:\ERPMicroservice\src\Services\hrServicess\compensationbenefitsServices\src\CompensationBenefits.Application\Common\Behaviours\LoggingBehaviour.cs:line 26
         at CompensationBenefits.Application.Common.Behaviours.LoggingBehaviour`2.Handle(TRequest request, RequestHandlerDelegate`1 next, CancellationToken ct) in e:\ERPMicroservice\src\Services\hrServicess\compensationbenefitsServices\src\CompensationBenefits.Application\Common\Behaviours\LoggingBehaviour.cs:line 14
         at CompensationBenefits.API.Controllers.SalariesController.Create(CreateSalaryCommand command, CancellationToken ct) in e:\ERPMicroservice\src\Services\hrServicess\compensationbenefitsServices\src\CompensationBenefits.API\Controllers\SalariesController.cs:line 33
         at Microsoft.AspNetCore.Mvc.Infrastructure.ActionMethodExecutor.TaskOfIActionResultExecutor.Execute(ActionContext actionContext, IActionResultTypeMapper mapper, ObjectMethodExecutor executor, Object controller, Object[] arguments)
         at Microsoft.AspNetCore.Mvc.Infrastructure.ControllerActionInvoker.<InvokeActionMethodAsync>g__Awaited|12_0(ControllerActionInvoker invoker, ValueTask`1 actionResultValueTask)
         at Microsoft.AspNetCore.Mvc.Infrastructure.ControllerActionInvoker.<InvokeNextActionFilterAsync>g__Awaited|10_0(ControllerActionInvoker invoker, Task lastTask, State next, Scope scope, Object state, Boolean isCompleted)
         at Microsoft.AspNetCore.Mvc.Infrastructure.ControllerActionInvoker.Rethrow(ActionExecutedContextSealed context)
         at Microsoft.AspNetCore.Mvc.Infrastructure.ControllerActionInvoker.Next(State& next, Scope& scope, Object& state, Boolean& isCompleted)
         at Microsoft.AspNetCore.Mvc.Infrastructure.ControllerActionInvoker.<InvokeInnerFilterAsync>g__Awaited|13_0(ControllerActionInvoker invoker, Task lastTask, State next, Scope scope, Object state, Boolean isCompleted)
         at Microsoft.AspNetCore.Mvc.Infrastructure.ResourceInvoker.<InvokeFilterPipelineAsync>g__Awaited|20_0(ResourceInvoker invoker, Task lastTask, State next, Scope scope, Object state, Boolean isCompleted)
         at Microsoft.AspNetCore.Mvc.Infrastructure.ResourceInvoker.<InvokeAsync>g__Awaited|17_0(ResourceInvoker invoker, Task task, IDisposable scope)
         at Microsoft.AspNetCore.Mvc.Infrastructure.ResourceInvoker.<InvokeAsync>g__Awaited|17_0(ResourceInvoker invoker, Task task, IDisposable scope)
         at Microsoft.AspNetCore.Authorization.AuthorizationMiddleware.Invoke(HttpContext context)
         at Microsoft.AspNetCore.Authentication.AuthenticationMiddleware.Invoke(HttpContext context)
         at Swashbuckle.AspNetCore.SwaggerUI.SwaggerUIMiddleware.Invoke(HttpContext httpContext)
         at Swashbuckle.AspNetCore.Swagger.SwaggerMiddleware.Invoke(HttpContext httpContext, ISwaggerProvider swaggerProvider)
         at CompensationBenefits.API.Middleware.ExceptionHandlingMiddleware.InvokeAsync(HttpContext context) in e:\ERPMicroservice\src\Services\hrServicess\compensationbenefitsServices\src\CompensationBenefits.API\Middleware\ExceptionHandlingMiddleware.cs:line 13
info: CompensationBenefits.Application.Common.Behaviours.LoggingBehaviour[0]
      Handling UpdateSalaryStructureCommand: UpdateSalaryStructureCommand { StructureId = 1, Name = Standard CTC Structure - Grade A Updated, CtcMin = 350000, CtcMax = 2100000, ModifiedBy = 1 }
info: CompensationBenefits.Application.Common.Behaviours.LoggingBehaviour[0]
      Handled UpdateSalaryStructureCommand
info: CompensationBenefits.Application.Common.Behaviours.LoggingBehaviour[0]
      Handling GetAllSalariesQuery: GetAllSalariesQuery { }
info: CompensationBenefits.Application.Common.Behaviours.LoggingBehaviour[0]
      Handled GetAllSalariesQuery
info: CompensationBenefits.Application.Common.Behaviours.LoggingBehaviour[0]
      Handling CreateSalaryCommand: CreateSalaryCommand { SalaryId = 2001, SalaryType = C, SalaryCTC = 1200000, SalaryStructureId = 1, SalaryFooterId = 1, CreatedBy = 1 }
fail: Microsoft.EntityFrameworkCore.Database.Command[20102]
      Failed executing DbCommand (4ms) [Parameters=[@p0='?' (Precision = 38) (DbType = Decimal), @p1='?' (Precision = 38) (DbType = Decimal), @p2='?' (Precision = 38) (DbType = Decimal), @p3='?' (DbType = DateTime2), @p4='?' (Precision = 38) (DbType = Decimal), @p5='?' (Precision = 38) (DbType = Decimal), @p6='?' (DbType = DateTime2), @p7='?' (Precision = 38) (DbType = Decimal), @p8='?' (Precision = 38) (DbType = Decimal), @p9='?' (Size = 1)], CommandType='Text', CommandTimeout='0']
      SET IMPLICIT_TRANSACTIONS OFF;
      SET NOCOUNT ON;
      INSERT INTO [SALARY_MAIN] ([SALARY_ID], [SALARY_CTC], [SALARY_CANCELLEDBY], [SALARY_CANCELLEDON], [SALARY_COPYEMPSYSID], [SALARY_CREATEDBY], [SALARY_CREATEDON], [SALARY_FOOTERID], [SALARY_STRUCTUREID], [SALARY_TYPE])
      VALUES (@p0, @p1, @p2, @p3, @p4, @p5, @p6, @p7, @p8, @p9);
fail: Microsoft.EntityFrameworkCore.Update[10000]
      An exception occurred in the database while saving changes for context type 'CompensationBenefits.Infrastructure.Persistence.CompensationBenefitsDbContext'.
      Microsoft.EntityFrameworkCore.DbUpdateException: An error occurred while saving the entity changes. See the inner exception for details.
       ---> Microsoft.Data.SqlClient.SqlException (0x80131904): Violation of PRIMARY KEY constraint 'PK_SALARY_MAIN'. Cannot insert duplicate key in object 'dbo.SALARY_MAIN'. The duplicate key value is (2001).
      The statement has been terminated.
         at Microsoft.Data.SqlClient.SqlCommand.<>c.<ExecuteDbDataReaderAsync>b__195_0(Task`1 result)
         at System.Threading.Tasks.ContinuationResultTaskFromResultTask`2.InnerInvoke()
         at System.Threading.ExecutionContext.RunInternal(ExecutionContext executionContext, ContextCallback callback, Object state)
      --- End of stack trace from previous location ---
         at System.Threading.ExecutionContext.RunInternal(ExecutionContext executionContext, ContextCallback callback, Object state)
         at System.Threading.Tasks.Task.ExecuteWithThreadLocal(Task& currentTaskSlot, Thread threadPoolThread)
      --- End of stack trace from previous location ---
         at Microsoft.EntityFrameworkCore.Storage.RelationalCommand.ExecuteReaderAsync(RelationalCommandParameterObject parameterObject, CancellationToken cancellationToken)
         at Microsoft.EntityFrameworkCore.Storage.RelationalCommand.ExecuteReaderAsync(RelationalCommandParameterObject parameterObject, CancellationToken cancellationToken)
         at Microsoft.EntityFrameworkCore.Update.ReaderModificationCommandBatch.ExecuteAsync(IRelationalConnection connection, CancellationToken cancellationToken)
      ClientConnectionId:c6e678cf-8afa-46da-9937-3b00263dc3fc
      Error Number:2627,State:1,Class:14
         --- End of inner exception stack trace ---
         at Microsoft.EntityFrameworkCore.Update.ReaderModificationCommandBatch.ExecuteAsync(IRelationalConnection connection, CancellationToken cancellationToken)
         at Microsoft.EntityFrameworkCore.SqlServer.Update.Internal.SqlServerModificationCommandBatch.ExecuteAsync(IRelationalConnection connection, CancellationToken cancellationToken)
         at Microsoft.EntityFrameworkCore.Update.Internal.BatchExecutor.ExecuteAsync(IEnumerable`1 commandBatches, IRelationalConnection connection, CancellationToken cancellationToken)
         at Microsoft.EntityFrameworkCore.Update.Internal.BatchExecutor.ExecuteAsync(IEnumerable`1 commandBatches, IRelationalConnection connection, CancellationToken cancellationToken)
         at Microsoft.EntityFrameworkCore.Update.Internal.BatchExecutor.ExecuteAsync(IEnumerable`1 commandBatches, IRelationalConnection connection, CancellationToken cancellationToken)
         at Microsoft.EntityFrameworkCore.Storage.RelationalDatabase.SaveChangesAsync(IList`1 entries, CancellationToken cancellationToken)
         at Microsoft.EntityFrameworkCore.ChangeTracking.Internal.StateManager.SaveChangesAsync(IList`1 entriesToSave, CancellationToken cancellationToken)
         at Microsoft.EntityFrameworkCore.ChangeTracking.Internal.StateManager.SaveChangesAsync(StateManager stateManager, Boolean acceptAllChangesOnSuccess, CancellationToken cancellationToken)
         at Microsoft.EntityFrameworkCore.Storage.ExecutionStrategy.<>c__DisplayClass30_0`2.<<ExecuteAsync>b__0>d.MoveNext()
      --- End of stack trace from previous location ---
         at Microsoft.EntityFrameworkCore.Storage.ExecutionStrategy.ExecuteImplementationAsync[TState,TResult](Func`4 operation, Func`4 verifySucceeded, TState state, CancellationToken cancellationToken)
         at Microsoft.EntityFrameworkCore.Storage.ExecutionStrategy.ExecuteImplementationAsync[TState,TResult](Func`4 operation, Func`4 verifySucceeded, TState state, CancellationToken cancellationToken)
         at Microsoft.EntityFrameworkCore.Storage.ExecutionStrategy.ExecuteAsync[TState,TResult](TState state, Func`4 operation, Func`4 verifySucceeded, CancellationToken cancellationToken)
         at Microsoft.EntityFrameworkCore.DbContext.SaveChangesAsync(Boolean acceptAllChangesOnSuccess, CancellationToken cancellationToken)
      Microsoft.EntityFrameworkCore.DbUpdateException: An error occurred while saving the entity changes. See the inner exception for details.
       ---> Microsoft.Data.SqlClient.SqlException (0x80131904): Violation of PRIMARY KEY constraint 'PK_SALARY_MAIN'. Cannot insert duplicate key in object 'dbo.SALARY_MAIN'. The duplicate key value is (2001).
      The statement has been terminated.
         at Microsoft.Data.SqlClient.SqlCommand.<>c.<ExecuteDbDataReaderAsync>b__195_0(Task`1 result)
         at System.Threading.Tasks.ContinuationResultTaskFromResultTask`2.InnerInvoke()
         at System.Threading.ExecutionContext.RunInternal(ExecutionContext executionContext, ContextCallback callback, Object state)
      --- End of stack trace from previous location ---
         at System.Threading.ExecutionContext.RunInternal(ExecutionContext executionContext, ContextCallback callback, Object state)
         at System.Threading.Tasks.Task.ExecuteWithThreadLocal(Task& currentTaskSlot, Thread threadPoolThread)
      --- End of stack trace from previous location ---
         at Microsoft.EntityFrameworkCore.Storage.RelationalCommand.ExecuteReaderAsync(RelationalCommandParameterObject parameterObject, CancellationToken cancellationToken)
         at Microsoft.EntityFrameworkCore.Storage.RelationalCommand.ExecuteReaderAsync(RelationalCommandParameterObject parameterObject, CancellationToken cancellationToken)
         at Microsoft.EntityFrameworkCore.Update.ReaderModificationCommandBatch.ExecuteAsync(IRelationalConnection connection, CancellationToken cancellationToken)
      ClientConnectionId:c6e678cf-8afa-46da-9937-3b00263dc3fc
      Error Number:2627,State:1,Class:14
         --- End of inner exception stack trace ---
         at Microsoft.EntityFrameworkCore.Update.ReaderModificationCommandBatch.ExecuteAsync(IRelationalConnection connection, CancellationToken cancellationToken)
         at Microsoft.EntityFrameworkCore.SqlServer.Update.Internal.SqlServerModificationCommandBatch.ExecuteAsync(IRelationalConnection connection, CancellationToken cancellationToken)
         at Microsoft.EntityFrameworkCore.Update.Internal.BatchExecutor.ExecuteAsync(IEnumerable`1 commandBatches, IRelationalConnection connection, CancellationToken cancellationToken)
         at Microsoft.EntityFrameworkCore.Update.Internal.BatchExecutor.ExecuteAsync(IEnumerable`1 commandBatches, IRelationalConnection connection, CancellationToken cancellationToken)
         at Microsoft.EntityFrameworkCore.Update.Internal.BatchExecutor.ExecuteAsync(IEnumerable`1 commandBatches, IRelationalConnection connection, CancellationToken cancellationToken)
         at Microsoft.EntityFrameworkCore.Storage.RelationalDatabase.SaveChangesAsync(IList`1 entries, CancellationToken cancellationToken)
         at Microsoft.EntityFrameworkCore.ChangeTracking.Internal.StateManager.SaveChangesAsync(IList`1 entriesToSave, CancellationToken cancellationToken)
         at Microsoft.EntityFrameworkCore.ChangeTracking.Internal.StateManager.SaveChangesAsync(StateManager stateManager, Boolean acceptAllChangesOnSuccess, CancellationToken cancellationToken)
         at Microsoft.EntityFrameworkCore.Storage.ExecutionStrategy.<>c__DisplayClass30_0`2.<<ExecuteAsync>b__0>d.MoveNext()
      --- End of stack trace from previous location ---
         at Microsoft.EntityFrameworkCore.Storage.ExecutionStrategy.ExecuteImplementationAsync[TState,TResult](Func`4 operation, Func`4 verifySucceeded, TState state, CancellationToken cancellationToken)
         at Microsoft.EntityFrameworkCore.Storage.ExecutionStrategy.ExecuteImplementationAsync[TState,TResult](Func`4 operation, Func`4 verifySucceeded, TState state, CancellationToken cancellationToken)
         at Microsoft.EntityFrameworkCore.Storage.ExecutionStrategy.ExecuteAsync[TState,TResult](TState state, Func`4 operation, Func`4 verifySucceeded, CancellationToken cancellationToken)
         at Microsoft.EntityFrameworkCore.DbContext.SaveChangesAsync(Boolean acceptAllChangesOnSuccess, CancellationToken cancellationToken)
fail: CompensationBenefits.API.Middleware.ExceptionHandlingMiddleware[0]
      Unhandled exception
      Microsoft.EntityFrameworkCore.DbUpdateException: An error occurred while saving the entity changes. See the inner exception for details.
       ---> Microsoft.Data.SqlClient.SqlException (0x80131904): Violation of PRIMARY KEY constraint 'PK_SALARY_MAIN'. Cannot insert duplicate key in object 'dbo.SALARY_MAIN'. The duplicate key value is (2001).
      The statement has been terminated.
         at Microsoft.Data.SqlClient.SqlCommand.<>c.<ExecuteDbDataReaderAsync>b__195_0(Task`1 result)
         at System.Threading.Tasks.ContinuationResultTaskFromResultTask`2.InnerInvoke()
         at System.Threading.ExecutionContext.RunInternal(ExecutionContext executionContext, ContextCallback callback, Object state)
      --- End of stack trace from previous location ---
         at System.Threading.ExecutionContext.RunInternal(ExecutionContext executionContext, ContextCallback callback, Object state)
         at System.Threading.Tasks.Task.ExecuteWithThreadLocal(Task& currentTaskSlot, Thread threadPoolThread)
      --- End of stack trace from previous location ---
         at Microsoft.EntityFrameworkCore.Storage.RelationalCommand.ExecuteReaderAsync(RelationalCommandParameterObject parameterObject, CancellationToken cancellationToken)
         at Microsoft.EntityFrameworkCore.Storage.RelationalCommand.ExecuteReaderAsync(RelationalCommandParameterObject parameterObject, CancellationToken cancellationToken)
         at Microsoft.EntityFrameworkCore.Update.ReaderModificationCommandBatch.ExecuteAsync(IRelationalConnection connection, CancellationToken cancellationToken)
      ClientConnectionId:c6e678cf-8afa-46da-9937-3b00263dc3fc
      Error Number:2627,State:1,Class:14
         --- End of inner exception stack trace ---
         at Microsoft.EntityFrameworkCore.Update.ReaderModificationCommandBatch.ExecuteAsync(IRelationalConnection connection, CancellationToken cancellationToken)
         at Microsoft.EntityFrameworkCore.SqlServer.Update.Internal.SqlServerModificationCommandBatch.ExecuteAsync(IRelationalConnection connection, CancellationToken cancellationToken)
         at Microsoft.EntityFrameworkCore.Update.Internal.BatchExecutor.ExecuteAsync(IEnumerable`1 commandBatches, IRelationalConnection connection, CancellationToken cancellationToken)
         at Microsoft.EntityFrameworkCore.Update.Internal.BatchExecutor.ExecuteAsync(IEnumerable`1 commandBatches, IRelationalConnection connection, CancellationToken cancellationToken)
         at Microsoft.EntityFrameworkCore.Update.Internal.BatchExecutor.ExecuteAsync(IEnumerable`1 commandBatches, IRelationalConnection connection, CancellationToken cancellationToken)
         at Microsoft.EntityFrameworkCore.Storage.RelationalDatabase.SaveChangesAsync(IList`1 entries, CancellationToken cancellationToken)
         at Microsoft.EntityFrameworkCore.ChangeTracking.Internal.StateManager.SaveChangesAsync(IList`1 entriesToSave, CancellationToken cancellationToken)
         at Microsoft.EntityFrameworkCore.ChangeTracking.Internal.StateManager.SaveChangesAsync(StateManager stateManager, Boolean acceptAllChangesOnSuccess, CancellationToken cancellationToken)
         at Microsoft.EntityFrameworkCore.Storage.ExecutionStrategy.<>c__DisplayClass30_0`2.<<ExecuteAsync>b__0>d.MoveNext()
      --- End of stack trace from previous location ---
         at Microsoft.EntityFrameworkCore.Storage.ExecutionStrategy.ExecuteImplementationAsync[TState,TResult](Func`4 operation, Func`4 verifySucceeded, TState state, CancellationToken cancellationToken)
         at Microsoft.EntityFrameworkCore.Storage.ExecutionStrategy.ExecuteImplementationAsync[TState,TResult](Func`4 operation, Func`4 verifySucceeded, TState state, CancellationToken cancellationToken)
         at Microsoft.EntityFrameworkCore.Storage.ExecutionStrategy.ExecuteAsync[TState,TResult](TState state, Func`4 operation, Func`4 verifySucceeded, CancellationToken cancellationToken)
         at Microsoft.EntityFrameworkCore.DbContext.SaveChangesAsync(Boolean acceptAllChangesOnSuccess, CancellationToken cancellationToken)
         at Microsoft.EntityFrameworkCore.DbContext.SaveChangesAsync(Boolean acceptAllChangesOnSuccess, CancellationToken cancellationToken)
         at CompensationBenefits.Infrastructure.Persistence.CompensationBenefitsDbContext.SaveChangesAsync(CancellationToken ct) in e:\ERPMicroservice\src\Services\hrServicess\compensationbenefitsServices\src\CompensationBenefits.Infrastructure\Persistence\CompensationBenefitsDbContext.cs:line 52
         at CompensationBenefits.Infrastructure.Persistence.Repositories.RepositoryBase`1.SaveChangesAsync(CancellationToken ct) in e:\ERPMicroservice\src\Services\hrServicess\compensationbenefitsServices\src\CompensationBenefits.Infrastructure\Persistence\Repositories\RepositoryBase.cs:line 28
         at CompensationBenefits.Application.Features.Salaries.Commands.CreateSalaryCommandHandler.Handle(CreateSalaryCommand request, CancellationToken ct) in e:\ERPMicroservice\src\Services\hrServicess\compensationbenefitsServices\src\CompensationBenefits.Application\Features\Salaries\Commands\SalaryCommands.cs:line 41
         at CompensationBenefits.Application.Common.Behaviours.ValidationBehaviour`2.Handle(TRequest request, RequestHandlerDelegate`1 next, CancellationToken ct) in e:\ERPMicroservice\src\Services\hrServicess\compensationbenefitsServices\src\CompensationBenefits.Application\Common\Behaviours\ValidationBehaviour.cs:line 23
         at CompensationBenefits.Application.Common.Behaviours.PerformanceBehaviour`2.Handle(TRequest request, RequestHandlerDelegate`1 next, CancellationToken ct) in e:\ERPMicroservice\src\Services\hrServicess\compensationbenefitsServices\src\CompensationBenefits.Application\Common\Behaviours\LoggingBehaviour.cs:line 26
         at CompensationBenefits.Application.Common.Behaviours.LoggingBehaviour`2.Handle(TRequest request, RequestHandlerDelegate`1 next, CancellationToken ct) in e:\ERPMicroservice\src\Services\hrServicess\compensationbenefitsServices\src\CompensationBenefits.Application\Common\Behaviours\LoggingBehaviour.cs:line 14
         at CompensationBenefits.API.Controllers.SalariesController.Create(CreateSalaryCommand command, CancellationToken ct) in e:\ERPMicroservice\src\Services\hrServicess\compensationbenefitsServices\src\CompensationBenefits.API\Controllers\SalariesController.cs:line 33
         at Microsoft.AspNetCore.Mvc.Infrastructure.ActionMethodExecutor.TaskOfIActionResultExecutor.Execute(ActionContext actionContext, IActionResultTypeMapper mapper, ObjectMethodExecutor executor, Object controller, Object[] arguments)
         at Microsoft.AspNetCore.Mvc.Infrastructure.ControllerActionInvoker.<InvokeActionMethodAsync>g__Awaited|12_0(ControllerActionInvoker invoker, ValueTask`1 actionResultValueTask)
         at Microsoft.AspNetCore.Mvc.Infrastructure.ControllerActionInvoker.<InvokeNextActionFilterAsync>g__Awaited|10_0(ControllerActionInvoker invoker, Task lastTask, State next, Scope scope, Object state, Boolean isCompleted)
         at Microsoft.AspNetCore.Mvc.Infrastructure.ControllerActionInvoker.Rethrow(ActionExecutedContextSealed context)
         at Microsoft.AspNetCore.Mvc.Infrastructure.ControllerActionInvoker.Next(State& next, Scope& scope, Object& state, Boolean& isCompleted)
         at Microsoft.AspNetCore.Mvc.Infrastructure.ControllerActionInvoker.<InvokeInnerFilterAsync>g__Awaited|13_0(ControllerActionInvoker invoker, Task lastTask, State next, Scope scope, Object state, Boolean isCompleted)
         at Microsoft.AspNetCore.Mvc.Infrastructure.ResourceInvoker.<InvokeFilterPipelineAsync>g__Awaited|20_0(ResourceInvoker invoker, Task lastTask, State next, Scope scope, Object state, Boolean isCompleted)
         at Microsoft.AspNetCore.Mvc.Infrastructure.ResourceInvoker.<InvokeAsync>g__Awaited|17_0(ResourceInvoker invoker, Task task, IDisposable scope)
         at Microsoft.AspNetCore.Mvc.Infrastructure.ResourceInvoker.<InvokeAsync>g__Awaited|17_0(ResourceInvoker invoker, Task task, IDisposable scope)
         at Microsoft.AspNetCore.Authorization.AuthorizationMiddleware.Invoke(HttpContext context)
         at Microsoft.AspNetCore.Authentication.AuthenticationMiddleware.Invoke(HttpContext context)
         at Swashbuckle.AspNetCore.SwaggerUI.SwaggerUIMiddleware.Invoke(HttpContext httpContext)
         at Swashbuckle.AspNetCore.Swagger.SwaggerMiddleware.Invoke(HttpContext httpContext, ISwaggerProvider swaggerProvider)
         at CompensationBenefits.API.Middleware.ExceptionHandlingMiddleware.InvokeAsync(HttpContext context) in e:\ERPMicroservice\src\Services\hrServicess\compensationbenefitsServices\src\CompensationBenefits.API\Middleware\ExceptionHandlingMiddleware.cs:line 13
info: CompensationBenefits.Application.Common.Behaviours.LoggingBehaviour[0]
      Handling CreateSalaryCommand: CreateSalaryCommand { SalaryId = 2002, SalaryType = C, SalaryCTC = 1200000, SalaryStructureId = 1, SalaryFooterId = 1, CreatedBy = 1 }
info: CompensationBenefits.Application.EventHandlers.SalaryCreatedDomainEventHandler[0]
      Salary 2002 created with CTC 1200000
info: CompensationBenefits.Application.Common.Behaviours.LoggingBehaviour[0]
      Handled CreateSalaryCommand
info: CompensationBenefits.Application.Common.Behaviours.LoggingBehaviour[0]
      Handling GetAllMediclainsQuery: GetAllMediclainsQuery { }
info: CompensationBenefits.Application.Common.Behaviours.LoggingBehaviour[0]
      Handled GetAllMediclainsQuery
info: CompensationBenefits.Application.Common.Behaviours.LoggingBehaviour[0]
      Handling CreateMediclaimCommand: CreateMediclaimCommand { MediclaimId = 3001, RefName = Star Health Gold 2026, Type = F, PaidBy = C, StartDate = 01-04-2026 00:00:00, CloseDate = 31-03-2027 00:00:00 }
info: CompensationBenefits.Application.EventHandlers.MediclaimUpdatedDomainEventHandler[0]
      Mediclaim 3001 updated: Star Health Gold 2026
info: CompensationBenefits.Application.Common.Behaviours.LoggingBehaviour[0]
      Handled CreateMediclaimCommand
info: CompensationBenefits.Application.Common.Behaviours.LoggingBehaviour[0]
      Handling CreateSalaryCommand: CreateSalaryCommand { SalaryId = 2002, SalaryType = C, SalaryCTC = 1200000, SalaryStructureId = 1, SalaryFooterId = 1, CreatedBy = 1 }
fail: Microsoft.EntityFrameworkCore.Database.Command[20102]
      Failed executing DbCommand (3ms) [Parameters=[@p0='?' (Precision = 38) (DbType = Decimal), @p1='?' (Precision = 38) (DbType = Decimal), @p2='?' (Precision = 38) (DbType = Decimal), @p3='?' (DbType = DateTime2), @p4='?' (Precision = 38) (DbType = Decimal), @p5='?' (Precision = 38) (DbType = Decimal), @p6='?' (DbType = DateTime2), @p7='?' (Precision = 38) (DbType = Decimal), @p8='?' (Precision = 38) (DbType = Decimal), @p9='?' (Size = 1)], CommandType='Text', CommandTimeout='0']
      SET IMPLICIT_TRANSACTIONS OFF;
      SET NOCOUNT ON;
      INSERT INTO [SALARY_MAIN] ([SALARY_ID], [SALARY_CTC], [SALARY_CANCELLEDBY], [SALARY_CANCELLEDON], [SALARY_COPYEMPSYSID], [SALARY_CREATEDBY], [SALARY_CREATEDON], [SALARY_FOOTERID], [SALARY_STRUCTUREID], [SALARY_TYPE])
      VALUES (@p0, @p1, @p2, @p3, @p4, @p5, @p6, @p7, @p8, @p9);
fail: Microsoft.EntityFrameworkCore.Update[10000]
      An exception occurred in the database while saving changes for context type 'CompensationBenefits.Infrastructure.Persistence.CompensationBenefitsDbContext'.
      Microsoft.EntityFrameworkCore.DbUpdateException: An error occurred while saving the entity changes. See the inner exception for details.
       ---> Microsoft.Data.SqlClient.SqlException (0x80131904): Violation of PRIMARY KEY constraint 'PK_SALARY_MAIN'. Cannot insert duplicate key in object 'dbo.SALARY_MAIN'. The duplicate key value is (2002).
      The statement has been terminated.
         at Microsoft.Data.SqlClient.SqlCommand.<>c.<ExecuteDbDataReaderAsync>b__195_0(Task`1 result)
         at System.Threading.Tasks.ContinuationResultTaskFromResultTask`2.InnerInvoke()
         at System.Threading.ExecutionContext.RunInternal(ExecutionContext executionContext, ContextCallback callback, Object state)
      --- End of stack trace from previous location ---
         at System.Threading.ExecutionContext.RunInternal(ExecutionContext executionContext, ContextCallback callback, Object state)
         at System.Threading.Tasks.Task.ExecuteWithThreadLocal(Task& currentTaskSlot, Thread threadPoolThread)
      --- End of stack trace from previous location ---
         at Microsoft.EntityFrameworkCore.Storage.RelationalCommand.ExecuteReaderAsync(RelationalCommandParameterObject parameterObject, CancellationToken cancellationToken)
         at Microsoft.EntityFrameworkCore.Storage.RelationalCommand.ExecuteReaderAsync(RelationalCommandParameterObject parameterObject, CancellationToken cancellationToken)
         at Microsoft.EntityFrameworkCore.Update.ReaderModificationCommandBatch.ExecuteAsync(IRelationalConnection connection, CancellationToken cancellationToken)
      ClientConnectionId:c6e678cf-8afa-46da-9937-3b00263dc3fc
      Error Number:2627,State:1,Class:14
         --- End of inner exception stack trace ---
         at Microsoft.EntityFrameworkCore.Update.ReaderModificationCommandBatch.ExecuteAsync(IRelationalConnection connection, CancellationToken cancellationToken)
         at Microsoft.EntityFrameworkCore.SqlServer.Update.Internal.SqlServerModificationCommandBatch.ExecuteAsync(IRelationalConnection connection, CancellationToken cancellationToken)
         at Microsoft.EntityFrameworkCore.Update.Internal.BatchExecutor.ExecuteAsync(IEnumerable`1 commandBatches, IRelationalConnection connection, CancellationToken cancellationToken)
         at Microsoft.EntityFrameworkCore.Update.Internal.BatchExecutor.ExecuteAsync(IEnumerable`1 commandBatches, IRelationalConnection connection, CancellationToken cancellationToken)
         at Microsoft.EntityFrameworkCore.Update.Internal.BatchExecutor.ExecuteAsync(IEnumerable`1 commandBatches, IRelationalConnection connection, CancellationToken cancellationToken)
         at Microsoft.EntityFrameworkCore.Storage.RelationalDatabase.SaveChangesAsync(IList`1 entries, CancellationToken cancellationToken)
         at Microsoft.EntityFrameworkCore.ChangeTracking.Internal.StateManager.SaveChangesAsync(IList`1 entriesToSave, CancellationToken cancellationToken)
         at Microsoft.EntityFrameworkCore.ChangeTracking.Internal.StateManager.SaveChangesAsync(StateManager stateManager, Boolean acceptAllChangesOnSuccess, CancellationToken cancellationToken)
         at Microsoft.EntityFrameworkCore.Storage.ExecutionStrategy.<>c__DisplayClass30_0`2.<<ExecuteAsync>b__0>d.MoveNext()
      --- End of stack trace from previous location ---
         at Microsoft.EntityFrameworkCore.Storage.ExecutionStrategy.ExecuteImplementationAsync[TState,TResult](Func`4 operation, Func`4 verifySucceeded, TState state, CancellationToken cancellationToken)
         at Microsoft.EntityFrameworkCore.Storage.ExecutionStrategy.ExecuteImplementationAsync[TState,TResult](Func`4 operation, Func`4 verifySucceeded, TState state, CancellationToken cancellationToken)
         at Microsoft.EntityFrameworkCore.Storage.ExecutionStrategy.ExecuteAsync[TState,TResult](TState state, Func`4 operation, Func`4 verifySucceeded, CancellationToken cancellationToken)
         at Microsoft.EntityFrameworkCore.DbContext.SaveChangesAsync(Boolean acceptAllChangesOnSuccess, CancellationToken cancellationToken)
      Microsoft.EntityFrameworkCore.DbUpdateException: An error occurred while saving the entity changes. See the inner exception for details.
       ---> Microsoft.Data.SqlClient.SqlException (0x80131904): Violation of PRIMARY KEY constraint 'PK_SALARY_MAIN'. Cannot insert duplicate key in object 'dbo.SALARY_MAIN'. The duplicate key value is (2002).
      The statement has been terminated.
         at Microsoft.Data.SqlClient.SqlCommand.<>c.<ExecuteDbDataReaderAsync>b__195_0(Task`1 result)
         at System.Threading.Tasks.ContinuationResultTaskFromResultTask`2.InnerInvoke()
         at System.Threading.ExecutionContext.RunInternal(ExecutionContext executionContext, ContextCallback callback, Object state)
      --- End of stack trace from previous location ---
         at System.Threading.ExecutionContext.RunInternal(ExecutionContext executionContext, ContextCallback callback, Object state)
         at System.Threading.Tasks.Task.ExecuteWithThreadLocal(Task& currentTaskSlot, Thread threadPoolThread)
      --- End of stack trace from previous location ---
         at Microsoft.EntityFrameworkCore.Storage.RelationalCommand.ExecuteReaderAsync(RelationalCommandParameterObject parameterObject, CancellationToken cancellationToken)
         at Microsoft.EntityFrameworkCore.Storage.RelationalCommand.ExecuteReaderAsync(RelationalCommandParameterObject parameterObject, CancellationToken cancellationToken)
         at Microsoft.EntityFrameworkCore.Update.ReaderModificationCommandBatch.ExecuteAsync(IRelationalConnection connection, CancellationToken cancellationToken)
      ClientConnectionId:c6e678cf-8afa-46da-9937-3b00263dc3fc
      Error Number:2627,State:1,Class:14
         --- End of inner exception stack trace ---
         at Microsoft.EntityFrameworkCore.Update.ReaderModificationCommandBatch.ExecuteAsync(IRelationalConnection connection, CancellationToken cancellationToken)
         at Microsoft.EntityFrameworkCore.SqlServer.Update.Internal.SqlServerModificationCommandBatch.ExecuteAsync(IRelationalConnection connection, CancellationToken cancellationToken)
         at Microsoft.EntityFrameworkCore.Update.Internal.BatchExecutor.ExecuteAsync(IEnumerable`1 commandBatches, IRelationalConnection connection, CancellationToken cancellationToken)
         at Microsoft.EntityFrameworkCore.Update.Internal.BatchExecutor.ExecuteAsync(IEnumerable`1 commandBatches, IRelationalConnection connection, CancellationToken cancellationToken)
         at Microsoft.EntityFrameworkCore.Update.Internal.BatchExecutor.ExecuteAsync(IEnumerable`1 commandBatches, IRelationalConnection connection, CancellationToken cancellationToken)
         at Microsoft.EntityFrameworkCore.Storage.RelationalDatabase.SaveChangesAsync(IList`1 entries, CancellationToken cancellationToken)
         at Microsoft.EntityFrameworkCore.ChangeTracking.Internal.StateManager.SaveChangesAsync(IList`1 entriesToSave, CancellationToken cancellationToken)
         at Microsoft.EntityFrameworkCore.ChangeTracking.Internal.StateManager.SaveChangesAsync(StateManager stateManager, Boolean acceptAllChangesOnSuccess, CancellationToken cancellationToken)
         at Microsoft.EntityFrameworkCore.Storage.ExecutionStrategy.<>c__DisplayClass30_0`2.<<ExecuteAsync>b__0>d.MoveNext()
      --- End of stack trace from previous location ---
         at Microsoft.EntityFrameworkCore.Storage.ExecutionStrategy.ExecuteImplementationAsync[TState,TResult](Func`4 operation, Func`4 verifySucceeded, TState state, CancellationToken cancellationToken)
         at Microsoft.EntityFrameworkCore.Storage.ExecutionStrategy.ExecuteImplementationAsync[TState,TResult](Func`4 operation, Func`4 verifySucceeded, TState state, CancellationToken cancellationToken)
         at Microsoft.EntityFrameworkCore.Storage.ExecutionStrategy.ExecuteAsync[TState,TResult](TState state, Func`4 operation, Func`4 verifySucceeded, CancellationToken cancellationToken)
         at Microsoft.EntityFrameworkCore.DbContext.SaveChangesAsync(Boolean acceptAllChangesOnSuccess, CancellationToken cancellationToken)
fail: CompensationBenefits.API.Middleware.ExceptionHandlingMiddleware[0]
      Unhandled exception
      Microsoft.EntityFrameworkCore.DbUpdateException: An error occurred while saving the entity changes. See the inner exception for details.
       ---> Microsoft.Data.SqlClient.SqlException (0x80131904): Violation of PRIMARY KEY constraint 'PK_SALARY_MAIN'. Cannot insert duplicate key in object 'dbo.SALARY_MAIN'. The duplicate key value is (2002).
      The statement has been terminated.
         at Microsoft.Data.SqlClient.SqlCommand.<>c.<ExecuteDbDataReaderAsync>b__195_0(Task`1 result)
         at System.Threading.Tasks.ContinuationResultTaskFromResultTask`2.InnerInvoke()
         at System.Threading.ExecutionContext.RunInternal(ExecutionContext executionContext, ContextCallback callback, Object state)
      --- End of stack trace from previous location ---
         at System.Threading.ExecutionContext.RunInternal(ExecutionContext executionContext, ContextCallback callback, Object state)
         at System.Threading.Tasks.Task.ExecuteWithThreadLocal(Task& currentTaskSlot, Thread threadPoolThread)
      --- End of stack trace from previous location ---
         at Microsoft.EntityFrameworkCore.Storage.RelationalCommand.ExecuteReaderAsync(RelationalCommandParameterObject parameterObject, CancellationToken cancellationToken)
         at Microsoft.EntityFrameworkCore.Storage.RelationalCommand.ExecuteReaderAsync(RelationalCommandParameterObject parameterObject, CancellationToken cancellationToken)
         at Microsoft.EntityFrameworkCore.Update.ReaderModificationCommandBatch.ExecuteAsync(IRelationalConnection connection, CancellationToken cancellationToken)
      ClientConnectionId:c6e678cf-8afa-46da-9937-3b00263dc3fc
      Error Number:2627,State:1,Class:14
         --- End of inner exception stack trace ---
         at Microsoft.EntityFrameworkCore.Update.ReaderModificationCommandBatch.ExecuteAsync(IRelationalConnection connection, CancellationToken cancellationToken)
         at Microsoft.EntityFrameworkCore.SqlServer.Update.Internal.SqlServerModificationCommandBatch.ExecuteAsync(IRelationalConnection connection, CancellationToken cancellationToken)
         at Microsoft.EntityFrameworkCore.Update.Internal.BatchExecutor.ExecuteAsync(IEnumerable`1 commandBatches, IRelationalConnection connection, CancellationToken cancellationToken)
         at Microsoft.EntityFrameworkCore.Update.Internal.BatchExecutor.ExecuteAsync(IEnumerable`1 commandBatches, IRelationalConnection connection, CancellationToken cancellationToken)
         at Microsoft.EntityFrameworkCore.Update.Internal.BatchExecutor.ExecuteAsync(IEnumerable`1 commandBatches, IRelationalConnection connection, CancellationToken cancellationToken)
         at Microsoft.EntityFrameworkCore.Storage.RelationalDatabase.SaveChangesAsync(IList`1 entries, CancellationToken cancellationToken)
         at Microsoft.EntityFrameworkCore.ChangeTracking.Internal.StateManager.SaveChangesAsync(IList`1 entriesToSave, CancellationToken cancellationToken)
         at Microsoft.EntityFrameworkCore.ChangeTracking.Internal.StateManager.SaveChangesAsync(StateManager stateManager, Boolean acceptAllChangesOnSuccess, CancellationToken cancellationToken)
         at Microsoft.EntityFrameworkCore.Storage.ExecutionStrategy.<>c__DisplayClass30_0`2.<<ExecuteAsync>b__0>d.MoveNext()
      --- End of stack trace from previous location ---
         at Microsoft.EntityFrameworkCore.Storage.ExecutionStrategy.ExecuteImplementationAsync[TState,TResult](Func`4 operation, Func`4 verifySucceeded, TState state, CancellationToken cancellationToken)
         at Microsoft.EntityFrameworkCore.Storage.ExecutionStrategy.ExecuteImplementationAsync[TState,TResult](Func`4 operation, Func`4 verifySucceeded, TState state, CancellationToken cancellationToken)
         at Microsoft.EntityFrameworkCore.Storage.ExecutionStrategy.ExecuteAsync[TState,TResult](TState state, Func`4 operation, Func`4 verifySucceeded, CancellationToken cancellationToken)
         at Microsoft.EntityFrameworkCore.DbContext.SaveChangesAsync(Boolean acceptAllChangesOnSuccess, CancellationToken cancellationToken)
         at Microsoft.EntityFrameworkCore.DbContext.SaveChangesAsync(Boolean acceptAllChangesOnSuccess, CancellationToken cancellationToken)
         at CompensationBenefits.Infrastructure.Persistence.CompensationBenefitsDbContext.SaveChangesAsync(CancellationToken ct) in e:\ERPMicroservice\src\Services\hrServicess\compensationbenefitsServices\src\CompensationBenefits.Infrastructure\Persistence\CompensationBenefitsDbContext.cs:line 52
         at CompensationBenefits.Infrastructure.Persistence.Repositories.RepositoryBase`1.SaveChangesAsync(CancellationToken ct) in e:\ERPMicroservice\src\Services\hrServicess\compensationbenefitsServices\src\CompensationBenefits.Infrastructure\Persistence\Repositories\RepositoryBase.cs:line 28
         at CompensationBenefits.Application.Features.Salaries.Commands.CreateSalaryCommandHandler.Handle(CreateSalaryCommand request, CancellationToken ct) in e:\ERPMicroservice\src\Services\hrServicess\compensationbenefitsServices\src\CompensationBenefits.Application\Features\Salaries\Commands\SalaryCommands.cs:line 41
         at CompensationBenefits.Application.Common.Behaviours.ValidationBehaviour`2.Handle(TRequest request, RequestHandlerDelegate`1 next, CancellationToken ct) in e:\ERPMicroservice\src\Services\hrServicess\compensationbenefitsServices\src\CompensationBenefits.Application\Common\Behaviours\ValidationBehaviour.cs:line 23
         at CompensationBenefits.Application.Common.Behaviours.PerformanceBehaviour`2.Handle(TRequest request, RequestHandlerDelegate`1 next, CancellationToken ct) in e:\ERPMicroservice\src\Services\hrServicess\compensationbenefitsServices\src\CompensationBenefits.Application\Common\Behaviours\LoggingBehaviour.cs:line 26
         at CompensationBenefits.Application.Common.Behaviours.LoggingBehaviour`2.Handle(TRequest request, RequestHandlerDelegate`1 next, CancellationToken ct) in e:\ERPMicroservice\src\Services\hrServicess\compensationbenefitsServices\src\CompensationBenefits.Application\Common\Behaviours\LoggingBehaviour.cs:line 14
         at CompensationBenefits.API.Controllers.SalariesController.Create(CreateSalaryCommand command, CancellationToken ct) in e:\ERPMicroservice\src\Services\hrServicess\compensationbenefitsServices\src\CompensationBenefits.API\Controllers\SalariesController.cs:line 33
         at Microsoft.AspNetCore.Mvc.Infrastructure.ActionMethodExecutor.TaskOfIActionResultExecutor.Execute(ActionContext actionContext, IActionResultTypeMapper mapper, ObjectMethodExecutor executor, Object controller, Object[] arguments)
         at Microsoft.AspNetCore.Mvc.Infrastructure.ControllerActionInvoker.<InvokeActionMethodAsync>g__Awaited|12_0(ControllerActionInvoker invoker, ValueTask`1 actionResultValueTask)
         at Microsoft.AspNetCore.Mvc.Infrastructure.ControllerActionInvoker.<InvokeNextActionFilterAsync>g__Awaited|10_0(ControllerActionInvoker invoker, Task lastTask, State next, Scope scope, Object state, Boolean isCompleted)
         at Microsoft.AspNetCore.Mvc.Infrastructure.ControllerActionInvoker.Rethrow(ActionExecutedContextSealed context)
         at Microsoft.AspNetCore.Mvc.Infrastructure.ControllerActionInvoker.Next(State& next, Scope& scope, Object& state, Boolean& isCompleted)
         at Microsoft.AspNetCore.Mvc.Infrastructure.ControllerActionInvoker.<InvokeInnerFilterAsync>g__Awaited|13_0(ControllerActionInvoker invoker, Task lastTask, State next, Scope scope, Object state, Boolean isCompleted)
         at Microsoft.AspNetCore.Mvc.Infrastructure.ResourceInvoker.<InvokeFilterPipelineAsync>g__Awaited|20_0(ResourceInvoker invoker, Task lastTask, State next, Scope scope, Object state, Boolean isCompleted)
         at Microsoft.AspNetCore.Mvc.Infrastructure.ResourceInvoker.<InvokeAsync>g__Awaited|17_0(ResourceInvoker invoker, Task task, IDisposable scope)
         at Microsoft.AspNetCore.Mvc.Infrastructure.ResourceInvoker.<InvokeAsync>g__Awaited|17_0(ResourceInvoker invoker, Task task, IDisposable scope)
         at Microsoft.AspNetCore.Authorization.AuthorizationMiddleware.Invoke(HttpContext context)
         at Microsoft.AspNetCore.Authentication.AuthenticationMiddleware.Invoke(HttpContext context)
         at Swashbuckle.AspNetCore.SwaggerUI.SwaggerUIMiddleware.Invoke(HttpContext httpContext)
         at Swashbuckle.AspNetCore.Swagger.SwaggerMiddleware.Invoke(HttpContext httpContext, ISwaggerProvider swaggerProvider)
         at CompensationBenefits.API.Middleware.ExceptionHandlingMiddleware.InvokeAsync(HttpContext context) in e:\ERPMicroservice\src\Services\hrServicess\compensationbenefitsServices\src\CompensationBenefits.API\Middleware\ExceptionHandlingMiddleware.cs:line 13
info: CompensationBenefits.Application.Common.Behaviours.LoggingBehaviour[0]
      Handling CreateSalaryCommand: CreateSalaryCommand { SalaryId = 2099, SalaryType = C, SalaryCTC = 1200000, SalaryStructureId = 1, SalaryFooterId = 1, CreatedBy = 1 }
info: CompensationBenefits.Application.EventHandlers.SalaryCreatedDomainEventHandler[0]
      Salary 2099 created with CTC 1200000
info: CompensationBenefits.Application.Common.Behaviours.LoggingBehaviour[0]
      Handled CreateSalaryCommand
info: CompensationBenefits.Application.Common.Behaviours.LoggingBehaviour[0]
      Handling CreateSalaryCommand: CreateSalaryCommand { SalaryId = 2099, SalaryType = C, SalaryCTC = 1200000, SalaryStructureId = 1, SalaryFooterId = 1, CreatedBy = 1 }
fail: Microsoft.EntityFrameworkCore.Database.Command[20102]
      Failed executing DbCommand (1ms) [Parameters=[@p0='?' (Precision = 38) (DbType = Decimal), @p1='?' (Precision = 38) (DbType = Decimal), @p2='?' (Precision = 38) (DbType = Decimal), @p3='?' (DbType = DateTime2), @p4='?' (Precision = 38) (DbType = Decimal), @p5='?' (Precision = 38) (DbType = Decimal), @p6='?' (DbType = DateTime2), @p7='?' (Precision = 38) (DbType = Decimal), @p8='?' (Precision = 38) (DbType = Decimal), @p9='?' (Size = 1)], CommandType='Text', CommandTimeout='0']
      SET IMPLICIT_TRANSACTIONS OFF;
      SET NOCOUNT ON;
      INSERT INTO [SALARY_MAIN] ([SALARY_ID], [SALARY_CTC], [SALARY_CANCELLEDBY], [SALARY_CANCELLEDON], [SALARY_COPYEMPSYSID], [SALARY_CREATEDBY], [SALARY_CREATEDON], [SALARY_FOOTERID], [SALARY_STRUCTUREID], [SALARY_TYPE])
      VALUES (@p0, @p1, @p2, @p3, @p4, @p5, @p6, @p7, @p8, @p9);
fail: Microsoft.EntityFrameworkCore.Update[10000]
      An exception occurred in the database while saving changes for context type 'CompensationBenefits.Infrastructure.Persistence.CompensationBenefitsDbContext'.
      Microsoft.EntityFrameworkCore.DbUpdateException: An error occurred while saving the entity changes. See the inner exception for details.
       ---> Microsoft.Data.SqlClient.SqlException (0x80131904): Violation of PRIMARY KEY constraint 'PK_SALARY_MAIN'. Cannot insert duplicate key in object 'dbo.SALARY_MAIN'. The duplicate key value is (2099).
      The statement has been terminated.
         at Microsoft.Data.SqlClient.SqlCommand.<>c.<ExecuteDbDataReaderAsync>b__195_0(Task`1 result)
         at System.Threading.Tasks.ContinuationResultTaskFromResultTask`2.InnerInvoke()
         at System.Threading.ExecutionContext.RunInternal(ExecutionContext executionContext, ContextCallback callback, Object state)
      --- End of stack trace from previous location ---
         at System.Threading.ExecutionContext.RunInternal(ExecutionContext executionContext, ContextCallback callback, Object state)
         at System.Threading.Tasks.Task.ExecuteWithThreadLocal(Task& currentTaskSlot, Thread threadPoolThread)
      --- End of stack trace from previous location ---
         at Microsoft.EntityFrameworkCore.Storage.RelationalCommand.ExecuteReaderAsync(RelationalCommandParameterObject parameterObject, CancellationToken cancellationToken)
         at Microsoft.EntityFrameworkCore.Storage.RelationalCommand.ExecuteReaderAsync(RelationalCommandParameterObject parameterObject, CancellationToken cancellationToken)
         at Microsoft.EntityFrameworkCore.Update.ReaderModificationCommandBatch.ExecuteAsync(IRelationalConnection connection, CancellationToken cancellationToken)
      ClientConnectionId:c6e678cf-8afa-46da-9937-3b00263dc3fc
      Error Number:2627,State:1,Class:14
         --- End of inner exception stack trace ---
         at Microsoft.EntityFrameworkCore.Update.ReaderModificationCommandBatch.ExecuteAsync(IRelationalConnection connection, CancellationToken cancellationToken)
         at Microsoft.EntityFrameworkCore.SqlServer.Update.Internal.SqlServerModificationCommandBatch.ExecuteAsync(IRelationalConnection connection, CancellationToken cancellationToken)
         at Microsoft.EntityFrameworkCore.Update.Internal.BatchExecutor.ExecuteAsync(IEnumerable`1 commandBatches, IRelationalConnection connection, CancellationToken cancellationToken)
         at Microsoft.EntityFrameworkCore.Update.Internal.BatchExecutor.ExecuteAsync(IEnumerable`1 commandBatches, IRelationalConnection connection, CancellationToken cancellationToken)
         at Microsoft.EntityFrameworkCore.Update.Internal.BatchExecutor.ExecuteAsync(IEnumerable`1 commandBatches, IRelationalConnection connection, CancellationToken cancellationToken)
         at Microsoft.EntityFrameworkCore.Storage.RelationalDatabase.SaveChangesAsync(IList`1 entries, CancellationToken cancellationToken)
         at Microsoft.EntityFrameworkCore.ChangeTracking.Internal.StateManager.SaveChangesAsync(IList`1 entriesToSave, CancellationToken cancellationToken)
         at Microsoft.EntityFrameworkCore.ChangeTracking.Internal.StateManager.SaveChangesAsync(StateManager stateManager, Boolean acceptAllChangesOnSuccess, CancellationToken cancellationToken)
         at Microsoft.EntityFrameworkCore.Storage.ExecutionStrategy.<>c__DisplayClass30_0`2.<<ExecuteAsync>b__0>d.MoveNext()
      --- End of stack trace from previous location ---
         at Microsoft.EntityFrameworkCore.Storage.ExecutionStrategy.ExecuteImplementationAsync[TState,TResult](Func`4 operation, Func`4 verifySucceeded, TState state, CancellationToken cancellationToken)
         at Microsoft.EntityFrameworkCore.Storage.ExecutionStrategy.ExecuteImplementationAsync[TState,TResult](Func`4 operation, Func`4 verifySucceeded, TState state, CancellationToken cancellationToken)
         at Microsoft.EntityFrameworkCore.Storage.ExecutionStrategy.ExecuteAsync[TState,TResult](TState state, Func`4 operation, Func`4 verifySucceeded, CancellationToken cancellationToken)
         at Microsoft.EntityFrameworkCore.DbContext.SaveChangesAsync(Boolean acceptAllChangesOnSuccess, CancellationToken cancellationToken)
      Microsoft.EntityFrameworkCore.DbUpdateException: An error occurred while saving the entity changes. See the inner exception for details.
       ---> Microsoft.Data.SqlClient.SqlException (0x80131904): Violation of PRIMARY KEY constraint 'PK_SALARY_MAIN'. Cannot insert duplicate key in object 'dbo.SALARY_MAIN'. The duplicate key value is (2099).
      The statement has been terminated.
         at Microsoft.Data.SqlClient.SqlCommand.<>c.<ExecuteDbDataReaderAsync>b__195_0(Task`1 result)
         at System.Threading.Tasks.ContinuationResultTaskFromResultTask`2.InnerInvoke()
         at System.Threading.ExecutionContext.RunInternal(ExecutionContext executionContext, ContextCallback callback, Object state)
      --- End of stack trace from previous location ---
         at System.Threading.ExecutionContext.RunInternal(ExecutionContext executionContext, ContextCallback callback, Object state)
         at System.Threading.Tasks.Task.ExecuteWithThreadLocal(Task& currentTaskSlot, Thread threadPoolThread)
      --- End of stack trace from previous location ---
         at Microsoft.EntityFrameworkCore.Storage.RelationalCommand.ExecuteReaderAsync(RelationalCommandParameterObject parameterObject, CancellationToken cancellationToken)
         at Microsoft.EntityFrameworkCore.Storage.RelationalCommand.ExecuteReaderAsync(RelationalCommandParameterObject parameterObject, CancellationToken cancellationToken)
         at Microsoft.EntityFrameworkCore.Update.ReaderModificationCommandBatch.ExecuteAsync(IRelationalConnection connection, CancellationToken cancellationToken)
      ClientConnectionId:c6e678cf-8afa-46da-9937-3b00263dc3fc
      Error Number:2627,State:1,Class:14
         --- End of inner exception stack trace ---
         at Microsoft.EntityFrameworkCore.Update.ReaderModificationCommandBatch.ExecuteAsync(IRelationalConnection connection, CancellationToken cancellationToken)
         at Microsoft.EntityFrameworkCore.SqlServer.Update.Internal.SqlServerModificationCommandBatch.ExecuteAsync(IRelationalConnection connection, CancellationToken cancellationToken)
         at Microsoft.EntityFrameworkCore.Update.Internal.BatchExecutor.ExecuteAsync(IEnumerable`1 commandBatches, IRelationalConnection connection, CancellationToken cancellationToken)
         at Microsoft.EntityFrameworkCore.Update.Internal.BatchExecutor.ExecuteAsync(IEnumerable`1 commandBatches, IRelationalConnection connection, CancellationToken cancellationToken)
         at Microsoft.EntityFrameworkCore.Update.Internal.BatchExecutor.ExecuteAsync(IEnumerable`1 commandBatches, IRelationalConnection connection, CancellationToken cancellationToken)
         at Microsoft.EntityFrameworkCore.Storage.RelationalDatabase.SaveChangesAsync(IList`1 entries, CancellationToken cancellationToken)
         at Microsoft.EntityFrameworkCore.ChangeTracking.Internal.StateManager.SaveChangesAsync(IList`1 entriesToSave, CancellationToken cancellationToken)
         at Microsoft.EntityFrameworkCore.ChangeTracking.Internal.StateManager.SaveChangesAsync(StateManager stateManager, Boolean acceptAllChangesOnSuccess, CancellationToken cancellationToken)
         at Microsoft.EntityFrameworkCore.Storage.ExecutionStrategy.<>c__DisplayClass30_0`2.<<ExecuteAsync>b__0>d.MoveNext()
      --- End of stack trace from previous location ---
         at Microsoft.EntityFrameworkCore.Storage.ExecutionStrategy.ExecuteImplementationAsync[TState,TResult](Func`4 operation, Func`4 verifySucceeded, TState state, CancellationToken cancellationToken)
         at Microsoft.EntityFrameworkCore.Storage.ExecutionStrategy.ExecuteImplementationAsync[TState,TResult](Func`4 operation, Func`4 verifySucceeded, TState state, CancellationToken cancellationToken)
         at Microsoft.EntityFrameworkCore.Storage.ExecutionStrategy.ExecuteAsync[TState,TResult](TState state, Func`4 operation, Func`4 verifySucceeded, CancellationToken cancellationToken)
         at Microsoft.EntityFrameworkCore.DbContext.SaveChangesAsync(Boolean acceptAllChangesOnSuccess, CancellationToken cancellationToken)
fail: CompensationBenefits.API.Middleware.ExceptionHandlingMiddleware[0]
      Unhandled exception
      Microsoft.EntityFrameworkCore.DbUpdateException: An error occurred while saving the entity changes. See the inner exception for details.
       ---> Microsoft.Data.SqlClient.SqlException (0x80131904): Violation of PRIMARY KEY constraint 'PK_SALARY_MAIN'. Cannot insert duplicate key in object 'dbo.SALARY_MAIN'. The duplicate key value is (2099).
      The statement has been terminated.
         at Microsoft.Data.SqlClient.SqlCommand.<>c.<ExecuteDbDataReaderAsync>b__195_0(Task`1 result)
         at System.Threading.Tasks.ContinuationResultTaskFromResultTask`2.InnerInvoke()
         at System.Threading.ExecutionContext.RunInternal(ExecutionContext executionContext, ContextCallback callback, Object state)
      --- End of stack trace from previous location ---
         at System.Threading.ExecutionContext.RunInternal(ExecutionContext executionContext, ContextCallback callback, Object state)
         at System.Threading.Tasks.Task.ExecuteWithThreadLocal(Task& currentTaskSlot, Thread threadPoolThread)
      --- End of stack trace from previous location ---
         at Microsoft.EntityFrameworkCore.Storage.RelationalCommand.ExecuteReaderAsync(RelationalCommandParameterObject parameterObject, CancellationToken cancellationToken)
         at Microsoft.EntityFrameworkCore.Storage.RelationalCommand.ExecuteReaderAsync(RelationalCommandParameterObject parameterObject, CancellationToken cancellationToken)
         at Microsoft.EntityFrameworkCore.Update.ReaderModificationCommandBatch.ExecuteAsync(IRelationalConnection connection, CancellationToken cancellationToken)
      ClientConnectionId:c6e678cf-8afa-46da-9937-3b00263dc3fc
      Error Number:2627,State:1,Class:14
         --- End of inner exception stack trace ---
         at Microsoft.EntityFrameworkCore.Update.ReaderModificationCommandBatch.ExecuteAsync(IRelationalConnection connection, CancellationToken cancellationToken)
         at Microsoft.EntityFrameworkCore.SqlServer.Update.Internal.SqlServerModificationCommandBatch.ExecuteAsync(IRelationalConnection connection, CancellationToken cancellationToken)
         at Microsoft.EntityFrameworkCore.Update.Internal.BatchExecutor.ExecuteAsync(IEnumerable`1 commandBatches, IRelationalConnection connection, CancellationToken cancellationToken)
         at Microsoft.EntityFrameworkCore.Update.Internal.BatchExecutor.ExecuteAsync(IEnumerable`1 commandBatches, IRelationalConnection connection, CancellationToken cancellationToken)
         at Microsoft.EntityFrameworkCore.Update.Internal.BatchExecutor.ExecuteAsync(IEnumerable`1 commandBatches, IRelationalConnection connection, CancellationToken cancellationToken)
         at Microsoft.EntityFrameworkCore.Storage.RelationalDatabase.SaveChangesAsync(IList`1 entries, CancellationToken cancellationToken)
         at Microsoft.EntityFrameworkCore.ChangeTracking.Internal.StateManager.SaveChangesAsync(IList`1 entriesToSave, CancellationToken cancellationToken)
         at Microsoft.EntityFrameworkCore.ChangeTracking.Internal.StateManager.SaveChangesAsync(StateManager stateManager, Boolean acceptAllChangesOnSuccess, CancellationToken cancellationToken)
         at Microsoft.EntityFrameworkCore.Storage.ExecutionStrategy.<>c__DisplayClass30_0`2.<<ExecuteAsync>b__0>d.MoveNext()
      --- End of stack trace from previous location ---
         at Microsoft.EntityFrameworkCore.Storage.ExecutionStrategy.ExecuteImplementationAsync[TState,TResult](Func`4 operation, Func`4 verifySucceeded, TState state, CancellationToken cancellationToken)
         at Microsoft.EntityFrameworkCore.Storage.ExecutionStrategy.ExecuteImplementationAsync[TState,TResult](Func`4 operation, Func`4 verifySucceeded, TState state, CancellationToken cancellationToken)
         at Microsoft.EntityFrameworkCore.Storage.ExecutionStrategy.ExecuteAsync[TState,TResult](TState state, Func`4 operation, Func`4 verifySucceeded, CancellationToken cancellationToken)
         at Microsoft.EntityFrameworkCore.DbContext.SaveChangesAsync(Boolean acceptAllChangesOnSuccess, CancellationToken cancellationToken)
         at Microsoft.EntityFrameworkCore.DbContext.SaveChangesAsync(Boolean acceptAllChangesOnSuccess, CancellationToken cancellationToken)
         at CompensationBenefits.Infrastructure.Persistence.CompensationBenefitsDbContext.SaveChangesAsync(CancellationToken ct) in e:\ERPMicroservice\src\Services\hrServicess\compensationbenefitsServices\src\CompensationBenefits.Infrastructure\Persistence\CompensationBenefitsDbContext.cs:line 52
         at CompensationBenefits.Infrastructure.Persistence.Repositories.RepositoryBase`1.SaveChangesAsync(CancellationToken ct) in e:\ERPMicroservice\src\Services\hrServicess\compensationbenefitsServices\src\CompensationBenefits.Infrastructure\Persistence\Repositories\RepositoryBase.cs:line 28
         at CompensationBenefits.Application.Features.Salaries.Commands.CreateSalaryCommandHandler.Handle(CreateSalaryCommand request, CancellationToken ct) in e:\ERPMicroservice\src\Services\hrServicess\compensationbenefitsServices\src\CompensationBenefits.Application\Features\Salaries\Commands\SalaryCommands.cs:line 41
         at CompensationBenefits.Application.Common.Behaviours.ValidationBehaviour`2.Handle(TRequest request, RequestHandlerDelegate`1 next, CancellationToken ct) in e:\ERPMicroservice\src\Services\hrServicess\compensationbenefitsServices\src\CompensationBenefits.Application\Common\Behaviours\ValidationBehaviour.cs:line 23
         at CompensationBenefits.Application.Common.Behaviours.PerformanceBehaviour`2.Handle(TRequest request, RequestHandlerDelegate`1 next, CancellationToken ct) in e:\ERPMicroservice\src\Services\hrServicess\compensationbenefitsServices\src\CompensationBenefits.Application\Common\Behaviours\LoggingBehaviour.cs:line 26
         at CompensationBenefits.Application.Common.Behaviours.LoggingBehaviour`2.Handle(TRequest request, RequestHandlerDelegate`1 next, CancellationToken ct) in e:\ERPMicroservice\src\Services\hrServicess\compensationbenefitsServices\src\CompensationBenefits.Application\Common\Behaviours\LoggingBehaviour.cs:line 14
         at CompensationBenefits.API.Controllers.SalariesController.Create(CreateSalaryCommand command, CancellationToken ct) in e:\ERPMicroservice\src\Services\hrServicess\compensationbenefitsServices\src\CompensationBenefits.API\Controllers\SalariesController.cs:line 33
         at Microsoft.AspNetCore.Mvc.Infrastructure.ActionMethodExecutor.TaskOfIActionResultExecutor.Execute(ActionContext actionContext, IActionResultTypeMapper mapper, ObjectMethodExecutor executor, Object controller, Object[] arguments)
         at Microsoft.AspNetCore.Mvc.Infrastructure.ControllerActionInvoker.<InvokeActionMethodAsync>g__Awaited|12_0(ControllerActionInvoker invoker, ValueTask`1 actionResultValueTask)
         at Microsoft.AspNetCore.Mvc.Infrastructure.ControllerActionInvoker.<InvokeNextActionFilterAsync>g__Awaited|10_0(ControllerActionInvoker invoker, Task lastTask, State next, Scope scope, Object state, Boolean isCompleted)
         at Microsoft.AspNetCore.Mvc.Infrastructure.ControllerActionInvoker.Rethrow(ActionExecutedContextSealed context)
         at Microsoft.AspNetCore.Mvc.Infrastructure.ControllerActionInvoker.Next(State& next, Scope& scope, Object& state, Boolean& isCompleted)
         at Microsoft.AspNetCore.Mvc.Infrastructure.ControllerActionInvoker.<InvokeInnerFilterAsync>g__Awaited|13_0(ControllerActionInvoker invoker, Task lastTask, State next, Scope scope, Object state, Boolean isCompleted)
         at Microsoft.AspNetCore.Mvc.Infrastructure.ResourceInvoker.<InvokeFilterPipelineAsync>g__Awaited|20_0(ResourceInvoker invoker, Task lastTask, State next, Scope scope, Object state, Boolean isCompleted)
         at Microsoft.AspNetCore.Mvc.Infrastructure.ResourceInvoker.<InvokeAsync>g__Awaited|17_0(ResourceInvoker invoker, Task task, IDisposable scope)
         at Microsoft.AspNetCore.Mvc.Infrastructure.ResourceInvoker.<InvokeAsync>g__Awaited|17_0(ResourceInvoker invoker, Task task, IDisposable scope)
         at Microsoft.AspNetCore.Authorization.AuthorizationMiddleware.Invoke(HttpContext context)
         at Microsoft.AspNetCore.Authentication.AuthenticationMiddleware.Invoke(HttpContext context)
         at Swashbuckle.AspNetCore.SwaggerUI.SwaggerUIMiddleware.Invoke(HttpContext httpContext)
         at Swashbuckle.AspNetCore.Swagger.SwaggerMiddleware.Invoke(HttpContext httpContext, ISwaggerProvider swaggerProvider)
         at CompensationBenefits.API.Middleware.ExceptionHandlingMiddleware.InvokeAsync(HttpContext context) in e:\ERPMicroservice\src\Services\hrServicess\compensationbenefitsServices\src\CompensationBenefits.API\Middleware\ExceptionHandlingMiddleware.cs:line 13
info: CompensationBenefits.Application.Common.Behaviours.LoggingBehaviour[0]
      Handling CreateSalaryCommand: CreateSalaryCommand { SalaryId = 9001, SalaryType = C, SalaryCTC = 1200000, SalaryStructureId = 1, SalaryFooterId = 1, CreatedBy = 1 }
info: CompensationBenefits.Application.EventHandlers.SalaryCreatedDomainEventHandler[0]
      Salary 9001 created with CTC 1200000
info: CompensationBenefits.Application.Common.Behaviours.LoggingBehaviour[0]
      Handled CreateSalaryCommand
info: CompensationBenefits.Application.Common.Behaviours.LoggingBehaviour[0]
      Handling GetAllMediclainsQuery: GetAllMediclainsQuery { }
info: CompensationBenefits.Application.Common.Behaviours.LoggingBehaviour[0]
      Handled GetAllMediclainsQuery
info: CompensationBenefits.Application.Common.Behaviours.LoggingBehaviour[0]
      Handling CreateMediclaimCommand: CreateMediclaimCommand { MediclaimId = 3002, RefName = Religare Platinum 2026, Type = F, PaidBy = C, StartDate = 01-04-2026 00:00:00, CloseDate = 31-03-2027 00:00:00 }
info: CompensationBenefits.Application.EventHandlers.MediclaimUpdatedDomainEventHandler[0]
      Mediclaim 3002 updated: Religare Platinum 2026
info: CompensationBenefits.Application.Common.Behaviours.LoggingBehaviour[0]
      Handled CreateMediclaimCommand
info: CompensationBenefits.Application.Common.Behaviours.LoggingBehaviour[0]
      Handling GetMobileConnectionsByEmployeeQuery: GetMobileConnectionsByEmployeeQuery { EmpSysId = 501 }
info: CompensationBenefits.Application.Common.Behaviours.LoggingBehaviour[0]
      Handled GetMobileConnectionsByEmployeeQuery
info: CompensationBenefits.Application.Common.Behaviours.LoggingBehaviour[0]
      Handling CreateMobileConnectionCommand: CreateMobileConnectionCommand { ConnId = 5001, EmpSysId = 501, Type = C, PhoneNo = 9876543210, CalendarId = 1, CreatedBy = 1, EffDate = 01-04-2026 00:00:00 }
info: CompensationBenefits.Application.Common.Behaviours.LoggingBehaviour[0]
      Handled CreateMobileConnectionCommand
info: CompensationBenefits.Application.Common.Behaviours.LoggingBehaviour[0]
      Handling CreateMobileConnectionCommand: CreateMobileConnectionCommand { ConnId = 5001, EmpSysId = 501, Type = C, PhoneNo = 9876543210, CalendarId = 1, CreatedBy = 1, EffDate = 01-04-2026 00:00:00 }
fail: Microsoft.EntityFrameworkCore.Database.Command[20102]
      Failed executing DbCommand (1ms) [Parameters=[@p0='?' (DbType = Int64), @p1='?' (DbType = Int64), @p2='?' (DbType = Int64), @p3='?' (DbType = DateTime2), @p4='?' (DbType = Int64), @p5='?' (DbType = DateTime2), @p6='?' (DbType = DateTime2), @p7='?' (DbType = Int64), @p8='?' (DbType = Int64), @p9='?' (DbType = DateTime2), @p10='?' (DbType = Int64), @p11='?' (DbType = Int64), @p12='?' (Size = 500), @p13='?' (Size = 1)], CommandType='Text', CommandTimeout='0']
      SET IMPLICIT_TRANSACTIONS OFF;
      SET NOCOUNT ON;
      INSERT INTO [MOBILE_CONNECTION] ([CONN_ID], [CONN_CALENDARID], [CONN_CLOSEREQUESTNO], [CONN_CLSDATE], [CONN_CREATEDBY], [CONN_CREATEDON], [CONN_EFFDATE], [CONN_EMPSYSID], [CONN_MODIFIEDBY], [CONN_MODIFIEDON], [CONN_OPENREQUESTNO], [CONN_PHONENO], [CONN_REMARKS], [CONN_TYPE])
      VALUES (@p0, @p1, @p2, @p3, @p4, @p5, @p6, @p7, @p8, @p9, @p10, @p11, @p12, @p13);
fail: Microsoft.EntityFrameworkCore.Update[10000]
      An exception occurred in the database while saving changes for context type 'CompensationBenefits.Infrastructure.Persistence.CompensationBenefitsDbContext'.
      Microsoft.EntityFrameworkCore.DbUpdateException: An error occurred while saving the entity changes. See the inner exception for details.
       ---> Microsoft.Data.SqlClient.SqlException (0x80131904): Violation of PRIMARY KEY constraint 'PK_MOBILE_CONNECTION'. Cannot insert duplicate key in object 'dbo.MOBILE_CONNECTION'. The duplicate key value is (5001).
      The statement has been terminated.
         at Microsoft.Data.SqlClient.SqlCommand.<>c.<ExecuteDbDataReaderAsync>b__195_0(Task`1 result)
         at System.Threading.Tasks.ContinuationResultTaskFromResultTask`2.InnerInvoke()
         at System.Threading.ExecutionContext.RunInternal(ExecutionContext executionContext, ContextCallback callback, Object state)
      --- End of stack trace from previous location ---
         at System.Threading.ExecutionContext.RunInternal(ExecutionContext executionContext, ContextCallback callback, Object state)
         at System.Threading.Tasks.Task.ExecuteWithThreadLocal(Task& currentTaskSlot, Thread threadPoolThread)
      --- End of stack trace from previous location ---
         at Microsoft.EntityFrameworkCore.Storage.RelationalCommand.ExecuteReaderAsync(RelationalCommandParameterObject parameterObject, CancellationToken cancellationToken)
         at Microsoft.EntityFrameworkCore.Storage.RelationalCommand.ExecuteReaderAsync(RelationalCommandParameterObject parameterObject, CancellationToken cancellationToken)
         at Microsoft.EntityFrameworkCore.Update.ReaderModificationCommandBatch.ExecuteAsync(IRelationalConnection connection, CancellationToken cancellationToken)
      ClientConnectionId:2904b006-2ebc-4800-8094-ea6b4e9d56d6
      Error Number:2627,State:1,Class:14
         --- End of inner exception stack trace ---
         at Microsoft.EntityFrameworkCore.Update.ReaderModificationCommandBatch.ExecuteAsync(IRelationalConnection connection, CancellationToken cancellationToken)
         at Microsoft.EntityFrameworkCore.SqlServer.Update.Internal.SqlServerModificationCommandBatch.ExecuteAsync(IRelationalConnection connection, CancellationToken cancellationToken)
         at Microsoft.EntityFrameworkCore.Update.Internal.BatchExecutor.ExecuteAsync(IEnumerable`1 commandBatches, IRelationalConnection connection, CancellationToken cancellationToken)
         at Microsoft.EntityFrameworkCore.Update.Internal.BatchExecutor.ExecuteAsync(IEnumerable`1 commandBatches, IRelationalConnection connection, CancellationToken cancellationToken)
         at Microsoft.EntityFrameworkCore.Update.Internal.BatchExecutor.ExecuteAsync(IEnumerable`1 commandBatches, IRelationalConnection connection, CancellationToken cancellationToken)
         at Microsoft.EntityFrameworkCore.Storage.RelationalDatabase.SaveChangesAsync(IList`1 entries, CancellationToken cancellationToken)
         at Microsoft.EntityFrameworkCore.ChangeTracking.Internal.StateManager.SaveChangesAsync(IList`1 entriesToSave, CancellationToken cancellationToken)
         at Microsoft.EntityFrameworkCore.ChangeTracking.Internal.StateManager.SaveChangesAsync(StateManager stateManager, Boolean acceptAllChangesOnSuccess, CancellationToken cancellationToken)
         at Microsoft.EntityFrameworkCore.Storage.ExecutionStrategy.<>c__DisplayClass30_0`2.<<ExecuteAsync>b__0>d.MoveNext()
      --- End of stack trace from previous location ---
         at Microsoft.EntityFrameworkCore.Storage.ExecutionStrategy.ExecuteImplementationAsync[TState,TResult](Func`4 operation, Func`4 verifySucceeded, TState state, CancellationToken cancellationToken)
         at Microsoft.EntityFrameworkCore.Storage.ExecutionStrategy.ExecuteImplementationAsync[TState,TResult](Func`4 operation, Func`4 verifySucceeded, TState state, CancellationToken cancellationToken)
         at Microsoft.EntityFrameworkCore.Storage.ExecutionStrategy.ExecuteAsync[TState,TResult](TState state, Func`4 operation, Func`4 verifySucceeded, CancellationToken cancellationToken)
         at Microsoft.EntityFrameworkCore.DbContext.SaveChangesAsync(Boolean acceptAllChangesOnSuccess, CancellationToken cancellationToken)
      Microsoft.EntityFrameworkCore.DbUpdateException: An error occurred while saving the entity changes. See the inner exception for details.
       ---> Microsoft.Data.SqlClient.SqlException (0x80131904): Violation of PRIMARY KEY constraint 'PK_MOBILE_CONNECTION'. Cannot insert duplicate key in object 'dbo.MOBILE_CONNECTION'. The duplicate key value is (5001).
      The statement has been terminated.
         at Microsoft.Data.SqlClient.SqlCommand.<>c.<ExecuteDbDataReaderAsync>b__195_0(Task`1 result)
         at System.Threading.Tasks.ContinuationResultTaskFromResultTask`2.InnerInvoke()
         at System.Threading.ExecutionContext.RunInternal(ExecutionContext executionContext, ContextCallback callback, Object state)
      --- End of stack trace from previous location ---
         at System.Threading.ExecutionContext.RunInternal(ExecutionContext executionContext, ContextCallback callback, Object state)
         at System.Threading.Tasks.Task.ExecuteWithThreadLocal(Task& currentTaskSlot, Thread threadPoolThread)
      --- End of stack trace from previous location ---
         at Microsoft.EntityFrameworkCore.Storage.RelationalCommand.ExecuteReaderAsync(RelationalCommandParameterObject parameterObject, CancellationToken cancellationToken)
         at Microsoft.EntityFrameworkCore.Storage.RelationalCommand.ExecuteReaderAsync(RelationalCommandParameterObject parameterObject, CancellationToken cancellationToken)
         at Microsoft.EntityFrameworkCore.Update.ReaderModificationCommandBatch.ExecuteAsync(IRelationalConnection connection, CancellationToken cancellationToken)
      ClientConnectionId:2904b006-2ebc-4800-8094-ea6b4e9d56d6
      Error Number:2627,State:1,Class:14
         --- End of inner exception stack trace ---
         at Microsoft.EntityFrameworkCore.Update.ReaderModificationCommandBatch.ExecuteAsync(IRelationalConnection connection, CancellationToken cancellationToken)
         at Microsoft.EntityFrameworkCore.SqlServer.Update.Internal.SqlServerModificationCommandBatch.ExecuteAsync(IRelationalConnection connection, CancellationToken cancellationToken)
         at Microsoft.EntityFrameworkCore.Update.Internal.BatchExecutor.ExecuteAsync(IEnumerable`1 commandBatches, IRelationalConnection connection, CancellationToken cancellationToken)
         at Microsoft.EntityFrameworkCore.Update.Internal.BatchExecutor.ExecuteAsync(IEnumerable`1 commandBatches, IRelationalConnection connection, CancellationToken cancellationToken)
         at Microsoft.EntityFrameworkCore.Update.Internal.BatchExecutor.ExecuteAsync(IEnumerable`1 commandBatches, IRelationalConnection connection, CancellationToken cancellationToken)
         at Microsoft.EntityFrameworkCore.Storage.RelationalDatabase.SaveChangesAsync(IList`1 entries, CancellationToken cancellationToken)
         at Microsoft.EntityFrameworkCore.ChangeTracking.Internal.StateManager.SaveChangesAsync(IList`1 entriesToSave, CancellationToken cancellationToken)
         at Microsoft.EntityFrameworkCore.ChangeTracking.Internal.StateManager.SaveChangesAsync(StateManager stateManager, Boolean acceptAllChangesOnSuccess, CancellationToken cancellationToken)
         at Microsoft.EntityFrameworkCore.Storage.ExecutionStrategy.<>c__DisplayClass30_0`2.<<ExecuteAsync>b__0>d.MoveNext()
      --- End of stack trace from previous location ---
         at Microsoft.EntityFrameworkCore.Storage.ExecutionStrategy.ExecuteImplementationAsync[TState,TResult](Func`4 operation, Func`4 verifySucceeded, TState state, CancellationToken cancellationToken)
         at Microsoft.EntityFrameworkCore.Storage.ExecutionStrategy.ExecuteImplementationAsync[TState,TResult](Func`4 operation, Func`4 verifySucceeded, TState state, CancellationToken cancellationToken)
         at Microsoft.EntityFrameworkCore.Storage.ExecutionStrategy.ExecuteAsync[TState,TResult](TState state, Func`4 operation, Func`4 verifySucceeded, CancellationToken cancellationToken)
         at Microsoft.EntityFrameworkCore.DbContext.SaveChangesAsync(Boolean acceptAllChangesOnSuccess, CancellationToken cancellationToken)
fail: CompensationBenefits.API.Middleware.ExceptionHandlingMiddleware[0]
      Unhandled exception
      Microsoft.EntityFrameworkCore.DbUpdateException: An error occurred while saving the entity changes. See the inner exception for details.
       ---> Microsoft.Data.SqlClient.SqlException (0x80131904): Violation of PRIMARY KEY constraint 'PK_MOBILE_CONNECTION'. Cannot insert duplicate key in object 'dbo.MOBILE_CONNECTION'. The duplicate key value is (5001).
      The statement has been terminated.
         at Microsoft.Data.SqlClient.SqlCommand.<>c.<ExecuteDbDataReaderAsync>b__195_0(Task`1 result)
         at System.Threading.Tasks.ContinuationResultTaskFromResultTask`2.InnerInvoke()
         at System.Threading.ExecutionContext.RunInternal(ExecutionContext executionContext, ContextCallback callback, Object state)
      --- End of stack trace from previous location ---
         at System.Threading.ExecutionContext.RunInternal(ExecutionContext executionContext, ContextCallback callback, Object state)
         at System.Threading.Tasks.Task.ExecuteWithThreadLocal(Task& currentTaskSlot, Thread threadPoolThread)
      --- End of stack trace from previous location ---
         at Microsoft.EntityFrameworkCore.Storage.RelationalCommand.ExecuteReaderAsync(RelationalCommandParameterObject parameterObject, CancellationToken cancellationToken)
         at Microsoft.EntityFrameworkCore.Storage.RelationalCommand.ExecuteReaderAsync(RelationalCommandParameterObject parameterObject, CancellationToken cancellationToken)
         at Microsoft.EntityFrameworkCore.Update.ReaderModificationCommandBatch.ExecuteAsync(IRelationalConnection connection, CancellationToken cancellationToken)
      ClientConnectionId:2904b006-2ebc-4800-8094-ea6b4e9d56d6
      Error Number:2627,State:1,Class:14
         --- End of inner exception stack trace ---
         at Microsoft.EntityFrameworkCore.Update.ReaderModificationCommandBatch.ExecuteAsync(IRelationalConnection connection, CancellationToken cancellationToken)
         at Microsoft.EntityFrameworkCore.SqlServer.Update.Internal.SqlServerModificationCommandBatch.ExecuteAsync(IRelationalConnection connection, CancellationToken cancellationToken)
         at Microsoft.EntityFrameworkCore.Update.Internal.BatchExecutor.ExecuteAsync(IEnumerable`1 commandBatches, IRelationalConnection connection, CancellationToken cancellationToken)
         at Microsoft.EntityFrameworkCore.Update.Internal.BatchExecutor.ExecuteAsync(IEnumerable`1 commandBatches, IRelationalConnection connection, CancellationToken cancellationToken)
         at Microsoft.EntityFrameworkCore.Update.Internal.BatchExecutor.ExecuteAsync(IEnumerable`1 commandBatches, IRelationalConnection connection, CancellationToken cancellationToken)
         at Microsoft.EntityFrameworkCore.Storage.RelationalDatabase.SaveChangesAsync(IList`1 entries, CancellationToken cancellationToken)
         at Microsoft.EntityFrameworkCore.ChangeTracking.Internal.StateManager.SaveChangesAsync(IList`1 entriesToSave, CancellationToken cancellationToken)
         at Microsoft.EntityFrameworkCore.ChangeTracking.Internal.StateManager.SaveChangesAsync(StateManager stateManager, Boolean acceptAllChangesOnSuccess, CancellationToken cancellationToken)
         at Microsoft.EntityFrameworkCore.Storage.ExecutionStrategy.<>c__DisplayClass30_0`2.<<ExecuteAsync>b__0>d.MoveNext()
      --- End of stack trace from previous location ---
         at Microsoft.EntityFrameworkCore.Storage.ExecutionStrategy.ExecuteImplementationAsync[TState,TResult](Func`4 operation, Func`4 verifySucceeded, TState state, CancellationToken cancellationToken)
         at Microsoft.EntityFrameworkCore.Storage.ExecutionStrategy.ExecuteImplementationAsync[TState,TResult](Func`4 operation, Func`4 verifySucceeded, TState state, CancellationToken cancellationToken)
         at Microsoft.EntityFrameworkCore.Storage.ExecutionStrategy.ExecuteAsync[TState,TResult](TState state, Func`4 operation, Func`4 verifySucceeded, CancellationToken cancellationToken)
         at Microsoft.EntityFrameworkCore.DbContext.SaveChangesAsync(Boolean acceptAllChangesOnSuccess, CancellationToken cancellationToken)
         at Microsoft.EntityFrameworkCore.DbContext.SaveChangesAsync(Boolean acceptAllChangesOnSuccess, CancellationToken cancellationToken)
         at CompensationBenefits.Infrastructure.Persistence.CompensationBenefitsDbContext.SaveChangesAsync(CancellationToken ct) in e:\ERPMicroservice\src\Services\hrServicess\compensationbenefitsServices\src\CompensationBenefits.Infrastructure\Persistence\CompensationBenefitsDbContext.cs:line 52
         at CompensationBenefits.Infrastructure.Persistence.Repositories.RepositoryBase`1.SaveChangesAsync(CancellationToken ct) in e:\ERPMicroservice\src\Services\hrServicess\compensationbenefitsServices\src\CompensationBenefits.Infrastructure\Persistence\Repositories\RepositoryBase.cs:line 28
         at CompensationBenefits.Application.Features.MobileConnections.CreateMobileConnectionCommandHandler.Handle(CreateMobileConnectionCommand request, CancellationToken ct) in e:\ERPMicroservice\src\Services\hrServicess\compensationbenefitsServices\src\CompensationBenefits.Application\Features\MobileConnections\MobileConnectionFeatures.cs:line 49
         at CompensationBenefits.Application.Common.Behaviours.ValidationBehaviour`2.Handle(TRequest request, RequestHandlerDelegate`1 next, CancellationToken ct) in e:\ERPMicroservice\src\Services\hrServicess\compensationbenefitsServices\src\CompensationBenefits.Application\Common\Behaviours\ValidationBehaviour.cs:line 23
         at CompensationBenefits.Application.Common.Behaviours.PerformanceBehaviour`2.Handle(TRequest request, RequestHandlerDelegate`1 next, CancellationToken ct) in e:\ERPMicroservice\src\Services\hrServicess\compensationbenefitsServices\src\CompensationBenefits.Application\Common\Behaviours\LoggingBehaviour.cs:line 26
         at CompensationBenefits.Application.Common.Behaviours.LoggingBehaviour`2.Handle(TRequest request, RequestHandlerDelegate`1 next, CancellationToken ct) in e:\ERPMicroservice\src\Services\hrServicess\compensationbenefitsServices\src\CompensationBenefits.Application\Common\Behaviours\LoggingBehaviour.cs:line 14
         at CompensationBenefits.API.Controllers.MobileConnectionsController.Create(CreateMobileConnectionCommand command, CancellationToken ct) in e:\ERPMicroservice\src\Services\hrServicess\compensationbenefitsServices\src\CompensationBenefits.API\Controllers\MobileConnectionsController.cs:line 20
         at Microsoft.AspNetCore.Mvc.Infrastructure.ActionMethodExecutor.TaskOfIActionResultExecutor.Execute(ActionContext actionContext, IActionResultTypeMapper mapper, ObjectMethodExecutor executor, Object controller, Object[] arguments)
         at Microsoft.AspNetCore.Mvc.Infrastructure.ControllerActionInvoker.<InvokeActionMethodAsync>g__Awaited|12_0(ControllerActionInvoker invoker, ValueTask`1 actionResultValueTask)
         at Microsoft.AspNetCore.Mvc.Infrastructure.ControllerActionInvoker.<InvokeNextActionFilterAsync>g__Awaited|10_0(ControllerActionInvoker invoker, Task lastTask, State next, Scope scope, Object state, Boolean isCompleted)
         at Microsoft.AspNetCore.Mvc.Infrastructure.ControllerActionInvoker.Rethrow(ActionExecutedContextSealed context)
         at Microsoft.AspNetCore.Mvc.Infrastructure.ControllerActionInvoker.Next(State& next, Scope& scope, Object& state, Boolean& isCompleted)
         at Microsoft.AspNetCore.Mvc.Infrastructure.ControllerActionInvoker.<InvokeInnerFilterAsync>g__Awaited|13_0(ControllerActionInvoker invoker, Task lastTask, State next, Scope scope, Object state, Boolean isCompleted)
         at Microsoft.AspNetCore.Mvc.Infrastructure.ResourceInvoker.<InvokeFilterPipelineAsync>g__Awaited|20_0(ResourceInvoker invoker, Task lastTask, State next, Scope scope, Object state, Boolean isCompleted)
         at Microsoft.AspNetCore.Mvc.Infrastructure.ResourceInvoker.<InvokeAsync>g__Awaited|17_0(ResourceInvoker invoker, Task task, IDisposable scope)
         at Microsoft.AspNetCore.Mvc.Infrastructure.ResourceInvoker.<InvokeAsync>g__Awaited|17_0(ResourceInvoker invoker, Task task, IDisposable scope)
         at Microsoft.AspNetCore.Authorization.AuthorizationMiddleware.Invoke(HttpContext context)
         at Microsoft.AspNetCore.Authentication.AuthenticationMiddleware.Invoke(HttpContext context)
         at Swashbuckle.AspNetCore.SwaggerUI.SwaggerUIMiddleware.Invoke(HttpContext httpContext)
         at Swashbuckle.AspNetCore.Swagger.SwaggerMiddleware.Invoke(HttpContext httpContext, ISwaggerProvider swaggerProvider)
         at CompensationBenefits.API.Middleware.ExceptionHandlingMiddleware.InvokeAsync(HttpContext context) in e:\ERPMicroservice\src\Services\hrServicess\compensationbenefitsServices\src\CompensationBenefits.API\Middleware\ExceptionHandlingMiddleware.cs:line 13
info: CompensationBenefits.Application.Common.Behaviours.LoggingBehaviour[0]
      Handling CreateMobileConnectionCommand: CreateMobileConnectionCommand { ConnId = 5099, EmpSysId = 501, Type = C, PhoneNo = 9876543221, CalendarId = 1, CreatedBy = 1, EffDate = 01-04-2026 00:00:00 }
info: CompensationBenefits.Application.Common.Behaviours.LoggingBehaviour[0]
      Handled CreateMobileConnectionCommand
info: CompensationBenefits.Application.Common.Behaviours.LoggingBehaviour[0]
      Handling CancelSalaryCommand: CancelSalaryCommand { SalaryId = 9001, CancelledBy = 1 }
info: CompensationBenefits.Application.Common.Behaviours.LoggingBehaviour[0]
      Handled CancelSalaryCommand
info: CompensationBenefits.Application.Common.Behaviours.LoggingBehaviour[0]
      Handling GetAllSalariesQuery: GetAllSalariesQuery { }
info: CompensationBenefits.Application.Common.Behaviours.LoggingBehaviour[0]
      Handled GetAllSalariesQuery
info: CompensationBenefits.Application.Common.Behaviours.LoggingBehaviour[0]
      Handling GetAllSalaryStructuresQuery: GetAllSalaryStructuresQuery { }
info: CompensationBenefits.Application.Common.Behaviours.LoggingBehaviour[0]
      Handled GetAllSalaryStructuresQuery
info: CompensationBenefits.Application.Common.Behaviours.LoggingBehaviour[0]
      Handling CancelSalaryCommand: CancelSalaryCommand { SalaryId = 9001, CancelledBy = 1 }
info: CompensationBenefits.Application.Common.Behaviours.LoggingBehaviour[0]
      Handled CancelSalaryCommand
info: CompensationBenefits.Application.Common.Behaviours.LoggingBehaviour[0]
      Handling GetAllSalariesQuery: GetAllSalariesQuery { }
info: CompensationBenefits.Application.Common.Behaviours.LoggingBehaviour[0]
      Handled GetAllSalariesQuery
info: CompensationBenefits.Application.Common.Behaviours.LoggingBehaviour[0]
      Handling GetAllSalaryStructuresQuery: GetAllSalaryStructuresQuery { }
info: CompensationBenefits.Application.Common.Behaviours.LoggingBehaviour[0]
      Handled GetAllSalaryStructuresQuery
info: CompensationBenefits.Application.Common.Behaviours.LoggingBehaviour[0]
      Handling GetAllSalariesQuery: GetAllSalariesQuery { }
info: CompensationBenefits.Application.Common.Behaviours.LoggingBehaviour[0]
      Handled GetAllSalariesQuery
